2026-02-02 14:06:15.827 [background-preinit] INFO  o.h.validator.internal.util.Version [] - HV000001: Hibernate Validator 8.0.1.Final
2026-02-02 14:06:16.079 [main] INFO  c.b.c.d.DocumentManagementApplication [] - Starting DocumentManagementApplication using Java 21.0.10 with PID 12708 (C:\Workspace_IP\document-managment\bin\main started by suyogita.shivare in C:\Workspace_IP\document-managment)
2026-02-02 14:06:16.086 [main] INFO  c.b.c.d.DocumentManagementApplication [] - No active profile set, falling back to 1 default profile: "default"
2026-02-02 14:06:21.342 [main] INFO  o.s.d.r.c.RepositoryConfigurationDelegate [] - Bootstrapping Spring Data JDBC repositories in DEFAULT mode.
2026-02-02 14:06:21.418 [main] INFO  o.s.d.r.c.RepositoryConfigurationDelegate [] - Finished Spring Data repository scanning in 57 ms. Found 0 JDBC repository interfaces.
2026-02-02 14:06:23.026 [main] INFO  o.s.b.w.e.tomcat.TomcatWebServer [] - Tomcat initialized with port 8080 (http)
2026-02-02 14:06:23.063 [main] INFO  o.a.coyote.http11.Http11NioProtocol [] - Initializing ProtocolHandler ["http-nio-8080"]
2026-02-02 14:06:23.070 [main] INFO  o.a.catalina.core.StandardService [] - Starting service [Tomcat]
2026-02-02 14:06:23.071 [main] INFO  o.a.catalina.core.StandardEngine [] - Starting Servlet engine: [Apache Tomcat/10.1.25]
2026-02-02 14:06:23.315 [main] INFO  o.a.c.c.C.[Tomcat].[localhost].[/] [] - Initializing Spring embedded WebApplicationContext
2026-02-02 14:06:23.317 [main] INFO  o.s.b.w.s.c.ServletWebServerApplicationContext [] - Root WebApplicationContext: initialization completed in 6995 ms
2026-02-02 14:06:23.622 [main] INFO  com.zaxxer.hikari.HikariDataSource [] - HikariPool-1 - Starting...
2026-02-02 14:06:24.412 [main] INFO  com.zaxxer.hikari.pool.HikariPool [] - HikariPool-1 - Added connection conn0: url=jdbc:h2:mem:documentdb user=SSHIVARE
2026-02-02 14:06:24.420 [main] INFO  com.zaxxer.hikari.HikariDataSource [] - HikariPool-1 - Start completed.
2026-02-02 14:06:24.455 [main] INFO  o.s.b.a.h.H2ConsoleAutoConfiguration [] - H2 console available at '/h2-console'. Database available at 'jdbc:h2:mem:documentdb'
2026-02-02 14:06:25.645 [main] INFO  org.flywaydb.core.FlywayExecutor [] - Database: jdbc:h2:mem:documentdb (H2 2.2)
2026-02-02 14:06:25.679 [main] WARN  o.f.c.i.database.base.Database [] - Flyway upgrade recommended: H2 2.2.224 is newer than this version of Flyway and support has not been tested. The latest supported version of H2 is 2.2.220.
2026-02-02 14:06:25.757 [main] INFO  o.f.c.i.s.JdbcTableSchemaHistory [] - Schema history table "PUBLIC"."flyway_schema_history" does not exist yet
2026-02-02 14:06:25.770 [main] INFO  o.f.core.internal.command.DbValidate [] - Successfully validated 1 migration (execution time 00:00.055s)
2026-02-02 14:06:25.795 [main] INFO  o.f.c.i.s.JdbcTableSchemaHistory [] - Creating Schema History table "PUBLIC"."flyway_schema_history" ...
2026-02-02 14:06:25.908 [main] INFO  o.f.core.internal.command.DbMigrate [] - Current version of schema "PUBLIC": << Empty Schema >>
2026-02-02 14:06:25.928 [main] INFO  o.f.core.internal.command.DbMigrate [] - Migrating schema "PUBLIC" to version "1 - init"
2026-02-02 14:06:26.002 [main] INFO  o.f.core.internal.command.DbMigrate [] - Successfully applied 1 migration to schema "PUBLIC", now at version v1 (execution time 00:00.039s)
2026-02-02 14:06:26.798 [main] WARN  o.s.b.a.s.s.UserDetailsServiceAutoConfiguration [] - 

Using generated security password: 31877f52-1220-404b-9bdb-f584b66034e8

This generated password is for development use only. Your security configuration must be updated before running your application in production.

2026-02-02 14:06:26.926 [main] INFO  o.s.s.c.a.a.c.InitializeUserDetailsBeanManagerConfigurer$InitializeUserDetailsManagerConfigurer [] - Global AuthenticationManager configured with UserDetailsService bean with name inMemoryUserDetailsManager
2026-02-02 14:06:28.212 [main] INFO  o.s.b.a.e.web.EndpointLinksResolver [] - Exposing 1 endpoint beneath base path '/actuator'
2026-02-02 14:06:30.127 [main] INFO  o.a.coyote.http11.Http11NioProtocol [] - Starting ProtocolHandler ["http-nio-8080"]
2026-02-02 14:06:30.203 [main] INFO  o.s.b.w.e.tomcat.TomcatWebServer [] - Tomcat started on port 8080 (http) with context path '/'
2026-02-02 14:06:30.239 [main] INFO  c.b.c.d.DocumentManagementApplication [] - Started DocumentManagementApplication in 16.492 seconds (process running for 21.265)
2026-02-02 14:06:31.339 [RMI TCP Connection(4)-127.0.0.1] INFO  o.a.c.c.C.[Tomcat].[localhost].[/] [] - Initializing Spring DispatcherServlet 'dispatcherServlet'
2026-02-02 14:06:31.340 [RMI TCP Connection(4)-127.0.0.1] INFO  o.s.web.servlet.DispatcherServlet [] - Initializing Servlet 'dispatcherServlet'
2026-02-02 14:06:31.347 [RMI TCP Connection(4)-127.0.0.1] INFO  o.s.web.servlet.DispatcherServlet [] - Completed initialization in 5 ms
2026-02-02 14:13:08.373 [http-nio-8080-exec-6] INFO  o.s.api.AbstractOpenApiResource [8ba77e45-0602-400b-950c-29926856e222] - Init duration for springdoc-openapi is: 1442 ms
2026-02-02 14:24:40.757 [http-nio-8080-exec-7] INFO  c.b.c.d.c.DocumentController [91a66c20-8294-40e4-85d0-10c5c792f0a9] - Document upload API starts:  /documentUpload | userId=suyogita.shivare@accenture.com | filecount=1
2026-02-02 14:24:40.775 [http-nio-8080-exec-7] INFO  c.b.c.d.service.DocumentServiceImpl [91a66c20-8294-40e4-85d0-10c5c792f0a9] - Inside uploadFiles() 
2026-02-02 14:24:40.775 [http-nio-8080-exec-7] INFO  c.b.c.d.service.DocumentServiceImpl [91a66c20-8294-40e4-85d0-10c5c792f0a9] - Starting document upload 
2026-02-02 14:24:40.801 [http-nio-8080-exec-7] DEBUG o.s.jdbc.core.JdbcTemplate [91a66c20-8294-40e4-85d0-10c5c792f0a9] - Executing prepared SQL query
2026-02-02 14:24:40.801 [http-nio-8080-exec-7] DEBUG o.s.jdbc.core.JdbcTemplate [91a66c20-8294-40e4-85d0-10c5c792f0a9] - Executing prepared SQL statement [SELECT * FROM documents WHERE checksum= ?
]
2026-02-02 14:24:40.807 [http-nio-8080-exec-7] DEBUG o.s.jdbc.core.JdbcTemplate [91a66c20-8294-40e4-85d0-10c5c792f0a9] - Executing SQL update and returning generated keys
2026-02-02 14:24:40.807 [http-nio-8080-exec-7] DEBUG o.s.jdbc.core.JdbcTemplate [91a66c20-8294-40e4-85d0-10c5c792f0a9] - Executing prepared SQL statement [INSERT INTO documents(user_id,file_name,file_type,file_size,checksum,storage_path)
VALUES (?, ?, ?, ?, ?, ?)
]
2026-02-02 14:24:40.824 [http-nio-8080-exec-7] INFO  c.b.c.d.c.DocumentController [91a66c20-8294-40e4-85d0-10c5c792f0a9] - Upload API completed | userId=suyogita.shivare@accenture.com
2026-02-02 14:26:22.898 [http-nio-8080-exec-5] INFO  c.b.c.d.c.DocumentController [c4296e8d-f18b-4248-b1dc-d8ad9aa28aa2] - Document upload API starts:  /documentUpload | userId=suyogita.shivare@accenture.com | filecount=1
2026-02-02 14:26:22.901 [http-nio-8080-exec-5] INFO  c.b.c.d.service.DocumentServiceImpl [c4296e8d-f18b-4248-b1dc-d8ad9aa28aa2] - Inside uploadFiles() 
2026-02-02 14:26:22.901 [http-nio-8080-exec-5] INFO  c.b.c.d.service.DocumentServiceImpl [c4296e8d-f18b-4248-b1dc-d8ad9aa28aa2] - Starting document upload 
2026-02-02 14:26:22.905 [http-nio-8080-exec-5] DEBUG o.s.jdbc.core.JdbcTemplate [c4296e8d-f18b-4248-b1dc-d8ad9aa28aa2] - Executing prepared SQL query
2026-02-02 14:26:22.906 [http-nio-8080-exec-5] DEBUG o.s.jdbc.core.JdbcTemplate [c4296e8d-f18b-4248-b1dc-d8ad9aa28aa2] - Executing prepared SQL statement [SELECT * FROM documents WHERE checksum= ?
]
2026-02-02 14:26:22.913 [http-nio-8080-exec-5] DEBUG o.s.jdbc.core.JdbcTemplate [c4296e8d-f18b-4248-b1dc-d8ad9aa28aa2] - Executing SQL update and returning generated keys
2026-02-02 14:26:22.914 [http-nio-8080-exec-5] DEBUG o.s.jdbc.core.JdbcTemplate [c4296e8d-f18b-4248-b1dc-d8ad9aa28aa2] - Executing prepared SQL statement [INSERT INTO documents(user_id,file_name,file_type,file_size,checksum,storage_path)
VALUES (?, ?, ?, ?, ?, ?)
]
2026-02-02 14:26:22.916 [http-nio-8080-exec-5] INFO  c.b.c.d.c.DocumentController [c4296e8d-f18b-4248-b1dc-d8ad9aa28aa2] - Upload API completed | userId=suyogita.shivare@accenture.com
2026-02-02 14:28:08.549 [http-nio-8080-exec-1] INFO  c.b.c.d.c.DocumentController [492126ce-dcaf-4aa1-b05c-748c00f8098d] - Document upload API starts:  /documentUpload | userId=suyogita.shivare@accenture.com | filecount=1
2026-02-02 14:28:08.551 [http-nio-8080-exec-1] INFO  c.b.c.d.service.DocumentServiceImpl [492126ce-dcaf-4aa1-b05c-748c00f8098d] - Inside uploadFiles() 
2026-02-02 14:28:08.551 [http-nio-8080-exec-1] INFO  c.b.c.d.service.DocumentServiceImpl [492126ce-dcaf-4aa1-b05c-748c00f8098d] - Starting document upload 
2026-02-02 14:28:08.572 [http-nio-8080-exec-1] DEBUG o.s.jdbc.core.JdbcTemplate [492126ce-dcaf-4aa1-b05c-748c00f8098d] - Executing prepared SQL query
2026-02-02 14:28:08.572 [http-nio-8080-exec-1] DEBUG o.s.jdbc.core.JdbcTemplate [492126ce-dcaf-4aa1-b05c-748c00f8098d] - Executing prepared SQL statement [SELECT * FROM documents WHERE checksum= ?
]
2026-02-02 14:28:08.581 [http-nio-8080-exec-1] DEBUG o.s.jdbc.core.JdbcTemplate [492126ce-dcaf-4aa1-b05c-748c00f8098d] - Executing SQL update and returning generated keys
2026-02-02 14:28:08.581 [http-nio-8080-exec-1] DEBUG o.s.jdbc.core.JdbcTemplate [492126ce-dcaf-4aa1-b05c-748c00f8098d] - Executing prepared SQL statement [INSERT INTO documents(user_id,file_name,file_type,file_size,checksum,storage_path)
VALUES (?, ?, ?, ?, ?, ?)
]
2026-02-02 14:28:08.583 [http-nio-8080-exec-1] INFO  c.b.c.d.c.DocumentController [492126ce-dcaf-4aa1-b05c-748c00f8098d] - Upload API completed | userId=suyogita.shivare@accenture.com
2026-02-02 14:37:39.139 [RMI TCP Connection(37)-127.0.0.1] INFO  o.s.b.a.SpringApplicationAdminMXBeanRegistrar$SpringApplicationAdmin [] - Application shutdown requested.
2026-02-02 14:37:39.143 [RMI TCP Connection(37)-127.0.0.1] INFO  o.a.coyote.http11.Http11NioProtocol [] - Stopping ProtocolHandler ["http-nio-8080"]
2026-02-02 14:37:39.163 [RMI TCP Connection(37)-127.0.0.1] INFO  com.zaxxer.hikari.HikariDataSource [] - HikariPool-1 - Shutdown initiated...
2026-02-02 14:37:39.168 [RMI TCP Connection(37)-127.0.0.1] INFO  com.zaxxer.hikari.HikariDataSource [] - HikariPool-1 - Shutdown completed.
2026-02-02 14:51:22.938 [background-preinit] INFO  o.h.validator.internal.util.Version [] - HV000001: Hibernate Validator 8.0.1.Final
2026-02-02 14:51:22.997 [main] INFO  c.b.c.d.DocumentManagementApplication [] - Starting DocumentManagementApplication using Java 21.0.10 with PID 12392 (C:\Workspace_IP\document-managment\bin\main started by suyogita.shivare in C:\Workspace_IP\document-managment)
2026-02-02 14:51:22.998 [main] INFO  c.b.c.d.DocumentManagementApplication [] - No active profile set, falling back to 1 default profile: "default"
2026-02-02 14:51:24.528 [main] INFO  o.s.d.r.c.RepositoryConfigurationDelegate [] - Bootstrapping Spring Data JDBC repositories in DEFAULT mode.
2026-02-02 14:51:24.558 [main] INFO  o.s.d.r.c.RepositoryConfigurationDelegate [] - Finished Spring Data repository scanning in 24 ms. Found 0 JDBC repository interfaces.
2026-02-02 14:51:25.225 [main] INFO  o.s.b.w.e.tomcat.TomcatWebServer [] - Tomcat initialized with port 8080 (http)
2026-02-02 14:51:25.241 [main] INFO  o.a.coyote.http11.Http11NioProtocol [] - Initializing ProtocolHandler ["http-nio-8080"]
2026-02-02 14:51:25.244 [main] INFO  o.a.catalina.core.StandardService [] - Starting service [Tomcat]
2026-02-02 14:51:25.245 [main] INFO  o.a.catalina.core.StandardEngine [] - Starting Servlet engine: [Apache Tomcat/10.1.25]
2026-02-02 14:51:25.346 [main] INFO  o.a.c.c.C.[Tomcat].[localhost].[/] [] - Initializing Spring embedded WebApplicationContext
2026-02-02 14:51:25.347 [main] INFO  o.s.b.w.s.c.ServletWebServerApplicationContext [] - Root WebApplicationContext: initialization completed in 2277 ms
2026-02-02 14:51:25.461 [main] INFO  com.zaxxer.hikari.HikariDataSource [] - HikariPool-1 - Starting...
2026-02-02 14:51:25.802 [main] INFO  com.zaxxer.hikari.pool.HikariPool [] - HikariPool-1 - Added connection conn0: url=jdbc:h2:file:C:/Document_Management/h2/documentdb user=SA
2026-02-02 14:51:25.805 [main] INFO  com.zaxxer.hikari.HikariDataSource [] - HikariPool-1 - Start completed.
2026-02-02 14:51:25.822 [main] INFO  o.s.b.a.h.H2ConsoleAutoConfiguration [] - H2 console available at '/h2-console'. Database available at 'jdbc:h2:file:C:/Document_Management/h2/documentdb'
2026-02-02 14:51:26.188 [main] INFO  org.flywaydb.core.FlywayExecutor [] - Database: jdbc:h2:file:C:/Document_Management/h2/documentdb (H2 2.2)
2026-02-02 14:51:26.195 [main] WARN  o.f.c.i.database.base.Database [] - Flyway upgrade recommended: H2 2.2.224 is newer than this version of Flyway and support has not been tested. The latest supported version of H2 is 2.2.220.
2026-02-02 14:51:26.224 [main] INFO  o.f.c.i.s.JdbcTableSchemaHistory [] - Schema history table "PUBLIC"."flyway_schema_history" does not exist yet
2026-02-02 14:51:26.229 [main] INFO  o.f.core.internal.command.DbValidate [] - Successfully validated 1 migration (execution time 00:00.019s)
2026-02-02 14:51:26.240 [main] INFO  o.f.c.i.s.JdbcTableSchemaHistory [] - Creating Schema History table "PUBLIC"."flyway_schema_history" ...
2026-02-02 14:51:26.284 [main] INFO  o.f.core.internal.command.DbMigrate [] - Current version of schema "PUBLIC": << Empty Schema >>
2026-02-02 14:51:26.297 [main] INFO  o.f.core.internal.command.DbMigrate [] - Migrating schema "PUBLIC" to version "1 - init"
2026-02-02 14:51:26.332 [main] INFO  o.f.core.internal.command.DbMigrate [] - Successfully applied 1 migration to schema "PUBLIC", now at version v1 (execution time 00:00.021s)
2026-02-02 14:51:26.570 [main] WARN  o.s.b.a.s.s.UserDetailsServiceAutoConfiguration [] - 

Using generated security password: cff58644-8a47-4066-b9ec-86dc9f3ec139

This generated password is for development use only. Your security configuration must be updated before running your application in production.

2026-02-02 14:51:26.609 [main] INFO  o.s.s.c.a.a.c.InitializeUserDetailsBeanManagerConfigurer$InitializeUserDetailsManagerConfigurer [] - Global AuthenticationManager configured with UserDetailsService bean with name inMemoryUserDetailsManager
2026-02-02 14:51:27.018 [main] INFO  o.s.b.a.e.web.EndpointLinksResolver [] - Exposing 1 endpoint beneath base path '/actuator'
2026-02-02 14:51:27.715 [main] INFO  o.a.coyote.http11.Http11NioProtocol [] - Starting ProtocolHandler ["http-nio-8080"]
2026-02-02 14:51:27.750 [main] INFO  o.s.b.w.e.tomcat.TomcatWebServer [] - Tomcat started on port 8080 (http) with context path '/'
2026-02-02 14:51:27.766 [main] INFO  c.b.c.d.DocumentManagementApplication [] - Started DocumentManagementApplication in 5.426 seconds (process running for 6.876)
2026-02-02 14:51:28.251 [RMI TCP Connection(4)-127.0.0.1] INFO  o.a.c.c.C.[Tomcat].[localhost].[/] [] - Initializing Spring DispatcherServlet 'dispatcherServlet'
2026-02-02 14:51:28.251 [RMI TCP Connection(4)-127.0.0.1] INFO  o.s.web.servlet.DispatcherServlet [] - Initializing Servlet 'dispatcherServlet'
2026-02-02 14:51:28.253 [RMI TCP Connection(4)-127.0.0.1] INFO  o.s.web.servlet.DispatcherServlet [] - Completed initialization in 1 ms
2026-02-02 14:54:47.346 [http-nio-8080-exec-1] ERROR c.b.c.d.e.GlobalExceptionHandler [dd256d8b-cb3c-4ce6-9feb-d3cc587de365] - Unhandled exception
org.springframework.web.HttpRequestMethodNotSupportedException: Request method 'POST' is not supported
	at org.springframework.web.servlet.mvc.method.RequestMappingInfoHandlerMapping.handleNoMatch(RequestMappingInfoHandlerMapping.java:267)
	at org.springframework.web.servlet.handler.AbstractHandlerMethodMapping.lookupHandlerMethod(AbstractHandlerMethodMapping.java:441)
	at org.springframework.web.servlet.handler.AbstractHandlerMethodMapping.getHandlerInternal(AbstractHandlerMethodMapping.java:382)
	at org.springframework.web.servlet.mvc.method.RequestMappingInfoHandlerMapping.getHandlerInternal(RequestMappingInfoHandlerMapping.java:127)
	at org.springframework.web.servlet.mvc.method.RequestMappingInfoHandlerMapping.getHandlerInternal(RequestMappingInfoHandlerMapping.java:68)
	at org.springframework.web.servlet.handler.AbstractHandlerMapping.getHandler(AbstractHandlerMapping.java:507)
	at org.springframework.web.servlet.DispatcherServlet.getHandler(DispatcherServlet.java:1283)
	at org.springframework.web.servlet.DispatcherServlet.doDispatch(DispatcherServlet.java:1065)
	at org.springframework.web.servlet.DispatcherServlet.doService(DispatcherServlet.java:979)
	at org.springframework.web.servlet.FrameworkServlet.processRequest(FrameworkServlet.java:1014)
	at org.springframework.web.servlet.FrameworkServlet.doPost(FrameworkServlet.java:914)
	at jakarta.servlet.http.HttpServlet.service(HttpServlet.java:590)
	at org.springframework.web.servlet.FrameworkServlet.service(FrameworkServlet.java:885)
	at jakarta.servlet.http.HttpServlet.service(HttpServlet.java:658)
	at org.apache.catalina.core.ApplicationFilterChain.internalDoFilter(ApplicationFilterChain.java:195)
	at org.apache.catalina.core.ApplicationFilterChain.doFilter(ApplicationFilterChain.java:140)
	at org.apache.tomcat.websocket.server.WsFilter.doFilter(WsFilter.java:51)
	at org.apache.catalina.core.ApplicationFilterChain.internalDoFilter(ApplicationFilterChain.java:164)
	at org.apache.catalina.core.ApplicationFilterChain.doFilter(ApplicationFilterChain.java:140)
	at org.springframework.web.filter.OncePerRequestFilter.doFilter(OncePerRequestFilter.java:110)
	at org.apache.catalina.core.ApplicationFilterChain.internalDoFilter(ApplicationFilterChain.java:164)
	at org.apache.catalina.core.ApplicationFilterChain.doFilter(ApplicationFilterChain.java:140)
	at com.banking.creditjourney.document.security.CorrelationIdFilter.doFilterInternal(CorrelationIdFilter.java:31)
	at org.springframework.web.filter.OncePerRequestFilter.doFilter(OncePerRequestFilter.java:116)
	at org.apache.catalina.core.ApplicationFilterChain.internalDoFilter(ApplicationFilterChain.java:164)
	at org.apache.catalina.core.ApplicationFilterChain.doFilter(ApplicationFilterChain.java:140)
	at org.springframework.web.filter.CompositeFilter$VirtualFilterChain.doFilter(CompositeFilter.java:108)
	at org.springframework.security.web.FilterChainProxy.lambda$doFilterInternal$3(FilterChainProxy.java:231)
	at org.springframework.security.web.ObservationFilterChainDecorator$FilterObservation$SimpleFilterObservation.lambda$wrap$1(ObservationFilterChainDecorator.java:479)
	at org.springframework.security.web.ObservationFilterChainDecorator$AroundFilterObservation$SimpleAroundFilterObservation.lambda$wrap$1(ObservationFilterChainDecorator.java:340)
	at org.springframework.security.web.ObservationFilterChainDecorator.lambda$wrapSecured$0(ObservationFilterChainDecorator.java:82)
	at org.springframework.security.web.ObservationFilterChainDecorator$VirtualFilterChain.doFilter(ObservationFilterChainDecorator.java:128)
	at org.springframework.security.web.access.intercept.AuthorizationFilter.doFilter(AuthorizationFilter.java:100)
	at org.springframework.security.web.ObservationFilterChainDecorator$ObservationFilter.wrapFilter(ObservationFilterChainDecorator.java:240)
	at org.springframework.security.web.ObservationFilterChainDecorator$ObservationFilter.doFilter(ObservationFilterChainDecorator.java:227)
	at org.springframework.security.web.ObservationFilterChainDecorator$VirtualFilterChain.doFilter(ObservationFilterChainDecorator.java:137)
	at org.springframework.security.web.access.ExceptionTranslationFilter.doFilter(ExceptionTranslationFilter.java:126)
	at org.springframework.security.web.access.ExceptionTranslationFilter.doFilter(ExceptionTranslationFilter.java:120)
	at org.springframework.security.web.ObservationFilterChainDecorator$ObservationFilter.wrapFilter(ObservationFilterChainDecorator.java:240)
	at org.springframework.security.web.ObservationFilterChainDecorator$ObservationFilter.doFilter(ObservationFilterChainDecorator.java:227)
	at org.springframework.security.web.ObservationFilterChainDecorator$VirtualFilterChain.doFilter(ObservationFilterChainDecorator.java:137)
	at org.springframework.security.web.authentication.AnonymousAuthenticationFilter.doFilter(AnonymousAuthenticationFilter.java:100)
	at org.springframework.security.web.ObservationFilterChainDecorator$ObservationFilter.wrapFilter(ObservationFilterChainDecorator.java:240)
	at org.springframework.security.web.ObservationFilterChainDecorator$ObservationFilter.doFilter(ObservationFilterChainDecorator.java:227)
	at org.springframework.security.web.ObservationFilterChainDecorator$VirtualFilterChain.doFilter(ObservationFilterChainDecorator.java:137)
	at org.springframework.security.web.servletapi.SecurityContextHolderAwareRequestFilter.doFilter(SecurityContextHolderAwareRequestFilter.java:179)
	at org.springframework.security.web.ObservationFilterChainDecorator$ObservationFilter.wrapFilter(ObservationFilterChainDecorator.java:240)
	at org.springframework.security.web.ObservationFilterChainDecorator$ObservationFilter.doFilter(ObservationFilterChainDecorator.java:227)
	at org.springframework.security.web.ObservationFilterChainDecorator$VirtualFilterChain.doFilter(ObservationFilterChainDecorator.java:137)
	at org.springframework.security.web.savedrequest.RequestCacheAwareFilter.doFilter(RequestCacheAwareFilter.java:63)
	at org.springframework.security.web.ObservationFilterChainDecorator$ObservationFilter.wrapFilter(ObservationFilterChainDecorator.java:240)
	at org.springframework.security.web.ObservationFilterChainDecorator$ObservationFilter.doFilter(ObservationFilterChainDecorator.java:227)
	at org.springframework.security.web.ObservationFilterChainDecorator$VirtualFilterChain.doFilter(ObservationFilterChainDecorator.java:137)
	at org.springframework.security.web.authentication.www.BasicAuthenticationFilter.doFilterInternal(BasicAuthenticationFilter.java:181)
	at org.springframework.web.filter.OncePerRequestFilter.doFilter(OncePerRequestFilter.java:116)
	at org.springframework.security.web.ObservationFilterChainDecorator$ObservationFilter.wrapFilter(ObservationFilterChainDecorator.java:240)
	at org.springframework.security.web.ObservationFilterChainDecorator$ObservationFilter.doFilter(ObservationFilterChainDecorator.java:227)
	at org.springframework.security.web.ObservationFilterChainDecorator$VirtualFilterChain.doFilter(ObservationFilterChainDecorator.java:137)
	at com.banking.creditjourney.document.security.JwtAuthenticationFilter.doFilterInternal(JwtAuthenticationFilter.java:34)
	at org.springframework.web.filter.OncePerRequestFilter.doFilter(OncePerRequestFilter.java:116)
	at org.springframework.security.web.ObservationFilterChainDecorator$ObservationFilter.wrapFilter(ObservationFilterChainDecorator.java:240)
	at org.springframework.security.web.ObservationFilterChainDecorator$ObservationFilter.doFilter(ObservationFilterChainDecorator.java:227)
	at org.springframework.security.web.ObservationFilterChainDecorator$VirtualFilterChain.doFilter(ObservationFilterChainDecorator.java:137)
	at org.springframework.security.web.authentication.logout.LogoutFilter.doFilter(LogoutFilter.java:107)
	at org.springframework.security.web.authentication.logout.LogoutFilter.doFilter(LogoutFilter.java:93)
	at org.springframework.security.web.ObservationFilterChainDecorator$ObservationFilter.wrapFilter(ObservationFilterChainDecorator.java:240)
	at org.springframework.security.web.ObservationFilterChainDecorator$ObservationFilter.doFilter(ObservationFilterChainDecorator.java:227)
	at org.springframework.security.web.ObservationFilterChainDecorator$VirtualFilterChain.doFilter(ObservationFilterChainDecorator.java:137)
	at org.springframework.web.filter.CorsFilter.doFilterInternal(CorsFilter.java:91)
	at org.springframework.web.filter.OncePerRequestFilter.doFilter(OncePerRequestFilter.java:116)
	at org.springframework.security.web.ObservationFilterChainDecorator$ObservationFilter.wrapFilter(ObservationFilterChainDecorator.java:240)
	at org.springframework.security.web.ObservationFilterChainDecorator$ObservationFilter.doFilter(ObservationFilterChainDecorator.java:227)
	at org.springframework.security.web.ObservationFilterChainDecorator$VirtualFilterChain.doFilter(ObservationFilterChainDecorator.java:137)
	at org.springframework.security.web.header.HeaderWriterFilter.doHeadersAfter(HeaderWriterFilter.java:90)
	at org.springframework.security.web.header.HeaderWriterFilter.doFilterInternal(HeaderWriterFilter.java:75)
	at org.springframework.web.filter.OncePerRequestFilter.doFilter(OncePerRequestFilter.java:116)
	at org.springframework.security.web.ObservationFilterChainDecorator$ObservationFilter.wrapFilter(ObservationFilterChainDecorator.java:240)
	at org.springframework.security.web.ObservationFilterChainDecorator$ObservationFilter.doFilter(ObservationFilterChainDecorator.java:227)
	at org.springframework.security.web.ObservationFilterChainDecorator$VirtualFilterChain.doFilter(ObservationFilterChainDecorator.java:137)
	at org.springframework.security.web.context.SecurityContextHolderFilter.doFilter(SecurityContextHolderFilter.java:82)
	at org.springframework.security.web.context.SecurityContextHolderFilter.doFilter(SecurityContextHolderFilter.java:69)
	at org.springframework.security.web.ObservationFilterChainDecorator$ObservationFilter.wrapFilter(ObservationFilterChainDecorator.java:240)
	at org.springframework.security.web.ObservationFilterChainDecorator$ObservationFilter.doFilter(ObservationFilterChainDecorator.java:227)
	at org.springframework.security.web.ObservationFilterChainDecorator$VirtualFilterChain.doFilter(ObservationFilterChainDecorator.java:137)
	at org.springframework.security.web.context.request.async.WebAsyncManagerIntegrationFilter.doFilterInternal(WebAsyncManagerIntegrationFilter.java:62)
	at org.springframework.web.filter.OncePerRequestFilter.doFilter(OncePerRequestFilter.java:116)
	at org.springframework.security.web.ObservationFilterChainDecorator$ObservationFilter.wrapFilter(ObservationFilterChainDecorator.java:240)
	at org.springframework.security.web.ObservationFilterChainDecorator$ObservationFilter.doFilter(ObservationFilterChainDecorator.java:227)
	at org.springframework.security.web.ObservationFilterChainDecorator$VirtualFilterChain.doFilter(ObservationFilterChainDecorator.java:137)
	at org.springframework.security.web.session.DisableEncodeUrlFilter.doFilterInternal(DisableEncodeUrlFilter.java:42)
	at org.springframework.web.filter.OncePerRequestFilter.doFilter(OncePerRequestFilter.java:116)
	at org.springframework.security.web.ObservationFilterChainDecorator$ObservationFilter.wrapFilter(ObservationFilterChainDecorator.java:240)
	at org.springframework.security.web.ObservationFilterChainDecorator$AroundFilterObservation$SimpleAroundFilterObservation.lambda$wrap$0(ObservationFilterChainDecorator.java:323)
	at org.springframework.security.web.ObservationFilterChainDecorator$ObservationFilter.doFilter(ObservationFilterChainDecorator.java:224)
	at org.springframework.security.web.ObservationFilterChainDecorator$VirtualFilterChain.doFilter(ObservationFilterChainDecorator.java:137)
	at org.springframework.security.web.FilterChainProxy.doFilterInternal(FilterChainProxy.java:233)
	at org.springframework.security.web.FilterChainProxy.doFilter(FilterChainProxy.java:191)
	at org.springframework.web.filter.CompositeFilter$VirtualFilterChain.doFilter(CompositeFilter.java:113)
	at org.springframework.web.servlet.handler.HandlerMappingIntrospector.lambda$createCacheFilter$3(HandlerMappingIntrospector.java:195)
	at org.springframework.web.filter.CompositeFilter$VirtualFilterChain.doFilter(CompositeFilter.java:113)
	at org.springframework.web.filter.CompositeFilter.doFilter(CompositeFilter.java:74)
	at org.springframework.security.config.annotation.web.configuration.WebMvcSecurityConfiguration$CompositeFilterChainProxy.doFilter(WebMvcSecurityConfiguration.java:230)
	at org.springframework.web.filter.DelegatingFilterProxy.invokeDelegate(DelegatingFilterProxy.java:352)
	at org.springframework.web.filter.DelegatingFilterProxy.doFilter(DelegatingFilterProxy.java:268)
	at org.apache.catalina.core.ApplicationFilterChain.internalDoFilter(ApplicationFilterChain.java:164)
	at org.apache.catalina.core.ApplicationFilterChain.doFilter(ApplicationFilterChain.java:140)
	at org.springframework.web.filter.RequestContextFilter.doFilterInternal(RequestContextFilter.java:100)
	at org.springframework.web.filter.OncePerRequestFilter.doFilter(OncePerRequestFilter.java:116)
	at org.apache.catalina.core.ApplicationFilterChain.internalDoFilter(ApplicationFilterChain.java:164)
	at org.apache.catalina.core.ApplicationFilterChain.doFilter(ApplicationFilterChain.java:140)
	at org.springframework.web.filter.FormContentFilter.doFilterInternal(FormContentFilter.java:93)
	at org.springframework.web.filter.OncePerRequestFilter.doFilter(OncePerRequestFilter.java:116)
	at org.apache.catalina.core.ApplicationFilterChain.internalDoFilter(ApplicationFilterChain.java:164)
	at org.apache.catalina.core.ApplicationFilterChain.doFilter(ApplicationFilterChain.java:140)
	at org.springframework.web.filter.ServerHttpObservationFilter.doFilterInternal(ServerHttpObservationFilter.java:107)
	at org.springframework.web.filter.OncePerRequestFilter.doFilter(OncePerRequestFilter.java:116)
	at org.apache.catalina.core.ApplicationFilterChain.internalDoFilter(ApplicationFilterChain.java:164)
	at org.apache.catalina.core.ApplicationFilterChain.doFilter(ApplicationFilterChain.java:140)
	at org.springframework.web.filter.CharacterEncodingFilter.doFilterInternal(CharacterEncodingFilter.java:201)
	at org.springframework.web.filter.OncePerRequestFilter.doFilter(OncePerRequestFilter.java:116)
	at org.apache.catalina.core.ApplicationFilterChain.internalDoFilter(ApplicationFilterChain.java:164)
	at org.apache.catalina.core.ApplicationFilterChain.doFilter(ApplicationFilterChain.java:140)
	at org.apache.catalina.core.StandardWrapperValve.invoke(StandardWrapperValve.java:167)
	at org.apache.catalina.core.StandardContextValve.invoke(StandardContextValve.java:90)
	at org.apache.catalina.authenticator.AuthenticatorBase.invoke(AuthenticatorBase.java:482)
	at org.apache.catalina.core.StandardHostValve.invoke(StandardHostValve.java:115)
	at org.apache.catalina.valves.ErrorReportValve.invoke(ErrorReportValve.java:93)
	at org.apache.catalina.core.StandardEngineValve.invoke(StandardEngineValve.java:74)
	at org.apache.catalina.connector.CoyoteAdapter.service(CoyoteAdapter.java:344)
	at org.apache.coyote.http11.Http11Processor.service(Http11Processor.java:389)
	at org.apache.coyote.AbstractProcessorLight.process(AbstractProcessorLight.java:63)
	at org.apache.coyote.AbstractProtocol$ConnectionHandler.process(AbstractProtocol.java:904)
	at org.apache.tomcat.util.net.NioEndpoint$SocketProcessor.doRun(NioEndpoint.java:1741)
	at org.apache.tomcat.util.net.SocketProcessorBase.run(SocketProcessorBase.java:52)
	at org.apache.tomcat.util.threads.ThreadPoolExecutor.runWorker(ThreadPoolExecutor.java:1190)
	at org.apache.tomcat.util.threads.ThreadPoolExecutor$Worker.run(ThreadPoolExecutor.java:659)
	at org.apache.tomcat.util.threads.TaskThread$WrappingRunnable.run(TaskThread.java:63)
	at java.base/java.lang.Thread.run(Thread.java:1583)
2026-02-02 14:55:08.464 [http-nio-8080-exec-3] INFO  c.b.c.d.c.DocumentController [125500c7-fba7-42e8-8104-7ba1023d2b5c] - Document upload API starts:  /documentUpload | userId=suyogita.shivare@accenture.com | filecount=1
2026-02-02 14:55:08.497 [http-nio-8080-exec-3] INFO  c.b.c.d.service.DocumentServiceImpl [125500c7-fba7-42e8-8104-7ba1023d2b5c] - Inside uploadFiles() 
2026-02-02 14:55:08.497 [http-nio-8080-exec-3] INFO  c.b.c.d.service.DocumentServiceImpl [125500c7-fba7-42e8-8104-7ba1023d2b5c] - Starting document upload 
2026-02-02 14:55:08.538 [http-nio-8080-exec-3] DEBUG o.s.jdbc.core.JdbcTemplate [125500c7-fba7-42e8-8104-7ba1023d2b5c] - Executing prepared SQL query
2026-02-02 14:55:08.541 [http-nio-8080-exec-3] DEBUG o.s.jdbc.core.JdbcTemplate [125500c7-fba7-42e8-8104-7ba1023d2b5c] - Executing prepared SQL statement [SELECT * FROM documents WHERE checksum= ?
]
2026-02-02 14:55:08.559 [http-nio-8080-exec-3] DEBUG o.s.jdbc.core.JdbcTemplate [125500c7-fba7-42e8-8104-7ba1023d2b5c] - Executing SQL update and returning generated keys
2026-02-02 14:55:08.559 [http-nio-8080-exec-3] DEBUG o.s.jdbc.core.JdbcTemplate [125500c7-fba7-42e8-8104-7ba1023d2b5c] - Executing prepared SQL statement [INSERT INTO documents(user_id,file_name,file_type,file_size,checksum,storage_path)
VALUES (?, ?, ?, ?, ?, ?)
]
2026-02-02 14:55:08.578 [http-nio-8080-exec-3] INFO  c.b.c.d.c.DocumentController [125500c7-fba7-42e8-8104-7ba1023d2b5c] - Upload API completed | userId=suyogita.shivare@accenture.com
2026-02-02 14:57:55.856 [http-nio-8080-exec-6] ERROR c.b.c.d.e.GlobalExceptionHandler [cd89d9db-c23b-4ab0-ad04-a70d44610441] - Unhandled exception
org.springframework.web.HttpRequestMethodNotSupportedException: Request method 'POST' is not supported
	at org.springframework.web.servlet.mvc.method.RequestMappingInfoHandlerMapping.handleNoMatch(RequestMappingInfoHandlerMapping.java:267)
	at org.springframework.web.servlet.handler.AbstractHandlerMethodMapping.lookupHandlerMethod(AbstractHandlerMethodMapping.java:441)
	at org.springframework.web.servlet.handler.AbstractHandlerMethodMapping.getHandlerInternal(AbstractHandlerMethodMapping.java:382)
	at org.springframework.web.servlet.mvc.method.RequestMappingInfoHandlerMapping.getHandlerInternal(RequestMappingInfoHandlerMapping.java:127)
	at org.springframework.web.servlet.mvc.method.RequestMappingInfoHandlerMapping.getHandlerInternal(RequestMappingInfoHandlerMapping.java:68)
	at org.springframework.web.servlet.handler.AbstractHandlerMapping.getHandler(AbstractHandlerMapping.java:507)
	at org.springframework.web.servlet.DispatcherServlet.getHandler(DispatcherServlet.java:1283)
	at org.springframework.web.servlet.DispatcherServlet.doDispatch(DispatcherServlet.java:1065)
	at org.springframework.web.servlet.DispatcherServlet.doService(DispatcherServlet.java:979)
	at org.springframework.web.servlet.FrameworkServlet.processRequest(FrameworkServlet.java:1014)
	at org.springframework.web.servlet.FrameworkServlet.doPost(FrameworkServlet.java:914)
	at jakarta.servlet.http.HttpServlet.service(HttpServlet.java:590)
	at org.springframework.web.servlet.FrameworkServlet.service(FrameworkServlet.java:885)
	at jakarta.servlet.http.HttpServlet.service(HttpServlet.java:658)
	at org.apache.catalina.core.ApplicationFilterChain.internalDoFilter(ApplicationFilterChain.java:195)
	at org.apache.catalina.core.ApplicationFilterChain.doFilter(ApplicationFilterChain.java:140)
	at org.apache.tomcat.websocket.server.WsFilter.doFilter(WsFilter.java:51)
	at org.apache.catalina.core.ApplicationFilterChain.internalDoFilter(ApplicationFilterChain.java:164)
	at org.apache.catalina.core.ApplicationFilterChain.doFilter(ApplicationFilterChain.java:140)
	at org.springframework.web.filter.OncePerRequestFilter.doFilter(OncePerRequestFilter.java:110)
	at org.apache.catalina.core.ApplicationFilterChain.internalDoFilter(ApplicationFilterChain.java:164)
	at org.apache.catalina.core.ApplicationFilterChain.doFilter(ApplicationFilterChain.java:140)
	at com.banking.creditjourney.document.security.CorrelationIdFilter.doFilterInternal(CorrelationIdFilter.java:31)
	at org.springframework.web.filter.OncePerRequestFilter.doFilter(OncePerRequestFilter.java:116)
	at org.apache.catalina.core.ApplicationFilterChain.internalDoFilter(ApplicationFilterChain.java:164)
	at org.apache.catalina.core.ApplicationFilterChain.doFilter(ApplicationFilterChain.java:140)
	at org.springframework.web.filter.CompositeFilter$VirtualFilterChain.doFilter(CompositeFilter.java:108)
	at org.springframework.security.web.FilterChainProxy.lambda$doFilterInternal$3(FilterChainProxy.java:231)
	at org.springframework.security.web.ObservationFilterChainDecorator$FilterObservation$SimpleFilterObservation.lambda$wrap$1(ObservationFilterChainDecorator.java:479)
	at org.springframework.security.web.ObservationFilterChainDecorator$AroundFilterObservation$SimpleAroundFilterObservation.lambda$wrap$1(ObservationFilterChainDecorator.java:340)
	at org.springframework.security.web.ObservationFilterChainDecorator.lambda$wrapSecured$0(ObservationFilterChainDecorator.java:82)
	at org.springframework.security.web.ObservationFilterChainDecorator$VirtualFilterChain.doFilter(ObservationFilterChainDecorator.java:128)
	at org.springframework.security.web.access.intercept.AuthorizationFilter.doFilter(AuthorizationFilter.java:100)
	at org.springframework.security.web.ObservationFilterChainDecorator$ObservationFilter.wrapFilter(ObservationFilterChainDecorator.java:240)
	at org.springframework.security.web.ObservationFilterChainDecorator$ObservationFilter.doFilter(ObservationFilterChainDecorator.java:227)
	at org.springframework.security.web.ObservationFilterChainDecorator$VirtualFilterChain.doFilter(ObservationFilterChainDecorator.java:137)
	at org.springframework.security.web.access.ExceptionTranslationFilter.doFilter(ExceptionTranslationFilter.java:126)
	at org.springframework.security.web.access.ExceptionTranslationFilter.doFilter(ExceptionTranslationFilter.java:120)
	at org.springframework.security.web.ObservationFilterChainDecorator$ObservationFilter.wrapFilter(ObservationFilterChainDecorator.java:240)
	at org.springframework.security.web.ObservationFilterChainDecorator$ObservationFilter.doFilter(ObservationFilterChainDecorator.java:227)
	at org.springframework.security.web.ObservationFilterChainDecorator$VirtualFilterChain.doFilter(ObservationFilterChainDecorator.java:137)
	at org.springframework.security.web.authentication.AnonymousAuthenticationFilter.doFilter(AnonymousAuthenticationFilter.java:100)
	at org.springframework.security.web.ObservationFilterChainDecorator$ObservationFilter.wrapFilter(ObservationFilterChainDecorator.java:240)
	at org.springframework.security.web.ObservationFilterChainDecorator$ObservationFilter.doFilter(ObservationFilterChainDecorator.java:227)
	at org.springframework.security.web.ObservationFilterChainDecorator$VirtualFilterChain.doFilter(ObservationFilterChainDecorator.java:137)
	at org.springframework.security.web.servletapi.SecurityContextHolderAwareRequestFilter.doFilter(SecurityContextHolderAwareRequestFilter.java:179)
	at org.springframework.security.web.ObservationFilterChainDecorator$ObservationFilter.wrapFilter(ObservationFilterChainDecorator.java:240)
	at org.springframework.security.web.ObservationFilterChainDecorator$ObservationFilter.doFilter(ObservationFilterChainDecorator.java:227)
	at org.springframework.security.web.ObservationFilterChainDecorator$VirtualFilterChain.doFilter(ObservationFilterChainDecorator.java:137)
	at org.springframework.security.web.savedrequest.RequestCacheAwareFilter.doFilter(RequestCacheAwareFilter.java:63)
	at org.springframework.security.web.ObservationFilterChainDecorator$ObservationFilter.wrapFilter(ObservationFilterChainDecorator.java:240)
	at org.springframework.security.web.ObservationFilterChainDecorator$ObservationFilter.doFilter(ObservationFilterChainDecorator.java:227)
	at org.springframework.security.web.ObservationFilterChainDecorator$VirtualFilterChain.doFilter(ObservationFilterChainDecorator.java:137)
	at org.springframework.security.web.authentication.www.BasicAuthenticationFilter.doFilterInternal(BasicAuthenticationFilter.java:181)
	at org.springframework.web.filter.OncePerRequestFilter.doFilter(OncePerRequestFilter.java:116)
	at org.springframework.security.web.ObservationFilterChainDecorator$ObservationFilter.wrapFilter(ObservationFilterChainDecorator.java:240)
	at org.springframework.security.web.ObservationFilterChainDecorator$ObservationFilter.doFilter(ObservationFilterChainDecorator.java:227)
	at org.springframework.security.web.ObservationFilterChainDecorator$VirtualFilterChain.doFilter(ObservationFilterChainDecorator.java:137)
	at com.banking.creditjourney.document.security.JwtAuthenticationFilter.doFilterInternal(JwtAuthenticationFilter.java:34)
	at org.springframework.web.filter.OncePerRequestFilter.doFilter(OncePerRequestFilter.java:116)
	at org.springframework.security.web.ObservationFilterChainDecorator$ObservationFilter.wrapFilter(ObservationFilterChainDecorator.java:240)
	at org.springframework.security.web.ObservationFilterChainDecorator$ObservationFilter.doFilter(ObservationFilterChainDecorator.java:227)
	at org.springframework.security.web.ObservationFilterChainDecorator$VirtualFilterChain.doFilter(ObservationFilterChainDecorator.java:137)
	at org.springframework.security.web.authentication.logout.LogoutFilter.doFilter(LogoutFilter.java:107)
	at org.springframework.security.web.authentication.logout.LogoutFilter.doFilter(LogoutFilter.java:93)
	at org.springframework.security.web.ObservationFilterChainDecorator$ObservationFilter.wrapFilter(ObservationFilterChainDecorator.java:240)
	at org.springframework.security.web.ObservationFilterChainDecorator$ObservationFilter.doFilter(ObservationFilterChainDecorator.java:227)
	at org.springframework.security.web.ObservationFilterChainDecorator$VirtualFilterChain.doFilter(ObservationFilterChainDecorator.java:137)
	at org.springframework.web.filter.CorsFilter.doFilterInternal(CorsFilter.java:91)
	at org.springframework.web.filter.OncePerRequestFilter.doFilter(OncePerRequestFilter.java:116)
	at org.springframework.security.web.ObservationFilterChainDecorator$ObservationFilter.wrapFilter(ObservationFilterChainDecorator.java:240)
	at org.springframework.security.web.ObservationFilterChainDecorator$ObservationFilter.doFilter(ObservationFilterChainDecorator.java:227)
	at org.springframework.security.web.ObservationFilterChainDecorator$VirtualFilterChain.doFilter(ObservationFilterChainDecorator.java:137)
	at org.springframework.security.web.header.HeaderWriterFilter.doHeadersAfter(HeaderWriterFilter.java:90)
	at org.springframework.security.web.header.HeaderWriterFilter.doFilterInternal(HeaderWriterFilter.java:75)
	at org.springframework.web.filter.OncePerRequestFilter.doFilter(OncePerRequestFilter.java:116)
	at org.springframework.security.web.ObservationFilterChainDecorator$ObservationFilter.wrapFilter(ObservationFilterChainDecorator.java:240)
	at org.springframework.security.web.ObservationFilterChainDecorator$ObservationFilter.doFilter(ObservationFilterChainDecorator.java:227)
	at org.springframework.security.web.ObservationFilterChainDecorator$VirtualFilterChain.doFilter(ObservationFilterChainDecorator.java:137)
	at org.springframework.security.web.context.SecurityContextHolderFilter.doFilter(SecurityContextHolderFilter.java:82)
	at org.springframework.security.web.context.SecurityContextHolderFilter.doFilter(SecurityContextHolderFilter.java:69)
	at org.springframework.security.web.ObservationFilterChainDecorator$ObservationFilter.wrapFilter(ObservationFilterChainDecorator.java:240)
	at org.springframework.security.web.ObservationFilterChainDecorator$ObservationFilter.doFilter(ObservationFilterChainDecorator.java:227)
	at org.springframework.security.web.ObservationFilterChainDecorator$VirtualFilterChain.doFilter(ObservationFilterChainDecorator.java:137)
	at org.springframework.security.web.context.request.async.WebAsyncManagerIntegrationFilter.doFilterInternal(WebAsyncManagerIntegrationFilter.java:62)
	at org.springframework.web.filter.OncePerRequestFilter.doFilter(OncePerRequestFilter.java:116)
	at org.springframework.security.web.ObservationFilterChainDecorator$ObservationFilter.wrapFilter(ObservationFilterChainDecorator.java:240)
	at org.springframework.security.web.ObservationFilterChainDecorator$ObservationFilter.doFilter(ObservationFilterChainDecorator.java:227)
	at org.springframework.security.web.ObservationFilterChainDecorator$VirtualFilterChain.doFilter(ObservationFilterChainDecorator.java:137)
	at org.springframework.security.web.session.DisableEncodeUrlFilter.doFilterInternal(DisableEncodeUrlFilter.java:42)
	at org.springframework.web.filter.OncePerRequestFilter.doFilter(OncePerRequestFilter.java:116)
	at org.springframework.security.web.ObservationFilterChainDecorator$ObservationFilter.wrapFilter(ObservationFilterChainDecorator.java:240)
	at org.springframework.security.web.ObservationFilterChainDecorator$AroundFilterObservation$SimpleAroundFilterObservation.lambda$wrap$0(ObservationFilterChainDecorator.java:323)
	at org.springframework.security.web.ObservationFilterChainDecorator$ObservationFilter.doFilter(ObservationFilterChainDecorator.java:224)
	at org.springframework.security.web.ObservationFilterChainDecorator$VirtualFilterChain.doFilter(ObservationFilterChainDecorator.java:137)
	at org.springframework.security.web.FilterChainProxy.doFilterInternal(FilterChainProxy.java:233)
	at org.springframework.security.web.FilterChainProxy.doFilter(FilterChainProxy.java:191)
	at org.springframework.web.filter.CompositeFilter$VirtualFilterChain.doFilter(CompositeFilter.java:113)
	at org.springframework.web.servlet.handler.HandlerMappingIntrospector.lambda$createCacheFilter$3(HandlerMappingIntrospector.java:195)
	at org.springframework.web.filter.CompositeFilter$VirtualFilterChain.doFilter(CompositeFilter.java:113)
	at org.springframework.web.filter.CompositeFilter.doFilter(CompositeFilter.java:74)
	at org.springframework.security.config.annotation.web.configuration.WebMvcSecurityConfiguration$CompositeFilterChainProxy.doFilter(WebMvcSecurityConfiguration.java:230)
	at org.springframework.web.filter.DelegatingFilterProxy.invokeDelegate(DelegatingFilterProxy.java:352)
	at org.springframework.web.filter.DelegatingFilterProxy.doFilter(DelegatingFilterProxy.java:268)
	at org.apache.catalina.core.ApplicationFilterChain.internalDoFilter(ApplicationFilterChain.java:164)
	at org.apache.catalina.core.ApplicationFilterChain.doFilter(ApplicationFilterChain.java:140)
	at org.springframework.web.filter.RequestContextFilter.doFilterInternal(RequestContextFilter.java:100)
	at org.springframework.web.filter.OncePerRequestFilter.doFilter(OncePerRequestFilter.java:116)
	at org.apache.catalina.core.ApplicationFilterChain.internalDoFilter(ApplicationFilterChain.java:164)
	at org.apache.catalina.core.ApplicationFilterChain.doFilter(ApplicationFilterChain.java:140)
	at org.springframework.web.filter.FormContentFilter.doFilterInternal(FormContentFilter.java:93)
	at org.springframework.web.filter.OncePerRequestFilter.doFilter(OncePerRequestFilter.java:116)
	at org.apache.catalina.core.ApplicationFilterChain.internalDoFilter(ApplicationFilterChain.java:164)
	at org.apache.catalina.core.ApplicationFilterChain.doFilter(ApplicationFilterChain.java:140)
	at org.springframework.web.filter.ServerHttpObservationFilter.doFilterInternal(ServerHttpObservationFilter.java:107)
	at org.springframework.web.filter.OncePerRequestFilter.doFilter(OncePerRequestFilter.java:116)
	at org.apache.catalina.core.ApplicationFilterChain.internalDoFilter(ApplicationFilterChain.java:164)
	at org.apache.catalina.core.ApplicationFilterChain.doFilter(ApplicationFilterChain.java:140)
	at org.springframework.web.filter.CharacterEncodingFilter.doFilterInternal(CharacterEncodingFilter.java:201)
	at org.springframework.web.filter.OncePerRequestFilter.doFilter(OncePerRequestFilter.java:116)
	at org.apache.catalina.core.ApplicationFilterChain.internalDoFilter(ApplicationFilterChain.java:164)
	at org.apache.catalina.core.ApplicationFilterChain.doFilter(ApplicationFilterChain.java:140)
	at org.apache.catalina.core.StandardWrapperValve.invoke(StandardWrapperValve.java:167)
	at org.apache.catalina.core.StandardContextValve.invoke(StandardContextValve.java:90)
	at org.apache.catalina.authenticator.AuthenticatorBase.invoke(AuthenticatorBase.java:482)
	at org.apache.catalina.core.StandardHostValve.invoke(StandardHostValve.java:115)
	at org.apache.catalina.valves.ErrorReportValve.invoke(ErrorReportValve.java:93)
	at org.apache.catalina.core.StandardEngineValve.invoke(StandardEngineValve.java:74)
	at org.apache.catalina.connector.CoyoteAdapter.service(CoyoteAdapter.java:344)
	at org.apache.coyote.http11.Http11Processor.service(Http11Processor.java:389)
	at org.apache.coyote.AbstractProcessorLight.process(AbstractProcessorLight.java:63)
	at org.apache.coyote.AbstractProtocol$ConnectionHandler.process(AbstractProtocol.java:904)
	at org.apache.tomcat.util.net.NioEndpoint$SocketProcessor.doRun(NioEndpoint.java:1741)
	at org.apache.tomcat.util.net.SocketProcessorBase.run(SocketProcessorBase.java:52)
	at org.apache.tomcat.util.threads.ThreadPoolExecutor.runWorker(ThreadPoolExecutor.java:1190)
	at org.apache.tomcat.util.threads.ThreadPoolExecutor$Worker.run(ThreadPoolExecutor.java:659)
	at org.apache.tomcat.util.threads.TaskThread$WrappingRunnable.run(TaskThread.java:63)
	at java.base/java.lang.Thread.run(Thread.java:1583)
2026-02-02 14:58:08.649 [http-nio-8080-exec-7] ERROR c.b.c.d.e.GlobalExceptionHandler [0be01a12-d4e7-4867-a2ef-834caf07e7b3] - Unhandled exception
org.springframework.web.HttpRequestMethodNotSupportedException: Request method 'POST' is not supported
	at org.springframework.web.servlet.mvc.method.RequestMappingInfoHandlerMapping.handleNoMatch(RequestMappingInfoHandlerMapping.java:267)
	at org.springframework.web.servlet.handler.AbstractHandlerMethodMapping.lookupHandlerMethod(AbstractHandlerMethodMapping.java:441)
	at org.springframework.web.servlet.handler.AbstractHandlerMethodMapping.getHandlerInternal(AbstractHandlerMethodMapping.java:382)
	at org.springframework.web.servlet.mvc.method.RequestMappingInfoHandlerMapping.getHandlerInternal(RequestMappingInfoHandlerMapping.java:127)
	at org.springframework.web.servlet.mvc.method.RequestMappingInfoHandlerMapping.getHandlerInternal(RequestMappingInfoHandlerMapping.java:68)
	at org.springframework.web.servlet.handler.AbstractHandlerMapping.getHandler(AbstractHandlerMapping.java:507)
	at org.springframework.web.servlet.DispatcherServlet.getHandler(DispatcherServlet.java:1283)
	at org.springframework.web.servlet.DispatcherServlet.doDispatch(DispatcherServlet.java:1065)
	at org.springframework.web.servlet.DispatcherServlet.doService(DispatcherServlet.java:979)
	at org.springframework.web.servlet.FrameworkServlet.processRequest(FrameworkServlet.java:1014)
	at org.springframework.web.servlet.FrameworkServlet.doPost(FrameworkServlet.java:914)
	at jakarta.servlet.http.HttpServlet.service(HttpServlet.java:590)
	at org.springframework.web.servlet.FrameworkServlet.service(FrameworkServlet.java:885)
	at jakarta.servlet.http.HttpServlet.service(HttpServlet.java:658)
	at org.apache.catalina.core.ApplicationFilterChain.internalDoFilter(ApplicationFilterChain.java:195)
	at org.apache.catalina.core.ApplicationFilterChain.doFilter(ApplicationFilterChain.java:140)
	at org.apache.tomcat.websocket.server.WsFilter.doFilter(WsFilter.java:51)
	at org.apache.catalina.core.ApplicationFilterChain.internalDoFilter(ApplicationFilterChain.java:164)
	at org.apache.catalina.core.ApplicationFilterChain.doFilter(ApplicationFilterChain.java:140)
	at org.springframework.web.filter.OncePerRequestFilter.doFilter(OncePerRequestFilter.java:110)
	at org.apache.catalina.core.ApplicationFilterChain.internalDoFilter(ApplicationFilterChain.java:164)
	at org.apache.catalina.core.ApplicationFilterChain.doFilter(ApplicationFilterChain.java:140)
	at com.banking.creditjourney.document.security.CorrelationIdFilter.doFilterInternal(CorrelationIdFilter.java:31)
	at org.springframework.web.filter.OncePerRequestFilter.doFilter(OncePerRequestFilter.java:116)
	at org.apache.catalina.core.ApplicationFilterChain.internalDoFilter(ApplicationFilterChain.java:164)
	at org.apache.catalina.core.ApplicationFilterChain.doFilter(ApplicationFilterChain.java:140)
	at org.springframework.web.filter.CompositeFilter$VirtualFilterChain.doFilter(CompositeFilter.java:108)
	at org.springframework.security.web.FilterChainProxy.lambda$doFilterInternal$3(FilterChainProxy.java:231)
	at org.springframework.security.web.ObservationFilterChainDecorator$FilterObservation$SimpleFilterObservation.lambda$wrap$1(ObservationFilterChainDecorator.java:479)
	at org.springframework.security.web.ObservationFilterChainDecorator$AroundFilterObservation$SimpleAroundFilterObservation.lambda$wrap$1(ObservationFilterChainDecorator.java:340)
	at org.springframework.security.web.ObservationFilterChainDecorator.lambda$wrapSecured$0(ObservationFilterChainDecorator.java:82)
	at org.springframework.security.web.ObservationFilterChainDecorator$VirtualFilterChain.doFilter(ObservationFilterChainDecorator.java:128)
	at org.springframework.security.web.access.intercept.AuthorizationFilter.doFilter(AuthorizationFilter.java:100)
	at org.springframework.security.web.ObservationFilterChainDecorator$ObservationFilter.wrapFilter(ObservationFilterChainDecorator.java:240)
	at org.springframework.security.web.ObservationFilterChainDecorator$ObservationFilter.doFilter(ObservationFilterChainDecorator.java:227)
	at org.springframework.security.web.ObservationFilterChainDecorator$VirtualFilterChain.doFilter(ObservationFilterChainDecorator.java:137)
	at org.springframework.security.web.access.ExceptionTranslationFilter.doFilter(ExceptionTranslationFilter.java:126)
	at org.springframework.security.web.access.ExceptionTranslationFilter.doFilter(ExceptionTranslationFilter.java:120)
	at org.springframework.security.web.ObservationFilterChainDecorator$ObservationFilter.wrapFilter(ObservationFilterChainDecorator.java:240)
	at org.springframework.security.web.ObservationFilterChainDecorator$ObservationFilter.doFilter(ObservationFilterChainDecorator.java:227)
	at org.springframework.security.web.ObservationFilterChainDecorator$VirtualFilterChain.doFilter(ObservationFilterChainDecorator.java:137)
	at org.springframework.security.web.authentication.AnonymousAuthenticationFilter.doFilter(AnonymousAuthenticationFilter.java:100)
	at org.springframework.security.web.ObservationFilterChainDecorator$ObservationFilter.wrapFilter(ObservationFilterChainDecorator.java:240)
	at org.springframework.security.web.ObservationFilterChainDecorator$ObservationFilter.doFilter(ObservationFilterChainDecorator.java:227)
	at org.springframework.security.web.ObservationFilterChainDecorator$VirtualFilterChain.doFilter(ObservationFilterChainDecorator.java:137)
	at org.springframework.security.web.servletapi.SecurityContextHolderAwareRequestFilter.doFilter(SecurityContextHolderAwareRequestFilter.java:179)
	at org.springframework.security.web.ObservationFilterChainDecorator$ObservationFilter.wrapFilter(ObservationFilterChainDecorator.java:240)
	at org.springframework.security.web.ObservationFilterChainDecorator$ObservationFilter.doFilter(ObservationFilterChainDecorator.java:227)
	at org.springframework.security.web.ObservationFilterChainDecorator$VirtualFilterChain.doFilter(ObservationFilterChainDecorator.java:137)
	at org.springframework.security.web.savedrequest.RequestCacheAwareFilter.doFilter(RequestCacheAwareFilter.java:63)
	at org.springframework.security.web.ObservationFilterChainDecorator$ObservationFilter.wrapFilter(ObservationFilterChainDecorator.java:240)
	at org.springframework.security.web.ObservationFilterChainDecorator$ObservationFilter.doFilter(ObservationFilterChainDecorator.java:227)
	at org.springframework.security.web.ObservationFilterChainDecorator$VirtualFilterChain.doFilter(ObservationFilterChainDecorator.java:137)
	at org.springframework.security.web.authentication.www.BasicAuthenticationFilter.doFilterInternal(BasicAuthenticationFilter.java:181)
	at org.springframework.web.filter.OncePerRequestFilter.doFilter(OncePerRequestFilter.java:116)
	at org.springframework.security.web.ObservationFilterChainDecorator$ObservationFilter.wrapFilter(ObservationFilterChainDecorator.java:240)
	at org.springframework.security.web.ObservationFilterChainDecorator$ObservationFilter.doFilter(ObservationFilterChainDecorator.java:227)
	at org.springframework.security.web.ObservationFilterChainDecorator$VirtualFilterChain.doFilter(ObservationFilterChainDecorator.java:137)
	at com.banking.creditjourney.document.security.JwtAuthenticationFilter.doFilterInternal(JwtAuthenticationFilter.java:34)
	at org.springframework.web.filter.OncePerRequestFilter.doFilter(OncePerRequestFilter.java:116)
	at org.springframework.security.web.ObservationFilterChainDecorator$ObservationFilter.wrapFilter(ObservationFilterChainDecorator.java:240)
	at org.springframework.security.web.ObservationFilterChainDecorator$ObservationFilter.doFilter(ObservationFilterChainDecorator.java:227)
	at org.springframework.security.web.ObservationFilterChainDecorator$VirtualFilterChain.doFilter(ObservationFilterChainDecorator.java:137)
	at org.springframework.security.web.authentication.logout.LogoutFilter.doFilter(LogoutFilter.java:107)
	at org.springframework.security.web.authentication.logout.LogoutFilter.doFilter(LogoutFilter.java:93)
	at org.springframework.security.web.ObservationFilterChainDecorator$ObservationFilter.wrapFilter(ObservationFilterChainDecorator.java:240)
	at org.springframework.security.web.ObservationFilterChainDecorator$ObservationFilter.doFilter(ObservationFilterChainDecorator.java:227)
	at org.springframework.security.web.ObservationFilterChainDecorator$VirtualFilterChain.doFilter(ObservationFilterChainDecorator.java:137)
	at org.springframework.web.filter.CorsFilter.doFilterInternal(CorsFilter.java:91)
	at org.springframework.web.filter.OncePerRequestFilter.doFilter(OncePerRequestFilter.java:116)
	at org.springframework.security.web.ObservationFilterChainDecorator$ObservationFilter.wrapFilter(ObservationFilterChainDecorator.java:240)
	at org.springframework.security.web.ObservationFilterChainDecorator$ObservationFilter.doFilter(ObservationFilterChainDecorator.java:227)
	at org.springframework.security.web.ObservationFilterChainDecorator$VirtualFilterChain.doFilter(ObservationFilterChainDecorator.java:137)
	at org.springframework.security.web.header.HeaderWriterFilter.doHeadersAfter(HeaderWriterFilter.java:90)
	at org.springframework.security.web.header.HeaderWriterFilter.doFilterInternal(HeaderWriterFilter.java:75)
	at org.springframework.web.filter.OncePerRequestFilter.doFilter(OncePerRequestFilter.java:116)
	at org.springframework.security.web.ObservationFilterChainDecorator$ObservationFilter.wrapFilter(ObservationFilterChainDecorator.java:240)
	at org.springframework.security.web.ObservationFilterChainDecorator$ObservationFilter.doFilter(ObservationFilterChainDecorator.java:227)
	at org.springframework.security.web.ObservationFilterChainDecorator$VirtualFilterChain.doFilter(ObservationFilterChainDecorator.java:137)
	at org.springframework.security.web.context.SecurityContextHolderFilter.doFilter(SecurityContextHolderFilter.java:82)
	at org.springframework.security.web.context.SecurityContextHolderFilter.doFilter(SecurityContextHolderFilter.java:69)
	at org.springframework.security.web.ObservationFilterChainDecorator$ObservationFilter.wrapFilter(ObservationFilterChainDecorator.java:240)
	at org.springframework.security.web.ObservationFilterChainDecorator$ObservationFilter.doFilter(ObservationFilterChainDecorator.java:227)
	at org.springframework.security.web.ObservationFilterChainDecorator$VirtualFilterChain.doFilter(ObservationFilterChainDecorator.java:137)
	at org.springframework.security.web.context.request.async.WebAsyncManagerIntegrationFilter.doFilterInternal(WebAsyncManagerIntegrationFilter.java:62)
	at org.springframework.web.filter.OncePerRequestFilter.doFilter(OncePerRequestFilter.java:116)
	at org.springframework.security.web.ObservationFilterChainDecorator$ObservationFilter.wrapFilter(ObservationFilterChainDecorator.java:240)
	at org.springframework.security.web.ObservationFilterChainDecorator$ObservationFilter.doFilter(ObservationFilterChainDecorator.java:227)
	at org.springframework.security.web.ObservationFilterChainDecorator$VirtualFilterChain.doFilter(ObservationFilterChainDecorator.java:137)
	at org.springframework.security.web.session.DisableEncodeUrlFilter.doFilterInternal(DisableEncodeUrlFilter.java:42)
	at org.springframework.web.filter.OncePerRequestFilter.doFilter(OncePerRequestFilter.java:116)
	at org.springframework.security.web.ObservationFilterChainDecorator$ObservationFilter.wrapFilter(ObservationFilterChainDecorator.java:240)
	at org.springframework.security.web.ObservationFilterChainDecorator$AroundFilterObservation$SimpleAroundFilterObservation.lambda$wrap$0(ObservationFilterChainDecorator.java:323)
	at org.springframework.security.web.ObservationFilterChainDecorator$ObservationFilter.doFilter(ObservationFilterChainDecorator.java:224)
	at org.springframework.security.web.ObservationFilterChainDecorator$VirtualFilterChain.doFilter(ObservationFilterChainDecorator.java:137)
	at org.springframework.security.web.FilterChainProxy.doFilterInternal(FilterChainProxy.java:233)
	at org.springframework.security.web.FilterChainProxy.doFilter(FilterChainProxy.java:191)
	at org.springframework.web.filter.CompositeFilter$VirtualFilterChain.doFilter(CompositeFilter.java:113)
	at org.springframework.web.servlet.handler.HandlerMappingIntrospector.lambda$createCacheFilter$3(HandlerMappingIntrospector.java:195)
	at org.springframework.web.filter.CompositeFilter$VirtualFilterChain.doFilter(CompositeFilter.java:113)
	at org.springframework.web.filter.CompositeFilter.doFilter(CompositeFilter.java:74)
	at org.springframework.security.config.annotation.web.configuration.WebMvcSecurityConfiguration$CompositeFilterChainProxy.doFilter(WebMvcSecurityConfiguration.java:230)
	at org.springframework.web.filter.DelegatingFilterProxy.invokeDelegate(DelegatingFilterProxy.java:352)
	at org.springframework.web.filter.DelegatingFilterProxy.doFilter(DelegatingFilterProxy.java:268)
	at org.apache.catalina.core.ApplicationFilterChain.internalDoFilter(ApplicationFilterChain.java:164)
	at org.apache.catalina.core.ApplicationFilterChain.doFilter(ApplicationFilterChain.java:140)
	at org.springframework.web.filter.RequestContextFilter.doFilterInternal(RequestContextFilter.java:100)
	at org.springframework.web.filter.OncePerRequestFilter.doFilter(OncePerRequestFilter.java:116)
	at org.apache.catalina.core.ApplicationFilterChain.internalDoFilter(ApplicationFilterChain.java:164)
	at org.apache.catalina.core.ApplicationFilterChain.doFilter(ApplicationFilterChain.java:140)
	at org.springframework.web.filter.FormContentFilter.doFilterInternal(FormContentFilter.java:93)
	at org.springframework.web.filter.OncePerRequestFilter.doFilter(OncePerRequestFilter.java:116)
	at org.apache.catalina.core.ApplicationFilterChain.internalDoFilter(ApplicationFilterChain.java:164)
	at org.apache.catalina.core.ApplicationFilterChain.doFilter(ApplicationFilterChain.java:140)
	at org.springframework.web.filter.ServerHttpObservationFilter.doFilterInternal(ServerHttpObservationFilter.java:107)
	at org.springframework.web.filter.OncePerRequestFilter.doFilter(OncePerRequestFilter.java:116)
	at org.apache.catalina.core.ApplicationFilterChain.internalDoFilter(ApplicationFilterChain.java:164)
	at org.apache.catalina.core.ApplicationFilterChain.doFilter(ApplicationFilterChain.java:140)
	at org.springframework.web.filter.CharacterEncodingFilter.doFilterInternal(CharacterEncodingFilter.java:201)
	at org.springframework.web.filter.OncePerRequestFilter.doFilter(OncePerRequestFilter.java:116)
	at org.apache.catalina.core.ApplicationFilterChain.internalDoFilter(ApplicationFilterChain.java:164)
	at org.apache.catalina.core.ApplicationFilterChain.doFilter(ApplicationFilterChain.java:140)
	at org.apache.catalina.core.StandardWrapperValve.invoke(StandardWrapperValve.java:167)
	at org.apache.catalina.core.StandardContextValve.invoke(StandardContextValve.java:90)
	at org.apache.catalina.authenticator.AuthenticatorBase.invoke(AuthenticatorBase.java:482)
	at org.apache.catalina.core.StandardHostValve.invoke(StandardHostValve.java:115)
	at org.apache.catalina.valves.ErrorReportValve.invoke(ErrorReportValve.java:93)
	at org.apache.catalina.core.StandardEngineValve.invoke(StandardEngineValve.java:74)
	at org.apache.catalina.connector.CoyoteAdapter.service(CoyoteAdapter.java:344)
	at org.apache.coyote.http11.Http11Processor.service(Http11Processor.java:389)
	at org.apache.coyote.AbstractProcessorLight.process(AbstractProcessorLight.java:63)
	at org.apache.coyote.AbstractProtocol$ConnectionHandler.process(AbstractProtocol.java:904)
	at org.apache.tomcat.util.net.NioEndpoint$SocketProcessor.doRun(NioEndpoint.java:1741)
	at org.apache.tomcat.util.net.SocketProcessorBase.run(SocketProcessorBase.java:52)
	at org.apache.tomcat.util.threads.ThreadPoolExecutor.runWorker(ThreadPoolExecutor.java:1190)
	at org.apache.tomcat.util.threads.ThreadPoolExecutor$Worker.run(ThreadPoolExecutor.java:659)
	at org.apache.tomcat.util.threads.TaskThread$WrappingRunnable.run(TaskThread.java:63)
	at java.base/java.lang.Thread.run(Thread.java:1583)
2026-02-02 14:58:26.178 [http-nio-8080-exec-1] INFO  c.b.c.d.c.DocumentController [c131ca99-34bf-4eac-a1b5-bd574e195ded] - Document delete API starts:  /documentsDelete | requestDeleteDocumentRequest(documentIds=[1], deleteType=SOFT, reason=Not needed further) | userIdsuyogita.shivare@accenture.com
2026-02-02 14:58:26.191 [http-nio-8080-exec-1] DEBUG o.s.jdbc.core.JdbcTemplate [c131ca99-34bf-4eac-a1b5-bd574e195ded] - Executing prepared SQL query
2026-02-02 14:58:26.192 [http-nio-8080-exec-1] DEBUG o.s.jdbc.core.JdbcTemplate [c131ca99-34bf-4eac-a1b5-bd574e195ded] - Executing prepared SQL statement [SELECT * FROM documents
WHERE documentid IN (?)
AND user_id = ?
AND is_deleted = FALSE
]
2026-02-02 14:58:26.201 [http-nio-8080-exec-1] DEBUG o.s.jdbc.core.BeanPropertyRowMapper [c131ca99-34bf-4eac-a1b5-bd574e195ded] - Mapping column 'DOCUMENTID' to property 'documentId' of type 'java.lang.Long'
2026-02-02 14:58:26.203 [http-nio-8080-exec-1] DEBUG o.s.jdbc.core.BeanPropertyRowMapper [c131ca99-34bf-4eac-a1b5-bd574e195ded] - Mapping column 'USER_ID' to property 'userId' of type 'java.lang.String'
2026-02-02 14:58:26.207 [http-nio-8080-exec-1] DEBUG o.s.jdbc.core.BeanPropertyRowMapper [c131ca99-34bf-4eac-a1b5-bd574e195ded] - Mapping column 'FILE_NAME' to property 'fileName' of type 'java.lang.String'
2026-02-02 14:58:26.208 [http-nio-8080-exec-1] DEBUG o.s.jdbc.core.BeanPropertyRowMapper [c131ca99-34bf-4eac-a1b5-bd574e195ded] - Mapping column 'FILE_TYPE' to property 'fileType' of type 'java.lang.String'
2026-02-02 14:58:26.210 [http-nio-8080-exec-1] DEBUG o.s.jdbc.core.BeanPropertyRowMapper [c131ca99-34bf-4eac-a1b5-bd574e195ded] - Mapping column 'FILE_SIZE' to property 'fileSize' of type 'java.lang.Long'
2026-02-02 14:58:26.215 [http-nio-8080-exec-1] DEBUG o.s.jdbc.core.BeanPropertyRowMapper [c131ca99-34bf-4eac-a1b5-bd574e195ded] - Mapping column 'CHECKSUM' to property 'checksum' of type 'java.lang.String'
2026-02-02 14:58:26.218 [http-nio-8080-exec-1] DEBUG o.s.jdbc.core.BeanPropertyRowMapper [c131ca99-34bf-4eac-a1b5-bd574e195ded] - Mapping column 'STORAGE_PATH' to property 'storagePath' of type 'java.lang.String'
2026-02-02 14:58:26.224 [http-nio-8080-exec-1] DEBUG o.s.jdbc.core.BeanPropertyRowMapper [c131ca99-34bf-4eac-a1b5-bd574e195ded] - Mapping column 'CREATED_AT' to property 'createdAt' of type 'java.time.LocalDateTime'
2026-02-02 14:58:26.227 [http-nio-8080-exec-1] DEBUG o.s.jdbc.core.BeanPropertyRowMapper [c131ca99-34bf-4eac-a1b5-bd574e195ded] - Mapping column 'UPDATED_AT' to property 'updatedAt' of type 'java.time.LocalDateTime'
2026-02-02 14:58:26.236 [http-nio-8080-exec-1] DEBUG o.s.jdbc.core.JdbcTemplate [c131ca99-34bf-4eac-a1b5-bd574e195ded] - Executing prepared SQL update
2026-02-02 14:58:26.241 [http-nio-8080-exec-1] DEBUG o.s.jdbc.core.JdbcTemplate [c131ca99-34bf-4eac-a1b5-bd574e195ded] - Executing prepared SQL statement [INSERT INTO document_audit(documentid,action,performed_by,reason)
VALUES (?, ?, ?, ?)
]
2026-02-02 14:58:26.253 [http-nio-8080-exec-1] DEBUG o.s.jdbc.core.JdbcTemplate [c131ca99-34bf-4eac-a1b5-bd574e195ded] - Executing prepared SQL update
2026-02-02 14:58:26.254 [http-nio-8080-exec-1] DEBUG o.s.jdbc.core.JdbcTemplate [c131ca99-34bf-4eac-a1b5-bd574e195ded] - Executing prepared SQL statement [UPDATE documents
SET is_deleted = true,
    deleted_at = CURRENT_TIMESTAMP,
    deleted_by = ?,
    user_id= ?
WHERE documentid IN (?)
]
2026-02-02 15:21:44.128 [RMI TCP Connection(34)-127.0.0.1] INFO  o.s.b.a.SpringApplicationAdminMXBeanRegistrar$SpringApplicationAdmin [] - Application shutdown requested.
2026-02-02 15:21:44.141 [RMI TCP Connection(34)-127.0.0.1] INFO  o.a.coyote.http11.Http11NioProtocol [] - Stopping ProtocolHandler ["http-nio-8080"]
2026-02-02 15:21:44.194 [RMI TCP Connection(34)-127.0.0.1] INFO  com.zaxxer.hikari.HikariDataSource [] - HikariPool-1 - Shutdown initiated...
2026-02-02 15:21:44.204 [RMI TCP Connection(34)-127.0.0.1] INFO  com.zaxxer.hikari.HikariDataSource [] - HikariPool-1 - Shutdown completed.
2026-02-02 15:25:13.755 [background-preinit] INFO  o.h.validator.internal.util.Version [] - HV000001: Hibernate Validator 8.0.1.Final
2026-02-02 15:25:13.856 [main] INFO  c.b.c.d.DocumentManagementApplication [] - Starting DocumentManagementApplication using Java 21.0.10 with PID 12300 (C:\Workspace_IP\document-managment\bin\main started by suyogita.shivare in C:\Workspace_IP\document-managment)
2026-02-02 15:25:13.859 [main] INFO  c.b.c.d.DocumentManagementApplication [] - No active profile set, falling back to 1 default profile: "default"
2026-02-02 15:25:16.810 [main] INFO  o.s.d.r.c.RepositoryConfigurationDelegate [] - Bootstrapping Spring Data JDBC repositories in DEFAULT mode.
2026-02-02 15:25:16.896 [main] INFO  o.s.d.r.c.RepositoryConfigurationDelegate [] - Finished Spring Data repository scanning in 67 ms. Found 0 JDBC repository interfaces.
2026-02-02 15:25:18.673 [main] INFO  o.s.b.w.e.tomcat.TomcatWebServer [] - Tomcat initialized with port 8080 (http)
2026-02-02 15:25:18.713 [main] INFO  o.a.coyote.http11.Http11NioProtocol [] - Initializing ProtocolHandler ["http-nio-8080"]
2026-02-02 15:25:18.721 [main] INFO  o.a.catalina.core.StandardService [] - Starting service [Tomcat]
2026-02-02 15:25:18.723 [main] INFO  o.a.catalina.core.StandardEngine [] - Starting Servlet engine: [Apache Tomcat/10.1.25]
2026-02-02 15:25:18.943 [main] INFO  o.a.c.c.C.[Tomcat].[localhost].[/] [] - Initializing Spring embedded WebApplicationContext
2026-02-02 15:25:18.944 [main] INFO  o.s.b.w.s.c.ServletWebServerApplicationContext [] - Root WebApplicationContext: initialization completed in 4951 ms
2026-02-02 15:25:19.190 [main] INFO  com.zaxxer.hikari.HikariDataSource [] - HikariPool-1 - Starting...
2026-02-02 15:25:19.900 [main] INFO  com.zaxxer.hikari.pool.HikariPool [] - HikariPool-1 - Added connection conn0: url=jdbc:h2:file:C:/Document_Management/h2/documentdb user=SA
2026-02-02 15:25:19.904 [main] INFO  com.zaxxer.hikari.HikariDataSource [] - HikariPool-1 - Start completed.
2026-02-02 15:25:19.944 [main] INFO  o.s.b.a.h.H2ConsoleAutoConfiguration [] - H2 console available at '/h2-console'. Database available at 'jdbc:h2:file:C:/Document_Management/h2/documentdb'
2026-02-02 15:25:20.660 [main] INFO  org.flywaydb.core.FlywayExecutor [] - Database: jdbc:h2:file:C:/Document_Management/h2/documentdb (H2 2.2)
2026-02-02 15:25:20.680 [main] WARN  o.f.c.i.database.base.Database [] - Flyway upgrade recommended: H2 2.2.224 is newer than this version of Flyway and support has not been tested. The latest supported version of H2 is 2.2.220.
2026-02-02 15:25:20.789 [main] INFO  o.f.core.internal.command.DbValidate [] - Successfully validated 1 migration (execution time 00:00.060s)
2026-02-02 15:25:20.813 [main] INFO  o.f.core.internal.command.DbMigrate [] - Current version of schema "PUBLIC": 1
2026-02-02 15:25:20.825 [main] INFO  o.f.core.internal.command.DbMigrate [] - Schema "PUBLIC" is up to date. No migration necessary.
2026-02-02 15:25:21.266 [main] WARN  o.s.b.a.s.s.UserDetailsServiceAutoConfiguration [] - 

Using generated security password: 8bd1c0b6-3e4f-4ca5-a97d-19ae0b80f7d6

This generated password is for development use only. Your security configuration must be updated before running your application in production.

2026-02-02 15:25:21.365 [main] INFO  o.s.s.c.a.a.c.InitializeUserDetailsBeanManagerConfigurer$InitializeUserDetailsManagerConfigurer [] - Global AuthenticationManager configured with UserDetailsService bean with name inMemoryUserDetailsManager
2026-02-02 15:25:22.163 [main] INFO  o.s.b.a.e.web.EndpointLinksResolver [] - Exposing 1 endpoint beneath base path '/actuator'
2026-02-02 15:25:23.875 [main] INFO  o.a.coyote.http11.Http11NioProtocol [] - Starting ProtocolHandler ["http-nio-8080"]
2026-02-02 15:25:23.978 [main] INFO  o.s.b.w.e.tomcat.TomcatWebServer [] - Tomcat started on port 8080 (http) with context path '/'
2026-02-02 15:25:24.073 [main] INFO  c.b.c.d.DocumentManagementApplication [] - Started DocumentManagementApplication in 11.275 seconds (process running for 13.465)
2026-02-02 15:25:25.105 [RMI TCP Connection(4)-127.0.0.1] INFO  o.a.c.c.C.[Tomcat].[localhost].[/] [] - Initializing Spring DispatcherServlet 'dispatcherServlet'
2026-02-02 15:25:25.105 [RMI TCP Connection(4)-127.0.0.1] INFO  o.s.web.servlet.DispatcherServlet [] - Initializing Servlet 'dispatcherServlet'
2026-02-02 15:25:25.109 [RMI TCP Connection(4)-127.0.0.1] INFO  o.s.web.servlet.DispatcherServlet [] - Completed initialization in 3 ms
2026-02-02 15:26:04.883 [http-nio-8080-exec-6] INFO  c.b.c.d.c.DocumentController [26caae0f-4549-45e1-9048-6ecf0d03ae58] - Document delete API starts:  /documentsDelete | requestDeleteDocumentRequest(documentIds=[1], deleteType=SOFT, reason=Not needed further) | userIdsuyogita.shivare@accenture.com
2026-02-02 15:26:04.915 [http-nio-8080-exec-6] INFO  c.b.c.d.service.DocumentServiceImpl [26caae0f-4549-45e1-9048-6ecf0d03ae58] - Delete document(s) start: deleteDocumentRequest=DeleteDocumentRequest(documentIds=[1], deleteType=SOFT, reason=Not needed further)
2026-02-02 15:26:04.949 [http-nio-8080-exec-6] DEBUG o.s.jdbc.core.JdbcTemplate [26caae0f-4549-45e1-9048-6ecf0d03ae58] - Executing prepared SQL query
2026-02-02 15:26:04.951 [http-nio-8080-exec-6] DEBUG o.s.jdbc.core.JdbcTemplate [26caae0f-4549-45e1-9048-6ecf0d03ae58] - Executing prepared SQL statement [SELECT * FROM documents
WHERE documentid IN (?)
AND user_id = ?
AND is_deleted = FALSE
]
2026-02-02 15:26:04.998 [http-nio-8080-exec-6] ERROR c.b.c.d.e.GlobalExceptionHandler [26caae0f-4549-45e1-9048-6ecf0d03ae58] - Unhandled exception
java.lang.IllegalArgumentException: No document(s) found for deletion
	at com.banking.creditjourney.document.service.DocumentServiceImpl.documentDeletes(DocumentServiceImpl.java:104)
	at java.base/jdk.internal.reflect.DirectMethodHandleAccessor.invoke(DirectMethodHandleAccessor.java:103)
	at java.base/java.lang.reflect.Method.invoke(Method.java:580)
	at org.springframework.aop.support.AopUtils.invokeJoinpointUsingReflection(AopUtils.java:354)
	at org.springframework.aop.framework.ReflectiveMethodInvocation.invokeJoinpoint(ReflectiveMethodInvocation.java:196)
	at org.springframework.aop.framework.ReflectiveMethodInvocation.proceed(ReflectiveMethodInvocation.java:163)
	at org.springframework.aop.framework.CglibAopProxy$CglibMethodInvocation.proceed(CglibAopProxy.java:768)
	at org.springframework.transaction.interceptor.TransactionInterceptor$1.proceedWithInvocation(TransactionInterceptor.java:123)
	at org.springframework.transaction.interceptor.TransactionAspectSupport.invokeWithinTransaction(TransactionAspectSupport.java:392)
	at org.springframework.transaction.interceptor.TransactionInterceptor.invoke(TransactionInterceptor.java:119)
	at org.springframework.aop.framework.ReflectiveMethodInvocation.proceed(ReflectiveMethodInvocation.java:184)
	at org.springframework.aop.framework.CglibAopProxy$CglibMethodInvocation.proceed(CglibAopProxy.java:768)
	at org.springframework.aop.framework.CglibAopProxy$DynamicAdvisedInterceptor.intercept(CglibAopProxy.java:720)
	at com.banking.creditjourney.document.service.DocumentServiceImpl$$SpringCGLIB$$0.documentDeletes(<generated>)
	at com.banking.creditjourney.document.controller.DocumentController.documentDelete(DocumentController.java:97)
	at java.base/jdk.internal.reflect.DirectMethodHandleAccessor.invoke(DirectMethodHandleAccessor.java:103)
	at java.base/java.lang.reflect.Method.invoke(Method.java:580)
	at org.springframework.web.method.support.InvocableHandlerMethod.doInvoke(InvocableHandlerMethod.java:255)
	at org.springframework.web.method.support.InvocableHandlerMethod.invokeForRequest(InvocableHandlerMethod.java:188)
	at org.springframework.web.servlet.mvc.method.annotation.ServletInvocableHandlerMethod.invokeAndHandle(ServletInvocableHandlerMethod.java:118)
	at org.springframework.web.servlet.mvc.method.annotation.RequestMappingHandlerAdapter.invokeHandlerMethod(RequestMappingHandlerAdapter.java:926)
	at org.springframework.web.servlet.mvc.method.annotation.RequestMappingHandlerAdapter.handleInternal(RequestMappingHandlerAdapter.java:831)
	at org.springframework.web.servlet.mvc.method.AbstractHandlerMethodAdapter.handle(AbstractHandlerMethodAdapter.java:87)
	at org.springframework.web.servlet.DispatcherServlet.doDispatch(DispatcherServlet.java:1089)
	at org.springframework.web.servlet.DispatcherServlet.doService(DispatcherServlet.java:979)
	at org.springframework.web.servlet.FrameworkServlet.processRequest(FrameworkServlet.java:1014)
	at org.springframework.web.servlet.FrameworkServlet.doDelete(FrameworkServlet.java:936)
	at jakarta.servlet.http.HttpServlet.service(HttpServlet.java:596)
	at org.springframework.web.servlet.FrameworkServlet.service(FrameworkServlet.java:885)
	at jakarta.servlet.http.HttpServlet.service(HttpServlet.java:658)
	at org.apache.catalina.core.ApplicationFilterChain.internalDoFilter(ApplicationFilterChain.java:195)
	at org.apache.catalina.core.ApplicationFilterChain.doFilter(ApplicationFilterChain.java:140)
	at org.apache.tomcat.websocket.server.WsFilter.doFilter(WsFilter.java:51)
	at org.apache.catalina.core.ApplicationFilterChain.internalDoFilter(ApplicationFilterChain.java:164)
	at org.apache.catalina.core.ApplicationFilterChain.doFilter(ApplicationFilterChain.java:140)
	at org.springframework.web.filter.OncePerRequestFilter.doFilter(OncePerRequestFilter.java:110)
	at org.apache.catalina.core.ApplicationFilterChain.internalDoFilter(ApplicationFilterChain.java:164)
	at org.apache.catalina.core.ApplicationFilterChain.doFilter(ApplicationFilterChain.java:140)
	at com.banking.creditjourney.document.security.CorrelationIdFilter.doFilterInternal(CorrelationIdFilter.java:31)
	at org.springframework.web.filter.OncePerRequestFilter.doFilter(OncePerRequestFilter.java:116)
	at org.apache.catalina.core.ApplicationFilterChain.internalDoFilter(ApplicationFilterChain.java:164)
	at org.apache.catalina.core.ApplicationFilterChain.doFilter(ApplicationFilterChain.java:140)
	at org.springframework.web.filter.CompositeFilter$VirtualFilterChain.doFilter(CompositeFilter.java:108)
	at org.springframework.security.web.FilterChainProxy.lambda$doFilterInternal$3(FilterChainProxy.java:231)
	at org.springframework.security.web.ObservationFilterChainDecorator$FilterObservation$SimpleFilterObservation.lambda$wrap$1(ObservationFilterChainDecorator.java:479)
	at org.springframework.security.web.ObservationFilterChainDecorator$AroundFilterObservation$SimpleAroundFilterObservation.lambda$wrap$1(ObservationFilterChainDecorator.java:340)
	at org.springframework.security.web.ObservationFilterChainDecorator.lambda$wrapSecured$0(ObservationFilterChainDecorator.java:82)
	at org.springframework.security.web.ObservationFilterChainDecorator$VirtualFilterChain.doFilter(ObservationFilterChainDecorator.java:128)
	at org.springframework.security.web.access.intercept.AuthorizationFilter.doFilter(AuthorizationFilter.java:100)
	at org.springframework.security.web.ObservationFilterChainDecorator$ObservationFilter.wrapFilter(ObservationFilterChainDecorator.java:240)
	at org.springframework.security.web.ObservationFilterChainDecorator$ObservationFilter.doFilter(ObservationFilterChainDecorator.java:227)
	at org.springframework.security.web.ObservationFilterChainDecorator$VirtualFilterChain.doFilter(ObservationFilterChainDecorator.java:137)
	at org.springframework.security.web.access.ExceptionTranslationFilter.doFilter(ExceptionTranslationFilter.java:126)
	at org.springframework.security.web.access.ExceptionTranslationFilter.doFilter(ExceptionTranslationFilter.java:120)
	at org.springframework.security.web.ObservationFilterChainDecorator$ObservationFilter.wrapFilter(ObservationFilterChainDecorator.java:240)
	at org.springframework.security.web.ObservationFilterChainDecorator$ObservationFilter.doFilter(ObservationFilterChainDecorator.java:227)
	at org.springframework.security.web.ObservationFilterChainDecorator$VirtualFilterChain.doFilter(ObservationFilterChainDecorator.java:137)
	at org.springframework.security.web.authentication.AnonymousAuthenticationFilter.doFilter(AnonymousAuthenticationFilter.java:100)
	at org.springframework.security.web.ObservationFilterChainDecorator$ObservationFilter.wrapFilter(ObservationFilterChainDecorator.java:240)
	at org.springframework.security.web.ObservationFilterChainDecorator$ObservationFilter.doFilter(ObservationFilterChainDecorator.java:227)
	at org.springframework.security.web.ObservationFilterChainDecorator$VirtualFilterChain.doFilter(ObservationFilterChainDecorator.java:137)
	at org.springframework.security.web.servletapi.SecurityContextHolderAwareRequestFilter.doFilter(SecurityContextHolderAwareRequestFilter.java:179)
	at org.springframework.security.web.ObservationFilterChainDecorator$ObservationFilter.wrapFilter(ObservationFilterChainDecorator.java:240)
	at org.springframework.security.web.ObservationFilterChainDecorator$ObservationFilter.doFilter(ObservationFilterChainDecorator.java:227)
	at org.springframework.security.web.ObservationFilterChainDecorator$VirtualFilterChain.doFilter(ObservationFilterChainDecorator.java:137)
	at org.springframework.security.web.savedrequest.RequestCacheAwareFilter.doFilter(RequestCacheAwareFilter.java:63)
	at org.springframework.security.web.ObservationFilterChainDecorator$ObservationFilter.wrapFilter(ObservationFilterChainDecorator.java:240)
	at org.springframework.security.web.ObservationFilterChainDecorator$ObservationFilter.doFilter(ObservationFilterChainDecorator.java:227)
	at org.springframework.security.web.ObservationFilterChainDecorator$VirtualFilterChain.doFilter(ObservationFilterChainDecorator.java:137)
	at org.springframework.security.web.authentication.www.BasicAuthenticationFilter.doFilterInternal(BasicAuthenticationFilter.java:181)
	at org.springframework.web.filter.OncePerRequestFilter.doFilter(OncePerRequestFilter.java:116)
	at org.springframework.security.web.ObservationFilterChainDecorator$ObservationFilter.wrapFilter(ObservationFilterChainDecorator.java:240)
	at org.springframework.security.web.ObservationFilterChainDecorator$ObservationFilter.doFilter(ObservationFilterChainDecorator.java:227)
	at org.springframework.security.web.ObservationFilterChainDecorator$VirtualFilterChain.doFilter(ObservationFilterChainDecorator.java:137)
	at com.banking.creditjourney.document.security.JwtAuthenticationFilter.doFilterInternal(JwtAuthenticationFilter.java:34)
	at org.springframework.web.filter.OncePerRequestFilter.doFilter(OncePerRequestFilter.java:116)
	at org.springframework.security.web.ObservationFilterChainDecorator$ObservationFilter.wrapFilter(ObservationFilterChainDecorator.java:240)
	at org.springframework.security.web.ObservationFilterChainDecorator$ObservationFilter.doFilter(ObservationFilterChainDecorator.java:227)
	at org.springframework.security.web.ObservationFilterChainDecorator$VirtualFilterChain.doFilter(ObservationFilterChainDecorator.java:137)
	at org.springframework.security.web.authentication.logout.LogoutFilter.doFilter(LogoutFilter.java:107)
	at org.springframework.security.web.authentication.logout.LogoutFilter.doFilter(LogoutFilter.java:93)
	at org.springframework.security.web.ObservationFilterChainDecorator$ObservationFilter.wrapFilter(ObservationFilterChainDecorator.java:240)
	at org.springframework.security.web.ObservationFilterChainDecorator$ObservationFilter.doFilter(ObservationFilterChainDecorator.java:227)
	at org.springframework.security.web.ObservationFilterChainDecorator$VirtualFilterChain.doFilter(ObservationFilterChainDecorator.java:137)
	at org.springframework.web.filter.CorsFilter.doFilterInternal(CorsFilter.java:91)
	at org.springframework.web.filter.OncePerRequestFilter.doFilter(OncePerRequestFilter.java:116)
	at org.springframework.security.web.ObservationFilterChainDecorator$ObservationFilter.wrapFilter(ObservationFilterChainDecorator.java:240)
	at org.springframework.security.web.ObservationFilterChainDecorator$ObservationFilter.doFilter(ObservationFilterChainDecorator.java:227)
	at org.springframework.security.web.ObservationFilterChainDecorator$VirtualFilterChain.doFilter(ObservationFilterChainDecorator.java:137)
	at org.springframework.security.web.header.HeaderWriterFilter.doHeadersAfter(HeaderWriterFilter.java:90)
	at org.springframework.security.web.header.HeaderWriterFilter.doFilterInternal(HeaderWriterFilter.java:75)
	at org.springframework.web.filter.OncePerRequestFilter.doFilter(OncePerRequestFilter.java:116)
	at org.springframework.security.web.ObservationFilterChainDecorator$ObservationFilter.wrapFilter(ObservationFilterChainDecorator.java:240)
	at org.springframework.security.web.ObservationFilterChainDecorator$ObservationFilter.doFilter(ObservationFilterChainDecorator.java:227)
	at org.springframework.security.web.ObservationFilterChainDecorator$VirtualFilterChain.doFilter(ObservationFilterChainDecorator.java:137)
	at org.springframework.security.web.context.SecurityContextHolderFilter.doFilter(SecurityContextHolderFilter.java:82)
	at org.springframework.security.web.context.SecurityContextHolderFilter.doFilter(SecurityContextHolderFilter.java:69)
	at org.springframework.security.web.ObservationFilterChainDecorator$ObservationFilter.wrapFilter(ObservationFilterChainDecorator.java:240)
	at org.springframework.security.web.ObservationFilterChainDecorator$ObservationFilter.doFilter(ObservationFilterChainDecorator.java:227)
	at org.springframework.security.web.ObservationFilterChainDecorator$VirtualFilterChain.doFilter(ObservationFilterChainDecorator.java:137)
	at org.springframework.security.web.context.request.async.WebAsyncManagerIntegrationFilter.doFilterInternal(WebAsyncManagerIntegrationFilter.java:62)
	at org.springframework.web.filter.OncePerRequestFilter.doFilter(OncePerRequestFilter.java:116)
	at org.springframework.security.web.ObservationFilterChainDecorator$ObservationFilter.wrapFilter(ObservationFilterChainDecorator.java:240)
	at org.springframework.security.web.ObservationFilterChainDecorator$ObservationFilter.doFilter(ObservationFilterChainDecorator.java:227)
	at org.springframework.security.web.ObservationFilterChainDecorator$VirtualFilterChain.doFilter(ObservationFilterChainDecorator.java:137)
	at org.springframework.security.web.session.DisableEncodeUrlFilter.doFilterInternal(DisableEncodeUrlFilter.java:42)
	at org.springframework.web.filter.OncePerRequestFilter.doFilter(OncePerRequestFilter.java:116)
	at org.springframework.security.web.ObservationFilterChainDecorator$ObservationFilter.wrapFilter(ObservationFilterChainDecorator.java:240)
	at org.springframework.security.web.ObservationFilterChainDecorator$AroundFilterObservation$SimpleAroundFilterObservation.lambda$wrap$0(ObservationFilterChainDecorator.java:323)
	at org.springframework.security.web.ObservationFilterChainDecorator$ObservationFilter.doFilter(ObservationFilterChainDecorator.java:224)
	at org.springframework.security.web.ObservationFilterChainDecorator$VirtualFilterChain.doFilter(ObservationFilterChainDecorator.java:137)
	at org.springframework.security.web.FilterChainProxy.doFilterInternal(FilterChainProxy.java:233)
	at org.springframework.security.web.FilterChainProxy.doFilter(FilterChainProxy.java:191)
	at org.springframework.web.filter.CompositeFilter$VirtualFilterChain.doFilter(CompositeFilter.java:113)
	at org.springframework.web.servlet.handler.HandlerMappingIntrospector.lambda$createCacheFilter$3(HandlerMappingIntrospector.java:195)
	at org.springframework.web.filter.CompositeFilter$VirtualFilterChain.doFilter(CompositeFilter.java:113)
	at org.springframework.web.filter.CompositeFilter.doFilter(CompositeFilter.java:74)
	at org.springframework.security.config.annotation.web.configuration.WebMvcSecurityConfiguration$CompositeFilterChainProxy.doFilter(WebMvcSecurityConfiguration.java:230)
	at org.springframework.web.filter.DelegatingFilterProxy.invokeDelegate(DelegatingFilterProxy.java:352)
	at org.springframework.web.filter.DelegatingFilterProxy.doFilter(DelegatingFilterProxy.java:268)
	at org.apache.catalina.core.ApplicationFilterChain.internalDoFilter(ApplicationFilterChain.java:164)
	at org.apache.catalina.core.ApplicationFilterChain.doFilter(ApplicationFilterChain.java:140)
	at org.springframework.web.filter.RequestContextFilter.doFilterInternal(RequestContextFilter.java:100)
	at org.springframework.web.filter.OncePerRequestFilter.doFilter(OncePerRequestFilter.java:116)
	at org.apache.catalina.core.ApplicationFilterChain.internalDoFilter(ApplicationFilterChain.java:164)
	at org.apache.catalina.core.ApplicationFilterChain.doFilter(ApplicationFilterChain.java:140)
	at org.springframework.web.filter.FormContentFilter.doFilterInternal(FormContentFilter.java:93)
	at org.springframework.web.filter.OncePerRequestFilter.doFilter(OncePerRequestFilter.java:116)
	at org.apache.catalina.core.ApplicationFilterChain.internalDoFilter(ApplicationFilterChain.java:164)
	at org.apache.catalina.core.ApplicationFilterChain.doFilter(ApplicationFilterChain.java:140)
	at org.springframework.web.filter.ServerHttpObservationFilter.doFilterInternal(ServerHttpObservationFilter.java:107)
	at org.springframework.web.filter.OncePerRequestFilter.doFilter(OncePerRequestFilter.java:116)
	at org.apache.catalina.core.ApplicationFilterChain.internalDoFilter(ApplicationFilterChain.java:164)
	at org.apache.catalina.core.ApplicationFilterChain.doFilter(ApplicationFilterChain.java:140)
	at org.springframework.web.filter.CharacterEncodingFilter.doFilterInternal(CharacterEncodingFilter.java:201)
	at org.springframework.web.filter.OncePerRequestFilter.doFilter(OncePerRequestFilter.java:116)
	at org.apache.catalina.core.ApplicationFilterChain.internalDoFilter(ApplicationFilterChain.java:164)
	at org.apache.catalina.core.ApplicationFilterChain.doFilter(ApplicationFilterChain.java:140)
	at org.apache.catalina.core.StandardWrapperValve.invoke(StandardWrapperValve.java:167)
	at org.apache.catalina.core.StandardContextValve.invoke(StandardContextValve.java:90)
	at org.apache.catalina.authenticator.AuthenticatorBase.invoke(AuthenticatorBase.java:482)
	at org.apache.catalina.core.StandardHostValve.invoke(StandardHostValve.java:115)
	at org.apache.catalina.valves.ErrorReportValve.invoke(ErrorReportValve.java:93)
	at org.apache.catalina.core.StandardEngineValve.invoke(StandardEngineValve.java:74)
	at org.apache.catalina.connector.CoyoteAdapter.service(CoyoteAdapter.java:344)
	at org.apache.coyote.http11.Http11Processor.service(Http11Processor.java:389)
	at org.apache.coyote.AbstractProcessorLight.process(AbstractProcessorLight.java:63)
	at org.apache.coyote.AbstractProtocol$ConnectionHandler.process(AbstractProtocol.java:904)
	at org.apache.tomcat.util.net.NioEndpoint$SocketProcessor.doRun(NioEndpoint.java:1741)
	at org.apache.tomcat.util.net.SocketProcessorBase.run(SocketProcessorBase.java:52)
	at org.apache.tomcat.util.threads.ThreadPoolExecutor.runWorker(ThreadPoolExecutor.java:1190)
	at org.apache.tomcat.util.threads.ThreadPoolExecutor$Worker.run(ThreadPoolExecutor.java:659)
	at org.apache.tomcat.util.threads.TaskThread$WrappingRunnable.run(TaskThread.java:63)
	at java.base/java.lang.Thread.run(Thread.java:1583)
2026-02-02 15:55:58.062 [RMI TCP Connection(36)-127.0.0.1] INFO  o.s.b.a.SpringApplicationAdminMXBeanRegistrar$SpringApplicationAdmin [] - Application shutdown requested.
2026-02-02 15:55:58.070 [RMI TCP Connection(36)-127.0.0.1] INFO  o.a.coyote.http11.Http11NioProtocol [] - Stopping ProtocolHandler ["http-nio-8080"]
2026-02-02 15:55:58.116 [RMI TCP Connection(36)-127.0.0.1] INFO  com.zaxxer.hikari.HikariDataSource [] - HikariPool-1 - Shutdown initiated...
2026-02-02 15:55:58.129 [RMI TCP Connection(36)-127.0.0.1] INFO  com.zaxxer.hikari.HikariDataSource [] - HikariPool-1 - Shutdown completed.
2026-02-02 15:56:56.414 [background-preinit] INFO  o.h.validator.internal.util.Version [] - HV000001: Hibernate Validator 8.0.1.Final
2026-02-02 15:56:56.486 [main] INFO  c.b.c.d.DocumentManagementApplication [] - Starting DocumentManagementApplication using Java 21.0.10 with PID 24460 (C:\Workspace_IP\document-managment\bin\main started by suyogita.shivare in C:\Workspace_IP\document-managment)
2026-02-02 15:56:56.488 [main] INFO  c.b.c.d.DocumentManagementApplication [] - No active profile set, falling back to 1 default profile: "default"
2026-02-02 15:57:00.039 [main] INFO  o.s.d.r.c.RepositoryConfigurationDelegate [] - Bootstrapping Spring Data JDBC repositories in DEFAULT mode.
2026-02-02 15:57:00.163 [main] INFO  o.s.d.r.c.RepositoryConfigurationDelegate [] - Finished Spring Data repository scanning in 101 ms. Found 0 JDBC repository interfaces.
2026-02-02 15:57:01.999 [main] INFO  o.s.b.w.e.tomcat.TomcatWebServer [] - Tomcat initialized with port 8080 (http)
2026-02-02 15:57:02.046 [main] INFO  o.a.coyote.http11.Http11NioProtocol [] - Initializing ProtocolHandler ["http-nio-8080"]
2026-02-02 15:57:02.050 [main] INFO  o.a.catalina.core.StandardService [] - Starting service [Tomcat]
2026-02-02 15:57:02.051 [main] INFO  o.a.catalina.core.StandardEngine [] - Starting Servlet engine: [Apache Tomcat/10.1.25]
2026-02-02 15:57:02.294 [main] INFO  o.a.c.c.C.[Tomcat].[localhost].[/] [] - Initializing Spring embedded WebApplicationContext
2026-02-02 15:57:02.297 [main] INFO  o.s.b.w.s.c.ServletWebServerApplicationContext [] - Root WebApplicationContext: initialization completed in 5651 ms
2026-02-02 15:57:02.579 [main] INFO  com.zaxxer.hikari.HikariDataSource [] - HikariPool-1 - Starting...
2026-02-02 15:57:03.359 [main] INFO  com.zaxxer.hikari.pool.HikariPool [] - HikariPool-1 - Added connection conn0: url=jdbc:h2:file:C:/Document_Management/h2/documentdb user=SA
2026-02-02 15:57:03.363 [main] INFO  com.zaxxer.hikari.HikariDataSource [] - HikariPool-1 - Start completed.
2026-02-02 15:57:03.407 [main] INFO  o.s.b.a.h.H2ConsoleAutoConfiguration [] - H2 console available at '/h2-console'. Database available at 'jdbc:h2:file:C:/Document_Management/h2/documentdb'
2026-02-02 15:57:04.147 [main] INFO  org.flywaydb.core.FlywayExecutor [] - Database: jdbc:h2:file:C:/Document_Management/h2/documentdb (H2 2.2)
2026-02-02 15:57:04.169 [main] WARN  o.f.c.i.database.base.Database [] - Flyway upgrade recommended: H2 2.2.224 is newer than this version of Flyway and support has not been tested. The latest supported version of H2 is 2.2.220.
2026-02-02 15:57:04.286 [main] INFO  o.f.core.internal.command.DbValidate [] - Successfully validated 1 migration (execution time 00:00.075s)
2026-02-02 15:57:04.318 [main] INFO  o.f.core.internal.command.DbMigrate [] - Current version of schema "PUBLIC": 1
2026-02-02 15:57:04.327 [main] INFO  o.f.core.internal.command.DbMigrate [] - Schema "PUBLIC" is up to date. No migration necessary.
2026-02-02 15:57:04.807 [main] WARN  o.s.b.a.s.s.UserDetailsServiceAutoConfiguration [] - 

Using generated security password: 5158af47-6ee2-4cd4-baa9-040c43648556

This generated password is for development use only. Your security configuration must be updated before running your application in production.

2026-02-02 15:57:04.884 [main] INFO  o.s.s.c.a.a.c.InitializeUserDetailsBeanManagerConfigurer$InitializeUserDetailsManagerConfigurer [] - Global AuthenticationManager configured with UserDetailsService bean with name inMemoryUserDetailsManager
2026-02-02 15:57:05.632 [main] INFO  o.s.b.a.e.web.EndpointLinksResolver [] - Exposing 1 endpoint beneath base path '/actuator'
2026-02-02 15:57:06.820 [main] INFO  o.a.coyote.http11.Http11NioProtocol [] - Starting ProtocolHandler ["http-nio-8080"]
2026-02-02 15:57:06.944 [main] INFO  o.s.b.w.e.tomcat.TomcatWebServer [] - Tomcat started on port 8080 (http) with context path '/'
2026-02-02 15:57:06.988 [main] INFO  c.b.c.d.DocumentManagementApplication [] - Started DocumentManagementApplication in 11.563 seconds (process running for 14.021)
2026-02-02 15:57:07.417 [RMI TCP Connection(4)-127.0.0.1] INFO  o.a.c.c.C.[Tomcat].[localhost].[/] [] - Initializing Spring DispatcherServlet 'dispatcherServlet'
2026-02-02 15:57:07.418 [RMI TCP Connection(4)-127.0.0.1] INFO  o.s.web.servlet.DispatcherServlet [] - Initializing Servlet 'dispatcherServlet'
2026-02-02 15:57:07.420 [RMI TCP Connection(4)-127.0.0.1] INFO  o.s.web.servlet.DispatcherServlet [] - Completed initialization in 2 ms
2026-02-02 15:57:49.492 [http-nio-8080-exec-9] INFO  c.b.c.d.c.DocumentController [59dad259-a42b-47ec-8de9-f469c66abb5b] - Document delete API starts:  /documentsDelete | requestDeleteDocumentRequest(documentIds=[1], deleteType=SOFT, reason=Not needed further) | userIdsuyogita.shivare@accenture.com
2026-02-02 15:57:49.519 [http-nio-8080-exec-9] INFO  c.b.c.d.service.DocumentServiceImpl [59dad259-a42b-47ec-8de9-f469c66abb5b] - Delete document(s) start: deleteDocumentRequest=DeleteDocumentRequest(documentIds=[1], deleteType=SOFT, reason=Not needed further)
2026-02-02 15:57:49.558 [http-nio-8080-exec-9] DEBUG o.s.jdbc.core.JdbcTemplate [59dad259-a42b-47ec-8de9-f469c66abb5b] - Executing prepared SQL query
2026-02-02 15:57:49.558 [http-nio-8080-exec-9] DEBUG o.s.jdbc.core.JdbcTemplate [59dad259-a42b-47ec-8de9-f469c66abb5b] - Executing prepared SQL statement [SELECT * FROM documents
WHERE documentid IN (?)
AND user_id = ?
AND is_deleted = FALSE
]
2026-02-02 15:57:49.607 [http-nio-8080-exec-9] ERROR c.b.c.d.e.GlobalExceptionHandler [59dad259-a42b-47ec-8de9-f469c66abb5b] - Unhandled exception
java.lang.IllegalArgumentException: No document(s) found for deletion
	at com.banking.creditjourney.document.service.DocumentServiceImpl.documentDeletes(DocumentServiceImpl.java:103)
	at java.base/jdk.internal.reflect.DirectMethodHandleAccessor.invoke(DirectMethodHandleAccessor.java:103)
	at java.base/java.lang.reflect.Method.invoke(Method.java:580)
	at org.springframework.aop.support.AopUtils.invokeJoinpointUsingReflection(AopUtils.java:354)
	at org.springframework.aop.framework.ReflectiveMethodInvocation.invokeJoinpoint(ReflectiveMethodInvocation.java:196)
	at org.springframework.aop.framework.ReflectiveMethodInvocation.proceed(ReflectiveMethodInvocation.java:163)
	at org.springframework.aop.framework.CglibAopProxy$CglibMethodInvocation.proceed(CglibAopProxy.java:768)
	at org.springframework.transaction.interceptor.TransactionInterceptor$1.proceedWithInvocation(TransactionInterceptor.java:123)
	at org.springframework.transaction.interceptor.TransactionAspectSupport.invokeWithinTransaction(TransactionAspectSupport.java:392)
	at org.springframework.transaction.interceptor.TransactionInterceptor.invoke(TransactionInterceptor.java:119)
	at org.springframework.aop.framework.ReflectiveMethodInvocation.proceed(ReflectiveMethodInvocation.java:184)
	at org.springframework.aop.framework.CglibAopProxy$CglibMethodInvocation.proceed(CglibAopProxy.java:768)
	at org.springframework.aop.framework.CglibAopProxy$DynamicAdvisedInterceptor.intercept(CglibAopProxy.java:720)
	at com.banking.creditjourney.document.service.DocumentServiceImpl$$SpringCGLIB$$0.documentDeletes(<generated>)
	at com.banking.creditjourney.document.controller.DocumentController.documentDelete(DocumentController.java:97)
	at java.base/jdk.internal.reflect.DirectMethodHandleAccessor.invoke(DirectMethodHandleAccessor.java:103)
	at java.base/java.lang.reflect.Method.invoke(Method.java:580)
	at org.springframework.web.method.support.InvocableHandlerMethod.doInvoke(InvocableHandlerMethod.java:255)
	at org.springframework.web.method.support.InvocableHandlerMethod.invokeForRequest(InvocableHandlerMethod.java:188)
	at org.springframework.web.servlet.mvc.method.annotation.ServletInvocableHandlerMethod.invokeAndHandle(ServletInvocableHandlerMethod.java:118)
	at org.springframework.web.servlet.mvc.method.annotation.RequestMappingHandlerAdapter.invokeHandlerMethod(RequestMappingHandlerAdapter.java:926)
	at org.springframework.web.servlet.mvc.method.annotation.RequestMappingHandlerAdapter.handleInternal(RequestMappingHandlerAdapter.java:831)
	at org.springframework.web.servlet.mvc.method.AbstractHandlerMethodAdapter.handle(AbstractHandlerMethodAdapter.java:87)
	at org.springframework.web.servlet.DispatcherServlet.doDispatch(DispatcherServlet.java:1089)
	at org.springframework.web.servlet.DispatcherServlet.doService(DispatcherServlet.java:979)
	at org.springframework.web.servlet.FrameworkServlet.processRequest(FrameworkServlet.java:1014)
	at org.springframework.web.servlet.FrameworkServlet.doDelete(FrameworkServlet.java:936)
	at jakarta.servlet.http.HttpServlet.service(HttpServlet.java:596)
	at org.springframework.web.servlet.FrameworkServlet.service(FrameworkServlet.java:885)
	at jakarta.servlet.http.HttpServlet.service(HttpServlet.java:658)
	at org.apache.catalina.core.ApplicationFilterChain.internalDoFilter(ApplicationFilterChain.java:195)
	at org.apache.catalina.core.ApplicationFilterChain.doFilter(ApplicationFilterChain.java:140)
	at org.apache.tomcat.websocket.server.WsFilter.doFilter(WsFilter.java:51)
	at org.apache.catalina.core.ApplicationFilterChain.internalDoFilter(ApplicationFilterChain.java:164)
	at org.apache.catalina.core.ApplicationFilterChain.doFilter(ApplicationFilterChain.java:140)
	at org.springframework.web.filter.OncePerRequestFilter.doFilter(OncePerRequestFilter.java:110)
	at org.apache.catalina.core.ApplicationFilterChain.internalDoFilter(ApplicationFilterChain.java:164)
	at org.apache.catalina.core.ApplicationFilterChain.doFilter(ApplicationFilterChain.java:140)
	at com.banking.creditjourney.document.security.CorrelationIdFilter.doFilterInternal(CorrelationIdFilter.java:31)
	at org.springframework.web.filter.OncePerRequestFilter.doFilter(OncePerRequestFilter.java:116)
	at org.apache.catalina.core.ApplicationFilterChain.internalDoFilter(ApplicationFilterChain.java:164)
	at org.apache.catalina.core.ApplicationFilterChain.doFilter(ApplicationFilterChain.java:140)
	at org.springframework.web.filter.CompositeFilter$VirtualFilterChain.doFilter(CompositeFilter.java:108)
	at org.springframework.security.web.FilterChainProxy.lambda$doFilterInternal$3(FilterChainProxy.java:231)
	at org.springframework.security.web.ObservationFilterChainDecorator$FilterObservation$SimpleFilterObservation.lambda$wrap$1(ObservationFilterChainDecorator.java:479)
	at org.springframework.security.web.ObservationFilterChainDecorator$AroundFilterObservation$SimpleAroundFilterObservation.lambda$wrap$1(ObservationFilterChainDecorator.java:340)
	at org.springframework.security.web.ObservationFilterChainDecorator.lambda$wrapSecured$0(ObservationFilterChainDecorator.java:82)
	at org.springframework.security.web.ObservationFilterChainDecorator$VirtualFilterChain.doFilter(ObservationFilterChainDecorator.java:128)
	at org.springframework.security.web.access.intercept.AuthorizationFilter.doFilter(AuthorizationFilter.java:100)
	at org.springframework.security.web.ObservationFilterChainDecorator$ObservationFilter.wrapFilter(ObservationFilterChainDecorator.java:240)
	at org.springframework.security.web.ObservationFilterChainDecorator$ObservationFilter.doFilter(ObservationFilterChainDecorator.java:227)
	at org.springframework.security.web.ObservationFilterChainDecorator$VirtualFilterChain.doFilter(ObservationFilterChainDecorator.java:137)
	at org.springframework.security.web.access.ExceptionTranslationFilter.doFilter(ExceptionTranslationFilter.java:126)
	at org.springframework.security.web.access.ExceptionTranslationFilter.doFilter(ExceptionTranslationFilter.java:120)
	at org.springframework.security.web.ObservationFilterChainDecorator$ObservationFilter.wrapFilter(ObservationFilterChainDecorator.java:240)
	at org.springframework.security.web.ObservationFilterChainDecorator$ObservationFilter.doFilter(ObservationFilterChainDecorator.java:227)
	at org.springframework.security.web.ObservationFilterChainDecorator$VirtualFilterChain.doFilter(ObservationFilterChainDecorator.java:137)
	at org.springframework.security.web.authentication.AnonymousAuthenticationFilter.doFilter(AnonymousAuthenticationFilter.java:100)
	at org.springframework.security.web.ObservationFilterChainDecorator$ObservationFilter.wrapFilter(ObservationFilterChainDecorator.java:240)
	at org.springframework.security.web.ObservationFilterChainDecorator$ObservationFilter.doFilter(ObservationFilterChainDecorator.java:227)
	at org.springframework.security.web.ObservationFilterChainDecorator$VirtualFilterChain.doFilter(ObservationFilterChainDecorator.java:137)
	at org.springframework.security.web.servletapi.SecurityContextHolderAwareRequestFilter.doFilter(SecurityContextHolderAwareRequestFilter.java:179)
	at org.springframework.security.web.ObservationFilterChainDecorator$ObservationFilter.wrapFilter(ObservationFilterChainDecorator.java:240)
	at org.springframework.security.web.ObservationFilterChainDecorator$ObservationFilter.doFilter(ObservationFilterChainDecorator.java:227)
	at org.springframework.security.web.ObservationFilterChainDecorator$VirtualFilterChain.doFilter(ObservationFilterChainDecorator.java:137)
	at org.springframework.security.web.savedrequest.RequestCacheAwareFilter.doFilter(RequestCacheAwareFilter.java:63)
	at org.springframework.security.web.ObservationFilterChainDecorator$ObservationFilter.wrapFilter(ObservationFilterChainDecorator.java:240)
	at org.springframework.security.web.ObservationFilterChainDecorator$ObservationFilter.doFilter(ObservationFilterChainDecorator.java:227)
	at org.springframework.security.web.ObservationFilterChainDecorator$VirtualFilterChain.doFilter(ObservationFilterChainDecorator.java:137)
	at org.springframework.security.web.authentication.www.BasicAuthenticationFilter.doFilterInternal(BasicAuthenticationFilter.java:181)
	at org.springframework.web.filter.OncePerRequestFilter.doFilter(OncePerRequestFilter.java:116)
	at org.springframework.security.web.ObservationFilterChainDecorator$ObservationFilter.wrapFilter(ObservationFilterChainDecorator.java:240)
	at org.springframework.security.web.ObservationFilterChainDecorator$ObservationFilter.doFilter(ObservationFilterChainDecorator.java:227)
	at org.springframework.security.web.ObservationFilterChainDecorator$VirtualFilterChain.doFilter(ObservationFilterChainDecorator.java:137)
	at com.banking.creditjourney.document.security.JwtAuthenticationFilter.doFilterInternal(JwtAuthenticationFilter.java:34)
	at org.springframework.web.filter.OncePerRequestFilter.doFilter(OncePerRequestFilter.java:116)
	at org.springframework.security.web.ObservationFilterChainDecorator$ObservationFilter.wrapFilter(ObservationFilterChainDecorator.java:240)
	at org.springframework.security.web.ObservationFilterChainDecorator$ObservationFilter.doFilter(ObservationFilterChainDecorator.java:227)
	at org.springframework.security.web.ObservationFilterChainDecorator$VirtualFilterChain.doFilter(ObservationFilterChainDecorator.java:137)
	at org.springframework.security.web.authentication.logout.LogoutFilter.doFilter(LogoutFilter.java:107)
	at org.springframework.security.web.authentication.logout.LogoutFilter.doFilter(LogoutFilter.java:93)
	at org.springframework.security.web.ObservationFilterChainDecorator$ObservationFilter.wrapFilter(ObservationFilterChainDecorator.java:240)
	at org.springframework.security.web.ObservationFilterChainDecorator$ObservationFilter.doFilter(ObservationFilterChainDecorator.java:227)
	at org.springframework.security.web.ObservationFilterChainDecorator$VirtualFilterChain.doFilter(ObservationFilterChainDecorator.java:137)
	at org.springframework.web.filter.CorsFilter.doFilterInternal(CorsFilter.java:91)
	at org.springframework.web.filter.OncePerRequestFilter.doFilter(OncePerRequestFilter.java:116)
	at org.springframework.security.web.ObservationFilterChainDecorator$ObservationFilter.wrapFilter(ObservationFilterChainDecorator.java:240)
	at org.springframework.security.web.ObservationFilterChainDecorator$ObservationFilter.doFilter(ObservationFilterChainDecorator.java:227)
	at org.springframework.security.web.ObservationFilterChainDecorator$VirtualFilterChain.doFilter(ObservationFilterChainDecorator.java:137)
	at org.springframework.security.web.header.HeaderWriterFilter.doHeadersAfter(HeaderWriterFilter.java:90)
	at org.springframework.security.web.header.HeaderWriterFilter.doFilterInternal(HeaderWriterFilter.java:75)
	at org.springframework.web.filter.OncePerRequestFilter.doFilter(OncePerRequestFilter.java:116)
	at org.springframework.security.web.ObservationFilterChainDecorator$ObservationFilter.wrapFilter(ObservationFilterChainDecorator.java:240)
	at org.springframework.security.web.ObservationFilterChainDecorator$ObservationFilter.doFilter(ObservationFilterChainDecorator.java:227)
	at org.springframework.security.web.ObservationFilterChainDecorator$VirtualFilterChain.doFilter(ObservationFilterChainDecorator.java:137)
	at org.springframework.security.web.context.SecurityContextHolderFilter.doFilter(SecurityContextHolderFilter.java:82)
	at org.springframework.security.web.context.SecurityContextHolderFilter.doFilter(SecurityContextHolderFilter.java:69)
	at org.springframework.security.web.ObservationFilterChainDecorator$ObservationFilter.wrapFilter(ObservationFilterChainDecorator.java:240)
	at org.springframework.security.web.ObservationFilterChainDecorator$ObservationFilter.doFilter(ObservationFilterChainDecorator.java:227)
	at org.springframework.security.web.ObservationFilterChainDecorator$VirtualFilterChain.doFilter(ObservationFilterChainDecorator.java:137)
	at org.springframework.security.web.context.request.async.WebAsyncManagerIntegrationFilter.doFilterInternal(WebAsyncManagerIntegrationFilter.java:62)
	at org.springframework.web.filter.OncePerRequestFilter.doFilter(OncePerRequestFilter.java:116)
	at org.springframework.security.web.ObservationFilterChainDecorator$ObservationFilter.wrapFilter(ObservationFilterChainDecorator.java:240)
	at org.springframework.security.web.ObservationFilterChainDecorator$ObservationFilter.doFilter(ObservationFilterChainDecorator.java:227)
	at org.springframework.security.web.ObservationFilterChainDecorator$VirtualFilterChain.doFilter(ObservationFilterChainDecorator.java:137)
	at org.springframework.security.web.session.DisableEncodeUrlFilter.doFilterInternal(DisableEncodeUrlFilter.java:42)
	at org.springframework.web.filter.OncePerRequestFilter.doFilter(OncePerRequestFilter.java:116)
	at org.springframework.security.web.ObservationFilterChainDecorator$ObservationFilter.wrapFilter(ObservationFilterChainDecorator.java:240)
	at org.springframework.security.web.ObservationFilterChainDecorator$AroundFilterObservation$SimpleAroundFilterObservation.lambda$wrap$0(ObservationFilterChainDecorator.java:323)
	at org.springframework.security.web.ObservationFilterChainDecorator$ObservationFilter.doFilter(ObservationFilterChainDecorator.java:224)
	at org.springframework.security.web.ObservationFilterChainDecorator$VirtualFilterChain.doFilter(ObservationFilterChainDecorator.java:137)
	at org.springframework.security.web.FilterChainProxy.doFilterInternal(FilterChainProxy.java:233)
	at org.springframework.security.web.FilterChainProxy.doFilter(FilterChainProxy.java:191)
	at org.springframework.web.filter.CompositeFilter$VirtualFilterChain.doFilter(CompositeFilter.java:113)
	at org.springframework.web.servlet.handler.HandlerMappingIntrospector.lambda$createCacheFilter$3(HandlerMappingIntrospector.java:195)
	at org.springframework.web.filter.CompositeFilter$VirtualFilterChain.doFilter(CompositeFilter.java:113)
	at org.springframework.web.filter.CompositeFilter.doFilter(CompositeFilter.java:74)
	at org.springframework.security.config.annotation.web.configuration.WebMvcSecurityConfiguration$CompositeFilterChainProxy.doFilter(WebMvcSecurityConfiguration.java:230)
	at org.springframework.web.filter.DelegatingFilterProxy.invokeDelegate(DelegatingFilterProxy.java:352)
	at org.springframework.web.filter.DelegatingFilterProxy.doFilter(DelegatingFilterProxy.java:268)
	at org.apache.catalina.core.ApplicationFilterChain.internalDoFilter(ApplicationFilterChain.java:164)
	at org.apache.catalina.core.ApplicationFilterChain.doFilter(ApplicationFilterChain.java:140)
	at org.springframework.web.filter.RequestContextFilter.doFilterInternal(RequestContextFilter.java:100)
	at org.springframework.web.filter.OncePerRequestFilter.doFilter(OncePerRequestFilter.java:116)
	at org.apache.catalina.core.ApplicationFilterChain.internalDoFilter(ApplicationFilterChain.java:164)
	at org.apache.catalina.core.ApplicationFilterChain.doFilter(ApplicationFilterChain.java:140)
	at org.springframework.web.filter.FormContentFilter.doFilterInternal(FormContentFilter.java:93)
	at org.springframework.web.filter.OncePerRequestFilter.doFilter(OncePerRequestFilter.java:116)
	at org.apache.catalina.core.ApplicationFilterChain.internalDoFilter(ApplicationFilterChain.java:164)
	at org.apache.catalina.core.ApplicationFilterChain.doFilter(ApplicationFilterChain.java:140)
	at org.springframework.web.filter.ServerHttpObservationFilter.doFilterInternal(ServerHttpObservationFilter.java:107)
	at org.springframework.web.filter.OncePerRequestFilter.doFilter(OncePerRequestFilter.java:116)
	at org.apache.catalina.core.ApplicationFilterChain.internalDoFilter(ApplicationFilterChain.java:164)
	at org.apache.catalina.core.ApplicationFilterChain.doFilter(ApplicationFilterChain.java:140)
	at org.springframework.web.filter.CharacterEncodingFilter.doFilterInternal(CharacterEncodingFilter.java:201)
	at org.springframework.web.filter.OncePerRequestFilter.doFilter(OncePerRequestFilter.java:116)
	at org.apache.catalina.core.ApplicationFilterChain.internalDoFilter(ApplicationFilterChain.java:164)
	at org.apache.catalina.core.ApplicationFilterChain.doFilter(ApplicationFilterChain.java:140)
	at org.apache.catalina.core.StandardWrapperValve.invoke(StandardWrapperValve.java:167)
	at org.apache.catalina.core.StandardContextValve.invoke(StandardContextValve.java:90)
	at org.apache.catalina.authenticator.AuthenticatorBase.invoke(AuthenticatorBase.java:482)
	at org.apache.catalina.core.StandardHostValve.invoke(StandardHostValve.java:115)
	at org.apache.catalina.valves.ErrorReportValve.invoke(ErrorReportValve.java:93)
	at org.apache.catalina.core.StandardEngineValve.invoke(StandardEngineValve.java:74)
	at org.apache.catalina.connector.CoyoteAdapter.service(CoyoteAdapter.java:344)
	at org.apache.coyote.http11.Http11Processor.service(Http11Processor.java:389)
	at org.apache.coyote.AbstractProcessorLight.process(AbstractProcessorLight.java:63)
	at org.apache.coyote.AbstractProtocol$ConnectionHandler.process(AbstractProtocol.java:904)
	at org.apache.tomcat.util.net.NioEndpoint$SocketProcessor.doRun(NioEndpoint.java:1741)
	at org.apache.tomcat.util.net.SocketProcessorBase.run(SocketProcessorBase.java:52)
	at org.apache.tomcat.util.threads.ThreadPoolExecutor.runWorker(ThreadPoolExecutor.java:1190)
	at org.apache.tomcat.util.threads.ThreadPoolExecutor$Worker.run(ThreadPoolExecutor.java:659)
	at org.apache.tomcat.util.threads.TaskThread$WrappingRunnable.run(TaskThread.java:63)
	at java.base/java.lang.Thread.run(Thread.java:1583)
2026-02-02 16:02:12.654 [RMI TCP Connection(9)-127.0.0.1] INFO  o.s.b.a.SpringApplicationAdminMXBeanRegistrar$SpringApplicationAdmin [] - Application shutdown requested.
2026-02-02 16:02:12.662 [RMI TCP Connection(9)-127.0.0.1] INFO  o.a.coyote.http11.Http11NioProtocol [] - Stopping ProtocolHandler ["http-nio-8080"]
2026-02-02 16:02:12.693 [RMI TCP Connection(9)-127.0.0.1] INFO  com.zaxxer.hikari.HikariDataSource [] - HikariPool-1 - Shutdown initiated...
2026-02-02 16:02:12.700 [RMI TCP Connection(9)-127.0.0.1] INFO  com.zaxxer.hikari.HikariDataSource [] - HikariPool-1 - Shutdown completed.
2026-02-02 16:02:35.489 [background-preinit] INFO  o.h.validator.internal.util.Version [] - HV000001: Hibernate Validator 8.0.1.Final
2026-02-02 16:02:35.612 [main] INFO  c.b.c.d.DocumentManagementApplication [] - Starting DocumentManagementApplication using Java 21.0.10 with PID 22428 (C:\Workspace_IP\document-managment\bin\main started by suyogita.shivare in C:\Workspace_IP\document-managment)
2026-02-02 16:02:35.616 [main] INFO  c.b.c.d.DocumentManagementApplication [] - No active profile set, falling back to 1 default profile: "default"
2026-02-02 16:02:38.365 [main] INFO  o.s.d.r.c.RepositoryConfigurationDelegate [] - Bootstrapping Spring Data JDBC repositories in DEFAULT mode.
2026-02-02 16:02:38.429 [main] INFO  o.s.d.r.c.RepositoryConfigurationDelegate [] - Finished Spring Data repository scanning in 50 ms. Found 0 JDBC repository interfaces.
2026-02-02 16:02:39.502 [main] INFO  o.s.b.w.e.tomcat.TomcatWebServer [] - Tomcat initialized with port 8080 (http)
2026-02-02 16:02:39.533 [main] INFO  o.a.coyote.http11.Http11NioProtocol [] - Initializing ProtocolHandler ["http-nio-8080"]
2026-02-02 16:02:39.539 [main] INFO  o.a.catalina.core.StandardService [] - Starting service [Tomcat]
2026-02-02 16:02:39.539 [main] INFO  o.a.catalina.core.StandardEngine [] - Starting Servlet engine: [Apache Tomcat/10.1.25]
2026-02-02 16:02:39.705 [main] INFO  o.a.c.c.C.[Tomcat].[localhost].[/] [] - Initializing Spring embedded WebApplicationContext
2026-02-02 16:02:39.706 [main] INFO  o.s.b.w.s.c.ServletWebServerApplicationContext [] - Root WebApplicationContext: initialization completed in 3936 ms
2026-02-02 16:02:39.936 [main] INFO  com.zaxxer.hikari.HikariDataSource [] - HikariPool-1 - Starting...
2026-02-02 16:02:40.576 [main] INFO  com.zaxxer.hikari.pool.HikariPool [] - HikariPool-1 - Added connection conn0: url=jdbc:h2:file:C:/Document_Management/h2/documentdb user=SA
2026-02-02 16:02:40.580 [main] INFO  com.zaxxer.hikari.HikariDataSource [] - HikariPool-1 - Start completed.
2026-02-02 16:02:40.618 [main] INFO  o.s.b.a.h.H2ConsoleAutoConfiguration [] - H2 console available at '/h2-console'. Database available at 'jdbc:h2:file:C:/Document_Management/h2/documentdb'
2026-02-02 16:02:41.240 [main] INFO  org.flywaydb.core.FlywayExecutor [] - Database: jdbc:h2:file:C:/Document_Management/h2/documentdb (H2 2.2)
2026-02-02 16:02:41.266 [main] WARN  o.f.c.i.database.base.Database [] - Flyway upgrade recommended: H2 2.2.224 is newer than this version of Flyway and support has not been tested. The latest supported version of H2 is 2.2.220.
2026-02-02 16:02:41.360 [main] INFO  o.f.core.internal.command.DbValidate [] - Successfully validated 1 migration (execution time 00:00.060s)
2026-02-02 16:02:41.382 [main] INFO  o.f.core.internal.command.DbMigrate [] - Current version of schema "PUBLIC": 1
2026-02-02 16:02:41.387 [main] INFO  o.f.core.internal.command.DbMigrate [] - Schema "PUBLIC" is up to date. No migration necessary.
2026-02-02 16:02:41.814 [main] WARN  o.s.b.a.s.s.UserDetailsServiceAutoConfiguration [] - 

Using generated security password: c792b49e-8fb9-4edb-938f-75de7c83aa3b

This generated password is for development use only. Your security configuration must be updated before running your application in production.

2026-02-02 16:02:41.877 [main] INFO  o.s.s.c.a.a.c.InitializeUserDetailsBeanManagerConfigurer$InitializeUserDetailsManagerConfigurer [] - Global AuthenticationManager configured with UserDetailsService bean with name inMemoryUserDetailsManager
2026-02-02 16:02:42.602 [main] INFO  o.s.b.a.e.web.EndpointLinksResolver [] - Exposing 1 endpoint beneath base path '/actuator'
2026-02-02 16:02:43.796 [main] INFO  o.a.coyote.http11.Http11NioProtocol [] - Starting ProtocolHandler ["http-nio-8080"]
2026-02-02 16:02:43.859 [main] INFO  o.s.b.w.e.tomcat.TomcatWebServer [] - Tomcat started on port 8080 (http) with context path '/'
2026-02-02 16:02:43.896 [main] INFO  c.b.c.d.DocumentManagementApplication [] - Started DocumentManagementApplication in 9.273 seconds (process running for 12.163)
2026-02-02 16:02:44.501 [RMI TCP Connection(4)-127.0.0.1] INFO  o.a.c.c.C.[Tomcat].[localhost].[/] [] - Initializing Spring DispatcherServlet 'dispatcherServlet'
2026-02-02 16:02:44.501 [RMI TCP Connection(4)-127.0.0.1] INFO  o.s.web.servlet.DispatcherServlet [] - Initializing Servlet 'dispatcherServlet'
2026-02-02 16:02:44.504 [RMI TCP Connection(4)-127.0.0.1] INFO  o.s.web.servlet.DispatcherServlet [] - Completed initialization in 3 ms
2026-02-02 16:02:52.674 [http-nio-8080-exec-1] INFO  c.b.c.d.c.DocumentController [7becc1d0-79ff-4b4f-b66a-5b7a771c80b7] - Document delete API starts:  /documentsDelete | requestDeleteDocumentRequest(documentIds=[1], deleteType=SOFT, reason=Not needed further) | userIdsuyogita.shivare@accenture.com
2026-02-02 16:02:52.711 [http-nio-8080-exec-1] INFO  c.b.c.d.service.DocumentServiceImpl [7becc1d0-79ff-4b4f-b66a-5b7a771c80b7] - Delete document(s) start: deleteDocumentRequest=DeleteDocumentRequest(documentIds=[1], deleteType=SOFT, reason=Not needed further)
2026-02-02 16:02:52.742 [http-nio-8080-exec-1] DEBUG o.s.jdbc.core.JdbcTemplate [7becc1d0-79ff-4b4f-b66a-5b7a771c80b7] - Executing prepared SQL query
2026-02-02 16:02:52.745 [http-nio-8080-exec-1] DEBUG o.s.jdbc.core.JdbcTemplate [7becc1d0-79ff-4b4f-b66a-5b7a771c80b7] - Executing prepared SQL statement [SELECT * FROM documents
WHERE documentid IN (?)
AND user_id = ?
]
2026-02-02 16:02:52.788 [http-nio-8080-exec-1] DEBUG o.s.jdbc.core.BeanPropertyRowMapper [7becc1d0-79ff-4b4f-b66a-5b7a771c80b7] - Mapping column 'DOCUMENTID' to property 'documentId' of type 'java.lang.Long'
2026-02-02 16:02:52.791 [http-nio-8080-exec-1] DEBUG o.s.jdbc.core.BeanPropertyRowMapper [7becc1d0-79ff-4b4f-b66a-5b7a771c80b7] - Mapping column 'USER_ID' to property 'userId' of type 'java.lang.String'
2026-02-02 16:02:52.794 [http-nio-8080-exec-1] DEBUG o.s.jdbc.core.BeanPropertyRowMapper [7becc1d0-79ff-4b4f-b66a-5b7a771c80b7] - Mapping column 'FILE_NAME' to property 'fileName' of type 'java.lang.String'
2026-02-02 16:02:52.795 [http-nio-8080-exec-1] DEBUG o.s.jdbc.core.BeanPropertyRowMapper [7becc1d0-79ff-4b4f-b66a-5b7a771c80b7] - Mapping column 'FILE_TYPE' to property 'fileType' of type 'java.lang.String'
2026-02-02 16:02:52.796 [http-nio-8080-exec-1] DEBUG o.s.jdbc.core.BeanPropertyRowMapper [7becc1d0-79ff-4b4f-b66a-5b7a771c80b7] - Mapping column 'FILE_SIZE' to property 'fileSize' of type 'java.lang.Long'
2026-02-02 16:02:52.801 [http-nio-8080-exec-1] DEBUG o.s.jdbc.core.BeanPropertyRowMapper [7becc1d0-79ff-4b4f-b66a-5b7a771c80b7] - Mapping column 'CHECKSUM' to property 'checksum' of type 'java.lang.String'
2026-02-02 16:02:52.802 [http-nio-8080-exec-1] DEBUG o.s.jdbc.core.BeanPropertyRowMapper [7becc1d0-79ff-4b4f-b66a-5b7a771c80b7] - Mapping column 'STORAGE_PATH' to property 'storagePath' of type 'java.lang.String'
2026-02-02 16:02:52.809 [http-nio-8080-exec-1] DEBUG o.s.jdbc.core.BeanPropertyRowMapper [7becc1d0-79ff-4b4f-b66a-5b7a771c80b7] - Mapping column 'CREATED_AT' to property 'createdAt' of type 'java.time.LocalDateTime'
2026-02-02 16:02:52.812 [http-nio-8080-exec-1] DEBUG o.s.jdbc.core.BeanPropertyRowMapper [7becc1d0-79ff-4b4f-b66a-5b7a771c80b7] - Mapping column 'UPDATED_AT' to property 'updatedAt' of type 'java.time.LocalDateTime'
2026-02-02 16:02:52.822 [http-nio-8080-exec-1] DEBUG o.s.jdbc.core.JdbcTemplate [7becc1d0-79ff-4b4f-b66a-5b7a771c80b7] - Executing prepared SQL update
2026-02-02 16:02:52.824 [http-nio-8080-exec-1] DEBUG o.s.jdbc.core.JdbcTemplate [7becc1d0-79ff-4b4f-b66a-5b7a771c80b7] - Executing prepared SQL statement [INSERT INTO document_audit(documentid,action,performed_by,reason)
VALUES (?, ?, ?, ?)
]
2026-02-02 16:02:52.837 [http-nio-8080-exec-1] DEBUG o.s.jdbc.core.JdbcTemplate [7becc1d0-79ff-4b4f-b66a-5b7a771c80b7] - Executing prepared SQL update
2026-02-02 16:02:52.838 [http-nio-8080-exec-1] DEBUG o.s.jdbc.core.JdbcTemplate [7becc1d0-79ff-4b4f-b66a-5b7a771c80b7] - Executing prepared SQL statement [UPDATE documents
SET is_deleted = true,
    deleted_at = CURRENT_TIMESTAMP,
    deleted_by = ?,
    user_id= ?
WHERE documentid IN (?)
]
2026-02-02 16:02:52.852 [http-nio-8080-exec-1] INFO  c.b.c.d.service.DocumentServiceImpl [7becc1d0-79ff-4b4f-b66a-5b7a771c80b7] - Deleted 1 document(s) using SOFT delete bysuyogita.shivare@accenture.com also alreadyDeletedCount=[]
2026-02-02 16:04:32.703 [RMI TCP Connection(6)-127.0.0.1] INFO  o.s.b.a.SpringApplicationAdminMXBeanRegistrar$SpringApplicationAdmin [] - Application shutdown requested.
2026-02-02 16:04:32.713 [RMI TCP Connection(6)-127.0.0.1] INFO  o.a.coyote.http11.Http11NioProtocol [] - Stopping ProtocolHandler ["http-nio-8080"]
2026-02-02 16:04:32.752 [RMI TCP Connection(6)-127.0.0.1] INFO  com.zaxxer.hikari.HikariDataSource [] - HikariPool-1 - Shutdown initiated...
2026-02-02 16:04:32.760 [RMI TCP Connection(6)-127.0.0.1] INFO  com.zaxxer.hikari.HikariDataSource [] - HikariPool-1 - Shutdown completed.
2026-02-02 16:04:48.378 [background-preinit] INFO  o.h.validator.internal.util.Version [] - HV000001: Hibernate Validator 8.0.1.Final
2026-02-02 16:04:48.515 [main] INFO  c.b.c.d.DocumentManagementApplication [] - Starting DocumentManagementApplication using Java 21.0.10 with PID 12432 (C:\Workspace_IP\document-managment\bin\main started by suyogita.shivare in C:\Workspace_IP\document-managment)
2026-02-02 16:04:48.517 [main] INFO  c.b.c.d.DocumentManagementApplication [] - No active profile set, falling back to 1 default profile: "default"
2026-02-02 16:04:52.579 [main] INFO  o.s.d.r.c.RepositoryConfigurationDelegate [] - Bootstrapping Spring Data JDBC repositories in DEFAULT mode.
2026-02-02 16:04:52.639 [main] INFO  o.s.d.r.c.RepositoryConfigurationDelegate [] - Finished Spring Data repository scanning in 45 ms. Found 0 JDBC repository interfaces.
2026-02-02 16:04:53.924 [main] INFO  o.s.b.w.e.tomcat.TomcatWebServer [] - Tomcat initialized with port 8080 (http)
2026-02-02 16:04:53.966 [main] INFO  o.a.coyote.http11.Http11NioProtocol [] - Initializing ProtocolHandler ["http-nio-8080"]
2026-02-02 16:04:53.974 [main] INFO  o.a.catalina.core.StandardService [] - Starting service [Tomcat]
2026-02-02 16:04:53.974 [main] INFO  o.a.catalina.core.StandardEngine [] - Starting Servlet engine: [Apache Tomcat/10.1.25]
2026-02-02 16:04:54.162 [main] INFO  o.a.c.c.C.[Tomcat].[localhost].[/] [] - Initializing Spring embedded WebApplicationContext
2026-02-02 16:04:54.163 [main] INFO  o.s.b.w.s.c.ServletWebServerApplicationContext [] - Root WebApplicationContext: initialization completed in 5513 ms
2026-02-02 16:04:54.409 [main] INFO  com.zaxxer.hikari.HikariDataSource [] - HikariPool-1 - Starting...
2026-02-02 16:04:55.429 [main] INFO  com.zaxxer.hikari.pool.HikariPool [] - HikariPool-1 - Added connection conn0: url=jdbc:h2:file:C:/Document_Management/h2/documentdb user=SA
2026-02-02 16:04:55.437 [main] INFO  com.zaxxer.hikari.HikariDataSource [] - HikariPool-1 - Start completed.
2026-02-02 16:04:55.493 [main] INFO  o.s.b.a.h.H2ConsoleAutoConfiguration [] - H2 console available at '/h2-console'. Database available at 'jdbc:h2:file:C:/Document_Management/h2/documentdb'
2026-02-02 16:04:56.497 [main] INFO  org.flywaydb.core.FlywayExecutor [] - Database: jdbc:h2:file:C:/Document_Management/h2/documentdb (H2 2.2)
2026-02-02 16:04:56.519 [main] WARN  o.f.c.i.database.base.Database [] - Flyway upgrade recommended: H2 2.2.224 is newer than this version of Flyway and support has not been tested. The latest supported version of H2 is 2.2.220.
2026-02-02 16:04:56.631 [main] INFO  o.f.core.internal.command.DbValidate [] - Successfully validated 1 migration (execution time 00:00.077s)
2026-02-02 16:04:56.654 [main] INFO  o.f.core.internal.command.DbMigrate [] - Current version of schema "PUBLIC": 1
2026-02-02 16:04:56.659 [main] INFO  o.f.core.internal.command.DbMigrate [] - Schema "PUBLIC" is up to date. No migration necessary.
2026-02-02 16:05:06.529 [main] WARN  o.s.b.a.s.s.UserDetailsServiceAutoConfiguration [] - 

Using generated security password: e16bbe91-5cef-48f1-9887-662023b61d74

This generated password is for development use only. Your security configuration must be updated before running your application in production.

2026-02-02 16:05:06.594 [main] INFO  o.s.s.c.a.a.c.InitializeUserDetailsBeanManagerConfigurer$InitializeUserDetailsManagerConfigurer [] - Global AuthenticationManager configured with UserDetailsService bean with name inMemoryUserDetailsManager
2026-02-02 16:05:07.578 [main] INFO  o.s.b.a.e.web.EndpointLinksResolver [] - Exposing 1 endpoint beneath base path '/actuator'
2026-02-02 16:05:09.145 [main] INFO  o.a.coyote.http11.Http11NioProtocol [] - Starting ProtocolHandler ["http-nio-8080"]
2026-02-02 16:05:09.219 [main] INFO  o.s.b.w.e.tomcat.TomcatWebServer [] - Tomcat started on port 8080 (http) with context path '/'
2026-02-02 16:05:09.263 [main] INFO  c.b.c.d.DocumentManagementApplication [] - Started DocumentManagementApplication in 21.982 seconds (process running for 26.162)
2026-02-02 16:05:09.812 [RMI TCP Connection(5)-127.0.0.1] INFO  o.a.c.c.C.[Tomcat].[localhost].[/] [] - Initializing Spring DispatcherServlet 'dispatcherServlet'
2026-02-02 16:05:09.813 [RMI TCP Connection(5)-127.0.0.1] INFO  o.s.web.servlet.DispatcherServlet [] - Initializing Servlet 'dispatcherServlet'
2026-02-02 16:05:09.816 [RMI TCP Connection(5)-127.0.0.1] INFO  o.s.web.servlet.DispatcherServlet [] - Completed initialization in 2 ms
2026-02-02 16:05:31.360 [http-nio-8080-exec-2] INFO  c.b.c.d.c.DocumentController [e9e854ed-a5fd-4c88-bb8b-9ffafbc4e9f8] - Document delete API starts:  /documentsDelete | requestDeleteDocumentRequest(documentIds=[1], deleteType=SOFT, reason=Not needed further) | userIdsuyogita.shivare@accenture.com
2026-02-02 16:05:31.417 [http-nio-8080-exec-2] INFO  c.b.c.d.service.DocumentServiceImpl [e9e854ed-a5fd-4c88-bb8b-9ffafbc4e9f8] - Delete document(s) start: deleteDocumentRequest=DeleteDocumentRequest(documentIds=[1], deleteType=SOFT, reason=Not needed further)
2026-02-02 16:05:31.450 [http-nio-8080-exec-2] DEBUG o.s.jdbc.core.JdbcTemplate [e9e854ed-a5fd-4c88-bb8b-9ffafbc4e9f8] - Executing prepared SQL query
2026-02-02 16:05:31.455 [http-nio-8080-exec-2] DEBUG o.s.jdbc.core.JdbcTemplate [e9e854ed-a5fd-4c88-bb8b-9ffafbc4e9f8] - Executing prepared SQL statement [SELECT * FROM documents
WHERE documentid IN (?)
AND user_id = ?
]
2026-02-02 16:05:31.500 [http-nio-8080-exec-2] DEBUG o.s.jdbc.core.BeanPropertyRowMapper [e9e854ed-a5fd-4c88-bb8b-9ffafbc4e9f8] - Mapping column 'DOCUMENTID' to property 'documentId' of type 'java.lang.Long'
2026-02-02 16:05:31.503 [http-nio-8080-exec-2] DEBUG o.s.jdbc.core.BeanPropertyRowMapper [e9e854ed-a5fd-4c88-bb8b-9ffafbc4e9f8] - Mapping column 'USER_ID' to property 'userId' of type 'java.lang.String'
2026-02-02 16:05:31.510 [http-nio-8080-exec-2] DEBUG o.s.jdbc.core.BeanPropertyRowMapper [e9e854ed-a5fd-4c88-bb8b-9ffafbc4e9f8] - Mapping column 'FILE_NAME' to property 'fileName' of type 'java.lang.String'
2026-02-02 16:05:31.514 [http-nio-8080-exec-2] DEBUG o.s.jdbc.core.BeanPropertyRowMapper [e9e854ed-a5fd-4c88-bb8b-9ffafbc4e9f8] - Mapping column 'FILE_TYPE' to property 'fileType' of type 'java.lang.String'
2026-02-02 16:05:31.515 [http-nio-8080-exec-2] DEBUG o.s.jdbc.core.BeanPropertyRowMapper [e9e854ed-a5fd-4c88-bb8b-9ffafbc4e9f8] - Mapping column 'FILE_SIZE' to property 'fileSize' of type 'java.lang.Long'
2026-02-02 16:05:31.521 [http-nio-8080-exec-2] DEBUG o.s.jdbc.core.BeanPropertyRowMapper [e9e854ed-a5fd-4c88-bb8b-9ffafbc4e9f8] - Mapping column 'CHECKSUM' to property 'checksum' of type 'java.lang.String'
2026-02-02 16:05:31.524 [http-nio-8080-exec-2] DEBUG o.s.jdbc.core.BeanPropertyRowMapper [e9e854ed-a5fd-4c88-bb8b-9ffafbc4e9f8] - Mapping column 'STORAGE_PATH' to property 'storagePath' of type 'java.lang.String'
2026-02-02 16:05:31.530 [http-nio-8080-exec-2] DEBUG o.s.jdbc.core.BeanPropertyRowMapper [e9e854ed-a5fd-4c88-bb8b-9ffafbc4e9f8] - Mapping column 'CREATED_AT' to property 'createdAt' of type 'java.time.LocalDateTime'
2026-02-02 16:05:31.534 [http-nio-8080-exec-2] DEBUG o.s.jdbc.core.BeanPropertyRowMapper [e9e854ed-a5fd-4c88-bb8b-9ffafbc4e9f8] - Mapping column 'UPDATED_AT' to property 'updatedAt' of type 'java.time.LocalDateTime'
2026-02-02 16:22:52.428 [http-nio-8080-exec-2] INFO  c.b.c.d.service.DocumentServiceImpl [e9e854ed-a5fd-4c88-bb8b-9ffafbc4e9f8] - Delete document(s) start: deleteDocumentRequest=DeleteDocumentRequest(documentIds=[1], deleteType=SOFT, reason=Not needed further)
2026-02-02 16:22:52.435 [http-nio-8080-exec-2] DEBUG o.s.jdbc.core.JdbcTemplate [e9e854ed-a5fd-4c88-bb8b-9ffafbc4e9f8] - Executing prepared SQL query
2026-02-02 16:22:52.439 [http-nio-8080-exec-2] DEBUG o.s.jdbc.core.JdbcTemplate [e9e854ed-a5fd-4c88-bb8b-9ffafbc4e9f8] - Executing prepared SQL statement [SELECT * FROM documents
WHERE documentid IN (?)
AND user_id = ?
]
2026-02-02 16:22:52.462 [http-nio-8080-exec-2] DEBUG o.s.jdbc.core.BeanPropertyRowMapper [e9e854ed-a5fd-4c88-bb8b-9ffafbc4e9f8] - Mapping column 'DOCUMENTID' to property 'documentId' of type 'java.lang.Long'
2026-02-02 16:22:52.465 [http-nio-8080-exec-2] DEBUG o.s.jdbc.core.BeanPropertyRowMapper [e9e854ed-a5fd-4c88-bb8b-9ffafbc4e9f8] - Mapping column 'USER_ID' to property 'userId' of type 'java.lang.String'
2026-02-02 16:22:52.469 [http-nio-8080-exec-2] DEBUG o.s.jdbc.core.BeanPropertyRowMapper [e9e854ed-a5fd-4c88-bb8b-9ffafbc4e9f8] - Mapping column 'FILE_NAME' to property 'fileName' of type 'java.lang.String'
2026-02-02 16:22:52.471 [http-nio-8080-exec-2] DEBUG o.s.jdbc.core.BeanPropertyRowMapper [e9e854ed-a5fd-4c88-bb8b-9ffafbc4e9f8] - Mapping column 'FILE_TYPE' to property 'fileType' of type 'java.lang.String'
2026-02-02 16:22:52.473 [http-nio-8080-exec-2] DEBUG o.s.jdbc.core.BeanPropertyRowMapper [e9e854ed-a5fd-4c88-bb8b-9ffafbc4e9f8] - Mapping column 'FILE_SIZE' to property 'fileSize' of type 'java.lang.Long'
2026-02-02 16:22:52.475 [http-nio-8080-exec-2] DEBUG o.s.jdbc.core.BeanPropertyRowMapper [e9e854ed-a5fd-4c88-bb8b-9ffafbc4e9f8] - Mapping column 'CHECKSUM' to property 'checksum' of type 'java.lang.String'
2026-02-02 16:22:52.477 [http-nio-8080-exec-2] DEBUG o.s.jdbc.core.BeanPropertyRowMapper [e9e854ed-a5fd-4c88-bb8b-9ffafbc4e9f8] - Mapping column 'STORAGE_PATH' to property 'storagePath' of type 'java.lang.String'
2026-02-02 16:22:52.481 [http-nio-8080-exec-2] DEBUG o.s.jdbc.core.BeanPropertyRowMapper [e9e854ed-a5fd-4c88-bb8b-9ffafbc4e9f8] - Mapping column 'CREATED_AT' to property 'createdAt' of type 'java.time.LocalDateTime'
2026-02-02 16:22:52.492 [http-nio-8080-exec-2] DEBUG o.s.jdbc.core.BeanPropertyRowMapper [e9e854ed-a5fd-4c88-bb8b-9ffafbc4e9f8] - Mapping column 'UPDATED_AT' to property 'updatedAt' of type 'java.time.LocalDateTime'
2026-02-02 16:24:42.977 [http-nio-8080-exec-2] INFO  c.b.c.d.service.DocumentServiceImpl [e9e854ed-a5fd-4c88-bb8b-9ffafbc4e9f8] - Delete document(s) start: deleteDocumentRequest=DeleteDocumentRequest(documentIds=[1], deleteType=SOFT, reason=Not needed further)
2026-02-02 16:24:42.986 [http-nio-8080-exec-2] DEBUG o.s.jdbc.core.JdbcTemplate [e9e854ed-a5fd-4c88-bb8b-9ffafbc4e9f8] - Executing prepared SQL query
2026-02-02 16:24:42.987 [http-nio-8080-exec-2] DEBUG o.s.jdbc.core.JdbcTemplate [e9e854ed-a5fd-4c88-bb8b-9ffafbc4e9f8] - Executing prepared SQL statement [SELECT * FROM documents
WHERE documentid IN (?)
AND user_id = ?
AND is_deleted = FALSE
]
2026-02-02 16:24:43.017 [http-nio-8080-exec-2] ERROR c.b.c.d.e.GlobalExceptionHandler [e9e854ed-a5fd-4c88-bb8b-9ffafbc4e9f8] - Unhandled exception
java.lang.IllegalArgumentException: No document(s) found for deletion
	at com.banking.creditjourney.document.service.DocumentServiceImpl.documentDeletes(DocumentServiceImpl.java:103)
	at java.base/jdk.internal.reflect.DirectMethodHandleAccessor.invoke(DirectMethodHandleAccessor.java:103)
	at java.base/java.lang.reflect.Method.invoke(Method.java:580)
	at org.springframework.aop.support.AopUtils.invokeJoinpointUsingReflection(AopUtils.java:354)
	at org.springframework.aop.framework.ReflectiveMethodInvocation.invokeJoinpoint(ReflectiveMethodInvocation.java:196)
	at org.springframework.aop.framework.ReflectiveMethodInvocation.proceed(ReflectiveMethodInvocation.java:163)
	at org.springframework.aop.framework.CglibAopProxy$CglibMethodInvocation.proceed(CglibAopProxy.java:768)
	at org.springframework.transaction.interceptor.TransactionInterceptor$1.proceedWithInvocation(TransactionInterceptor.java:123)
	at org.springframework.transaction.interceptor.TransactionAspectSupport.invokeWithinTransaction(TransactionAspectSupport.java:392)
	at org.springframework.transaction.interceptor.TransactionInterceptor.invoke(TransactionInterceptor.java:119)
	at org.springframework.aop.framework.ReflectiveMethodInvocation.proceed(ReflectiveMethodInvocation.java:184)
	at org.springframework.aop.framework.CglibAopProxy$CglibMethodInvocation.proceed(CglibAopProxy.java:768)
	at org.springframework.aop.framework.CglibAopProxy$DynamicAdvisedInterceptor.intercept(CglibAopProxy.java:720)
	at com.banking.creditjourney.document.service.DocumentServiceImpl$$SpringCGLIB$$0.documentDeletes(<generated>)
	at com.banking.creditjourney.document.controller.DocumentController.documentDelete(DocumentController.java:97)
	at java.base/jdk.internal.reflect.DirectMethodHandleAccessor.invoke(DirectMethodHandleAccessor.java:103)
	at java.base/java.lang.reflect.Method.invoke(Method.java:580)
	at org.springframework.web.method.support.InvocableHandlerMethod.doInvoke(InvocableHandlerMethod.java:255)
	at org.springframework.web.method.support.InvocableHandlerMethod.invokeForRequest(InvocableHandlerMethod.java:188)
	at org.springframework.web.servlet.mvc.method.annotation.ServletInvocableHandlerMethod.invokeAndHandle(ServletInvocableHandlerMethod.java:118)
	at org.springframework.web.servlet.mvc.method.annotation.RequestMappingHandlerAdapter.invokeHandlerMethod(RequestMappingHandlerAdapter.java:926)
	at org.springframework.web.servlet.mvc.method.annotation.RequestMappingHandlerAdapter.handleInternal(RequestMappingHandlerAdapter.java:831)
	at org.springframework.web.servlet.mvc.method.AbstractHandlerMethodAdapter.handle(AbstractHandlerMethodAdapter.java:87)
	at org.springframework.web.servlet.DispatcherServlet.doDispatch(DispatcherServlet.java:1089)
	at org.springframework.web.servlet.DispatcherServlet.doService(DispatcherServlet.java:979)
	at org.springframework.web.servlet.FrameworkServlet.processRequest(FrameworkServlet.java:1014)
	at org.springframework.web.servlet.FrameworkServlet.doDelete(FrameworkServlet.java:936)
	at jakarta.servlet.http.HttpServlet.service(HttpServlet.java:596)
	at org.springframework.web.servlet.FrameworkServlet.service(FrameworkServlet.java:885)
	at jakarta.servlet.http.HttpServlet.service(HttpServlet.java:658)
	at org.apache.catalina.core.ApplicationFilterChain.internalDoFilter(ApplicationFilterChain.java:195)
	at org.apache.catalina.core.ApplicationFilterChain.doFilter(ApplicationFilterChain.java:140)
	at org.apache.tomcat.websocket.server.WsFilter.doFilter(WsFilter.java:51)
	at org.apache.catalina.core.ApplicationFilterChain.internalDoFilter(ApplicationFilterChain.java:164)
	at org.apache.catalina.core.ApplicationFilterChain.doFilter(ApplicationFilterChain.java:140)
	at org.springframework.web.filter.OncePerRequestFilter.doFilter(OncePerRequestFilter.java:110)
	at org.apache.catalina.core.ApplicationFilterChain.internalDoFilter(ApplicationFilterChain.java:164)
	at org.apache.catalina.core.ApplicationFilterChain.doFilter(ApplicationFilterChain.java:140)
	at com.banking.creditjourney.document.security.CorrelationIdFilter.doFilterInternal(CorrelationIdFilter.java:31)
	at org.springframework.web.filter.OncePerRequestFilter.doFilter(OncePerRequestFilter.java:116)
	at org.apache.catalina.core.ApplicationFilterChain.internalDoFilter(ApplicationFilterChain.java:164)
	at org.apache.catalina.core.ApplicationFilterChain.doFilter(ApplicationFilterChain.java:140)
	at org.springframework.web.filter.CompositeFilter$VirtualFilterChain.doFilter(CompositeFilter.java:108)
	at org.springframework.security.web.FilterChainProxy.lambda$doFilterInternal$3(FilterChainProxy.java:231)
	at org.springframework.security.web.ObservationFilterChainDecorator$FilterObservation$SimpleFilterObservation.lambda$wrap$1(ObservationFilterChainDecorator.java:479)
	at org.springframework.security.web.ObservationFilterChainDecorator$AroundFilterObservation$SimpleAroundFilterObservation.lambda$wrap$1(ObservationFilterChainDecorator.java:340)
	at org.springframework.security.web.ObservationFilterChainDecorator.lambda$wrapSecured$0(ObservationFilterChainDecorator.java:82)
	at org.springframework.security.web.ObservationFilterChainDecorator$VirtualFilterChain.doFilter(ObservationFilterChainDecorator.java:128)
	at org.springframework.security.web.access.intercept.AuthorizationFilter.doFilter(AuthorizationFilter.java:100)
	at org.springframework.security.web.ObservationFilterChainDecorator$ObservationFilter.wrapFilter(ObservationFilterChainDecorator.java:240)
	at org.springframework.security.web.ObservationFilterChainDecorator$ObservationFilter.doFilter(ObservationFilterChainDecorator.java:227)
	at org.springframework.security.web.ObservationFilterChainDecorator$VirtualFilterChain.doFilter(ObservationFilterChainDecorator.java:137)
	at org.springframework.security.web.access.ExceptionTranslationFilter.doFilter(ExceptionTranslationFilter.java:126)
	at org.springframework.security.web.access.ExceptionTranslationFilter.doFilter(ExceptionTranslationFilter.java:120)
	at org.springframework.security.web.ObservationFilterChainDecorator$ObservationFilter.wrapFilter(ObservationFilterChainDecorator.java:240)
	at org.springframework.security.web.ObservationFilterChainDecorator$ObservationFilter.doFilter(ObservationFilterChainDecorator.java:227)
	at org.springframework.security.web.ObservationFilterChainDecorator$VirtualFilterChain.doFilter(ObservationFilterChainDecorator.java:137)
	at org.springframework.security.web.authentication.AnonymousAuthenticationFilter.doFilter(AnonymousAuthenticationFilter.java:100)
	at org.springframework.security.web.ObservationFilterChainDecorator$ObservationFilter.wrapFilter(ObservationFilterChainDecorator.java:240)
	at org.springframework.security.web.ObservationFilterChainDecorator$ObservationFilter.doFilter(ObservationFilterChainDecorator.java:227)
	at org.springframework.security.web.ObservationFilterChainDecorator$VirtualFilterChain.doFilter(ObservationFilterChainDecorator.java:137)
	at org.springframework.security.web.servletapi.SecurityContextHolderAwareRequestFilter.doFilter(SecurityContextHolderAwareRequestFilter.java:179)
	at org.springframework.security.web.ObservationFilterChainDecorator$ObservationFilter.wrapFilter(ObservationFilterChainDecorator.java:240)
	at org.springframework.security.web.ObservationFilterChainDecorator$ObservationFilter.doFilter(ObservationFilterChainDecorator.java:227)
	at org.springframework.security.web.ObservationFilterChainDecorator$VirtualFilterChain.doFilter(ObservationFilterChainDecorator.java:137)
	at org.springframework.security.web.savedrequest.RequestCacheAwareFilter.doFilter(RequestCacheAwareFilter.java:63)
	at org.springframework.security.web.ObservationFilterChainDecorator$ObservationFilter.wrapFilter(ObservationFilterChainDecorator.java:240)
	at org.springframework.security.web.ObservationFilterChainDecorator$ObservationFilter.doFilter(ObservationFilterChainDecorator.java:227)
	at org.springframework.security.web.ObservationFilterChainDecorator$VirtualFilterChain.doFilter(ObservationFilterChainDecorator.java:137)
	at org.springframework.security.web.authentication.www.BasicAuthenticationFilter.doFilterInternal(BasicAuthenticationFilter.java:181)
	at org.springframework.web.filter.OncePerRequestFilter.doFilter(OncePerRequestFilter.java:116)
	at org.springframework.security.web.ObservationFilterChainDecorator$ObservationFilter.wrapFilter(ObservationFilterChainDecorator.java:240)
	at org.springframework.security.web.ObservationFilterChainDecorator$ObservationFilter.doFilter(ObservationFilterChainDecorator.java:227)
	at org.springframework.security.web.ObservationFilterChainDecorator$VirtualFilterChain.doFilter(ObservationFilterChainDecorator.java:137)
	at com.banking.creditjourney.document.security.JwtAuthenticationFilter.doFilterInternal(JwtAuthenticationFilter.java:34)
	at org.springframework.web.filter.OncePerRequestFilter.doFilter(OncePerRequestFilter.java:116)
	at org.springframework.security.web.ObservationFilterChainDecorator$ObservationFilter.wrapFilter(ObservationFilterChainDecorator.java:240)
	at org.springframework.security.web.ObservationFilterChainDecorator$ObservationFilter.doFilter(ObservationFilterChainDecorator.java:227)
	at org.springframework.security.web.ObservationFilterChainDecorator$VirtualFilterChain.doFilter(ObservationFilterChainDecorator.java:137)
	at org.springframework.security.web.authentication.logout.LogoutFilter.doFilter(LogoutFilter.java:107)
	at org.springframework.security.web.authentication.logout.LogoutFilter.doFilter(LogoutFilter.java:93)
	at org.springframework.security.web.ObservationFilterChainDecorator$ObservationFilter.wrapFilter(ObservationFilterChainDecorator.java:240)
	at org.springframework.security.web.ObservationFilterChainDecorator$ObservationFilter.doFilter(ObservationFilterChainDecorator.java:227)
	at org.springframework.security.web.ObservationFilterChainDecorator$VirtualFilterChain.doFilter(ObservationFilterChainDecorator.java:137)
	at org.springframework.web.filter.CorsFilter.doFilterInternal(CorsFilter.java:91)
	at org.springframework.web.filter.OncePerRequestFilter.doFilter(OncePerRequestFilter.java:116)
	at org.springframework.security.web.ObservationFilterChainDecorator$ObservationFilter.wrapFilter(ObservationFilterChainDecorator.java:240)
	at org.springframework.security.web.ObservationFilterChainDecorator$ObservationFilter.doFilter(ObservationFilterChainDecorator.java:227)
	at org.springframework.security.web.ObservationFilterChainDecorator$VirtualFilterChain.doFilter(ObservationFilterChainDecorator.java:137)
	at org.springframework.security.web.header.HeaderWriterFilter.doHeadersAfter(HeaderWriterFilter.java:90)
	at org.springframework.security.web.header.HeaderWriterFilter.doFilterInternal(HeaderWriterFilter.java:75)
	at org.springframework.web.filter.OncePerRequestFilter.doFilter(OncePerRequestFilter.java:116)
	at org.springframework.security.web.ObservationFilterChainDecorator$ObservationFilter.wrapFilter(ObservationFilterChainDecorator.java:240)
	at org.springframework.security.web.ObservationFilterChainDecorator$ObservationFilter.doFilter(ObservationFilterChainDecorator.java:227)
	at org.springframework.security.web.ObservationFilterChainDecorator$VirtualFilterChain.doFilter(ObservationFilterChainDecorator.java:137)
	at org.springframework.security.web.context.SecurityContextHolderFilter.doFilter(SecurityContextHolderFilter.java:82)
	at org.springframework.security.web.context.SecurityContextHolderFilter.doFilter(SecurityContextHolderFilter.java:69)
	at org.springframework.security.web.ObservationFilterChainDecorator$ObservationFilter.wrapFilter(ObservationFilterChainDecorator.java:240)
	at org.springframework.security.web.ObservationFilterChainDecorator$ObservationFilter.doFilter(ObservationFilterChainDecorator.java:227)
	at org.springframework.security.web.ObservationFilterChainDecorator$VirtualFilterChain.doFilter(ObservationFilterChainDecorator.java:137)
	at org.springframework.security.web.context.request.async.WebAsyncManagerIntegrationFilter.doFilterInternal(WebAsyncManagerIntegrationFilter.java:62)
	at org.springframework.web.filter.OncePerRequestFilter.doFilter(OncePerRequestFilter.java:116)
	at org.springframework.security.web.ObservationFilterChainDecorator$ObservationFilter.wrapFilter(ObservationFilterChainDecorator.java:240)
	at org.springframework.security.web.ObservationFilterChainDecorator$ObservationFilter.doFilter(ObservationFilterChainDecorator.java:227)
	at org.springframework.security.web.ObservationFilterChainDecorator$VirtualFilterChain.doFilter(ObservationFilterChainDecorator.java:137)
	at org.springframework.security.web.session.DisableEncodeUrlFilter.doFilterInternal(DisableEncodeUrlFilter.java:42)
	at org.springframework.web.filter.OncePerRequestFilter.doFilter(OncePerRequestFilter.java:116)
	at org.springframework.security.web.ObservationFilterChainDecorator$ObservationFilter.wrapFilter(ObservationFilterChainDecorator.java:240)
	at org.springframework.security.web.ObservationFilterChainDecorator$AroundFilterObservation$SimpleAroundFilterObservation.lambda$wrap$0(ObservationFilterChainDecorator.java:323)
	at org.springframework.security.web.ObservationFilterChainDecorator$ObservationFilter.doFilter(ObservationFilterChainDecorator.java:224)
	at org.springframework.security.web.ObservationFilterChainDecorator$VirtualFilterChain.doFilter(ObservationFilterChainDecorator.java:137)
	at org.springframework.security.web.FilterChainProxy.doFilterInternal(FilterChainProxy.java:233)
	at org.springframework.security.web.FilterChainProxy.doFilter(FilterChainProxy.java:191)
	at org.springframework.web.filter.CompositeFilter$VirtualFilterChain.doFilter(CompositeFilter.java:113)
	at org.springframework.web.servlet.handler.HandlerMappingIntrospector.lambda$createCacheFilter$3(HandlerMappingIntrospector.java:195)
	at org.springframework.web.filter.CompositeFilter$VirtualFilterChain.doFilter(CompositeFilter.java:113)
	at org.springframework.web.filter.CompositeFilter.doFilter(CompositeFilter.java:74)
	at org.springframework.security.config.annotation.web.configuration.WebMvcSecurityConfiguration$CompositeFilterChainProxy.doFilter(WebMvcSecurityConfiguration.java:230)
	at org.springframework.web.filter.DelegatingFilterProxy.invokeDelegate(DelegatingFilterProxy.java:352)
	at org.springframework.web.filter.DelegatingFilterProxy.doFilter(DelegatingFilterProxy.java:268)
	at org.apache.catalina.core.ApplicationFilterChain.internalDoFilter(ApplicationFilterChain.java:164)
	at org.apache.catalina.core.ApplicationFilterChain.doFilter(ApplicationFilterChain.java:140)
	at org.springframework.web.filter.RequestContextFilter.doFilterInternal(RequestContextFilter.java:100)
	at org.springframework.web.filter.OncePerRequestFilter.doFilter(OncePerRequestFilter.java:116)
	at org.apache.catalina.core.ApplicationFilterChain.internalDoFilter(ApplicationFilterChain.java:164)
	at org.apache.catalina.core.ApplicationFilterChain.doFilter(ApplicationFilterChain.java:140)
	at org.springframework.web.filter.FormContentFilter.doFilterInternal(FormContentFilter.java:93)
	at org.springframework.web.filter.OncePerRequestFilter.doFilter(OncePerRequestFilter.java:116)
	at org.apache.catalina.core.ApplicationFilterChain.internalDoFilter(ApplicationFilterChain.java:164)
	at org.apache.catalina.core.ApplicationFilterChain.doFilter(ApplicationFilterChain.java:140)
	at org.springframework.web.filter.ServerHttpObservationFilter.doFilterInternal(ServerHttpObservationFilter.java:107)
	at org.springframework.web.filter.OncePerRequestFilter.doFilter(OncePerRequestFilter.java:116)
	at org.apache.catalina.core.ApplicationFilterChain.internalDoFilter(ApplicationFilterChain.java:164)
	at org.apache.catalina.core.ApplicationFilterChain.doFilter(ApplicationFilterChain.java:140)
	at org.springframework.web.filter.CharacterEncodingFilter.doFilterInternal(CharacterEncodingFilter.java:201)
	at org.springframework.web.filter.OncePerRequestFilter.doFilter(OncePerRequestFilter.java:116)
	at org.apache.catalina.core.ApplicationFilterChain.internalDoFilter(ApplicationFilterChain.java:164)
	at org.apache.catalina.core.ApplicationFilterChain.doFilter(ApplicationFilterChain.java:140)
	at org.apache.catalina.core.StandardWrapperValve.invoke(StandardWrapperValve.java:167)
	at org.apache.catalina.core.StandardContextValve.invoke(StandardContextValve.java:90)
	at org.apache.catalina.authenticator.AuthenticatorBase.invoke(AuthenticatorBase.java:482)
	at org.apache.catalina.core.StandardHostValve.invoke(StandardHostValve.java:115)
	at org.apache.catalina.valves.ErrorReportValve.invoke(ErrorReportValve.java:93)
	at org.apache.catalina.core.StandardEngineValve.invoke(StandardEngineValve.java:74)
	at org.apache.catalina.connector.CoyoteAdapter.service(CoyoteAdapter.java:344)
	at org.apache.coyote.http11.Http11Processor.service(Http11Processor.java:389)
	at org.apache.coyote.AbstractProcessorLight.process(AbstractProcessorLight.java:63)
	at org.apache.coyote.AbstractProtocol$ConnectionHandler.process(AbstractProtocol.java:904)
	at org.apache.tomcat.util.net.NioEndpoint$SocketProcessor.doRun(NioEndpoint.java:1741)
	at org.apache.tomcat.util.net.SocketProcessorBase.run(SocketProcessorBase.java:52)
	at org.apache.tomcat.util.threads.ThreadPoolExecutor.runWorker(ThreadPoolExecutor.java:1190)
	at org.apache.tomcat.util.threads.ThreadPoolExecutor$Worker.run(ThreadPoolExecutor.java:659)
	at org.apache.tomcat.util.threads.TaskThread$WrappingRunnable.run(TaskThread.java:63)
	at java.base/java.lang.Thread.run(Thread.java:1583)
2026-02-02 16:29:17.662 [http-nio-8080-exec-4] INFO  c.b.c.d.c.DocumentController [8dfa9aa6-b4eb-4b2d-9314-8e36a7c843a2] - Document delete API starts:  /documentsDelete | requestDeleteDocumentRequest(documentIds=[1], deleteType=SOFT, reason=Not needed further) | userIdsuyogita.shivare@accenture.com
2026-02-02 16:29:17.664 [http-nio-8080-exec-4] INFO  c.b.c.d.service.DocumentServiceImpl [8dfa9aa6-b4eb-4b2d-9314-8e36a7c843a2] - Delete document(s) start: deleteDocumentRequest=DeleteDocumentRequest(documentIds=[1], deleteType=SOFT, reason=Not needed further)
2026-02-02 16:29:17.666 [http-nio-8080-exec-4] DEBUG o.s.jdbc.core.JdbcTemplate [8dfa9aa6-b4eb-4b2d-9314-8e36a7c843a2] - Executing prepared SQL query
2026-02-02 16:29:17.666 [http-nio-8080-exec-4] DEBUG o.s.jdbc.core.JdbcTemplate [8dfa9aa6-b4eb-4b2d-9314-8e36a7c843a2] - Executing prepared SQL statement [SELECT * FROM documents
WHERE documentid IN (?)
AND user_id = ?
AND is_deleted = FALSE
]
2026-02-02 16:29:17.671 [http-nio-8080-exec-4] ERROR c.b.c.d.e.GlobalExceptionHandler [8dfa9aa6-b4eb-4b2d-9314-8e36a7c843a2] - Unhandled exception
java.lang.IllegalArgumentException: No document(s) found for deletion
	at com.banking.creditjourney.document.service.DocumentServiceImpl.documentDeletes(DocumentServiceImpl.java:103)
	at java.base/jdk.internal.reflect.DirectMethodHandleAccessor.invoke(DirectMethodHandleAccessor.java:103)
	at java.base/java.lang.reflect.Method.invoke(Method.java:580)
	at org.springframework.aop.support.AopUtils.invokeJoinpointUsingReflection(AopUtils.java:354)
	at org.springframework.aop.framework.ReflectiveMethodInvocation.invokeJoinpoint(ReflectiveMethodInvocation.java:196)
	at org.springframework.aop.framework.ReflectiveMethodInvocation.proceed(ReflectiveMethodInvocation.java:163)
	at org.springframework.aop.framework.CglibAopProxy$CglibMethodInvocation.proceed(CglibAopProxy.java:768)
	at org.springframework.transaction.interceptor.TransactionInterceptor$1.proceedWithInvocation(TransactionInterceptor.java:123)
	at org.springframework.transaction.interceptor.TransactionAspectSupport.invokeWithinTransaction(TransactionAspectSupport.java:392)
	at org.springframework.transaction.interceptor.TransactionInterceptor.invoke(TransactionInterceptor.java:119)
	at org.springframework.aop.framework.ReflectiveMethodInvocation.proceed(ReflectiveMethodInvocation.java:184)
	at org.springframework.aop.framework.CglibAopProxy$CglibMethodInvocation.proceed(CglibAopProxy.java:768)
	at org.springframework.aop.framework.CglibAopProxy$DynamicAdvisedInterceptor.intercept(CglibAopProxy.java:720)
	at com.banking.creditjourney.document.service.DocumentServiceImpl$$SpringCGLIB$$0.documentDeletes(<generated>)
	at com.banking.creditjourney.document.controller.DocumentController.documentDelete(DocumentController.java:97)
	at java.base/jdk.internal.reflect.DirectMethodHandleAccessor.invoke(DirectMethodHandleAccessor.java:103)
	at java.base/java.lang.reflect.Method.invoke(Method.java:580)
	at org.springframework.web.method.support.InvocableHandlerMethod.doInvoke(InvocableHandlerMethod.java:255)
	at org.springframework.web.method.support.InvocableHandlerMethod.invokeForRequest(InvocableHandlerMethod.java:188)
	at org.springframework.web.servlet.mvc.method.annotation.ServletInvocableHandlerMethod.invokeAndHandle(ServletInvocableHandlerMethod.java:118)
	at org.springframework.web.servlet.mvc.method.annotation.RequestMappingHandlerAdapter.invokeHandlerMethod(RequestMappingHandlerAdapter.java:926)
	at org.springframework.web.servlet.mvc.method.annotation.RequestMappingHandlerAdapter.handleInternal(RequestMappingHandlerAdapter.java:831)
	at org.springframework.web.servlet.mvc.method.AbstractHandlerMethodAdapter.handle(AbstractHandlerMethodAdapter.java:87)
	at org.springframework.web.servlet.DispatcherServlet.doDispatch(DispatcherServlet.java:1089)
	at org.springframework.web.servlet.DispatcherServlet.doService(DispatcherServlet.java:979)
	at org.springframework.web.servlet.FrameworkServlet.processRequest(FrameworkServlet.java:1014)
	at org.springframework.web.servlet.FrameworkServlet.doDelete(FrameworkServlet.java:936)
	at jakarta.servlet.http.HttpServlet.service(HttpServlet.java:596)
	at org.springframework.web.servlet.FrameworkServlet.service(FrameworkServlet.java:885)
	at jakarta.servlet.http.HttpServlet.service(HttpServlet.java:658)
	at org.apache.catalina.core.ApplicationFilterChain.internalDoFilter(ApplicationFilterChain.java:195)
	at org.apache.catalina.core.ApplicationFilterChain.doFilter(ApplicationFilterChain.java:140)
	at org.apache.tomcat.websocket.server.WsFilter.doFilter(WsFilter.java:51)
	at org.apache.catalina.core.ApplicationFilterChain.internalDoFilter(ApplicationFilterChain.java:164)
	at org.apache.catalina.core.ApplicationFilterChain.doFilter(ApplicationFilterChain.java:140)
	at org.springframework.web.filter.OncePerRequestFilter.doFilter(OncePerRequestFilter.java:110)
	at org.apache.catalina.core.ApplicationFilterChain.internalDoFilter(ApplicationFilterChain.java:164)
	at org.apache.catalina.core.ApplicationFilterChain.doFilter(ApplicationFilterChain.java:140)
	at com.banking.creditjourney.document.security.CorrelationIdFilter.doFilterInternal(CorrelationIdFilter.java:31)
	at org.springframework.web.filter.OncePerRequestFilter.doFilter(OncePerRequestFilter.java:116)
	at org.apache.catalina.core.ApplicationFilterChain.internalDoFilter(ApplicationFilterChain.java:164)
	at org.apache.catalina.core.ApplicationFilterChain.doFilter(ApplicationFilterChain.java:140)
	at org.springframework.web.filter.CompositeFilter$VirtualFilterChain.doFilter(CompositeFilter.java:108)
	at org.springframework.security.web.FilterChainProxy.lambda$doFilterInternal$3(FilterChainProxy.java:231)
	at org.springframework.security.web.ObservationFilterChainDecorator$FilterObservation$SimpleFilterObservation.lambda$wrap$1(ObservationFilterChainDecorator.java:479)
	at org.springframework.security.web.ObservationFilterChainDecorator$AroundFilterObservation$SimpleAroundFilterObservation.lambda$wrap$1(ObservationFilterChainDecorator.java:340)
	at org.springframework.security.web.ObservationFilterChainDecorator.lambda$wrapSecured$0(ObservationFilterChainDecorator.java:82)
	at org.springframework.security.web.ObservationFilterChainDecorator$VirtualFilterChain.doFilter(ObservationFilterChainDecorator.java:128)
	at org.springframework.security.web.access.intercept.AuthorizationFilter.doFilter(AuthorizationFilter.java:100)
	at org.springframework.security.web.ObservationFilterChainDecorator$ObservationFilter.wrapFilter(ObservationFilterChainDecorator.java:240)
	at org.springframework.security.web.ObservationFilterChainDecorator$ObservationFilter.doFilter(ObservationFilterChainDecorator.java:227)
	at org.springframework.security.web.ObservationFilterChainDecorator$VirtualFilterChain.doFilter(ObservationFilterChainDecorator.java:137)
	at org.springframework.security.web.access.ExceptionTranslationFilter.doFilter(ExceptionTranslationFilter.java:126)
	at org.springframework.security.web.access.ExceptionTranslationFilter.doFilter(ExceptionTranslationFilter.java:120)
	at org.springframework.security.web.ObservationFilterChainDecorator$ObservationFilter.wrapFilter(ObservationFilterChainDecorator.java:240)
	at org.springframework.security.web.ObservationFilterChainDecorator$ObservationFilter.doFilter(ObservationFilterChainDecorator.java:227)
	at org.springframework.security.web.ObservationFilterChainDecorator$VirtualFilterChain.doFilter(ObservationFilterChainDecorator.java:137)
	at org.springframework.security.web.authentication.AnonymousAuthenticationFilter.doFilter(AnonymousAuthenticationFilter.java:100)
	at org.springframework.security.web.ObservationFilterChainDecorator$ObservationFilter.wrapFilter(ObservationFilterChainDecorator.java:240)
	at org.springframework.security.web.ObservationFilterChainDecorator$ObservationFilter.doFilter(ObservationFilterChainDecorator.java:227)
	at org.springframework.security.web.ObservationFilterChainDecorator$VirtualFilterChain.doFilter(ObservationFilterChainDecorator.java:137)
	at org.springframework.security.web.servletapi.SecurityContextHolderAwareRequestFilter.doFilter(SecurityContextHolderAwareRequestFilter.java:179)
	at org.springframework.security.web.ObservationFilterChainDecorator$ObservationFilter.wrapFilter(ObservationFilterChainDecorator.java:240)
	at org.springframework.security.web.ObservationFilterChainDecorator$ObservationFilter.doFilter(ObservationFilterChainDecorator.java:227)
	at org.springframework.security.web.ObservationFilterChainDecorator$VirtualFilterChain.doFilter(ObservationFilterChainDecorator.java:137)
	at org.springframework.security.web.savedrequest.RequestCacheAwareFilter.doFilter(RequestCacheAwareFilter.java:63)
	at org.springframework.security.web.ObservationFilterChainDecorator$ObservationFilter.wrapFilter(ObservationFilterChainDecorator.java:240)
	at org.springframework.security.web.ObservationFilterChainDecorator$ObservationFilter.doFilter(ObservationFilterChainDecorator.java:227)
	at org.springframework.security.web.ObservationFilterChainDecorator$VirtualFilterChain.doFilter(ObservationFilterChainDecorator.java:137)
	at org.springframework.security.web.authentication.www.BasicAuthenticationFilter.doFilterInternal(BasicAuthenticationFilter.java:181)
	at org.springframework.web.filter.OncePerRequestFilter.doFilter(OncePerRequestFilter.java:116)
	at org.springframework.security.web.ObservationFilterChainDecorator$ObservationFilter.wrapFilter(ObservationFilterChainDecorator.java:240)
	at org.springframework.security.web.ObservationFilterChainDecorator$ObservationFilter.doFilter(ObservationFilterChainDecorator.java:227)
	at org.springframework.security.web.ObservationFilterChainDecorator$VirtualFilterChain.doFilter(ObservationFilterChainDecorator.java:137)
	at com.banking.creditjourney.document.security.JwtAuthenticationFilter.doFilterInternal(JwtAuthenticationFilter.java:34)
	at org.springframework.web.filter.OncePerRequestFilter.doFilter(OncePerRequestFilter.java:116)
	at org.springframework.security.web.ObservationFilterChainDecorator$ObservationFilter.wrapFilter(ObservationFilterChainDecorator.java:240)
	at org.springframework.security.web.ObservationFilterChainDecorator$ObservationFilter.doFilter(ObservationFilterChainDecorator.java:227)
	at org.springframework.security.web.ObservationFilterChainDecorator$VirtualFilterChain.doFilter(ObservationFilterChainDecorator.java:137)
	at org.springframework.security.web.authentication.logout.LogoutFilter.doFilter(LogoutFilter.java:107)
	at org.springframework.security.web.authentication.logout.LogoutFilter.doFilter(LogoutFilter.java:93)
	at org.springframework.security.web.ObservationFilterChainDecorator$ObservationFilter.wrapFilter(ObservationFilterChainDecorator.java:240)
	at org.springframework.security.web.ObservationFilterChainDecorator$ObservationFilter.doFilter(ObservationFilterChainDecorator.java:227)
	at org.springframework.security.web.ObservationFilterChainDecorator$VirtualFilterChain.doFilter(ObservationFilterChainDecorator.java:137)
	at org.springframework.web.filter.CorsFilter.doFilterInternal(CorsFilter.java:91)
	at org.springframework.web.filter.OncePerRequestFilter.doFilter(OncePerRequestFilter.java:116)
	at org.springframework.security.web.ObservationFilterChainDecorator$ObservationFilter.wrapFilter(ObservationFilterChainDecorator.java:240)
	at org.springframework.security.web.ObservationFilterChainDecorator$ObservationFilter.doFilter(ObservationFilterChainDecorator.java:227)
	at org.springframework.security.web.ObservationFilterChainDecorator$VirtualFilterChain.doFilter(ObservationFilterChainDecorator.java:137)
	at org.springframework.security.web.header.HeaderWriterFilter.doHeadersAfter(HeaderWriterFilter.java:90)
	at org.springframework.security.web.header.HeaderWriterFilter.doFilterInternal(HeaderWriterFilter.java:75)
	at org.springframework.web.filter.OncePerRequestFilter.doFilter(OncePerRequestFilter.java:116)
	at org.springframework.security.web.ObservationFilterChainDecorator$ObservationFilter.wrapFilter(ObservationFilterChainDecorator.java:240)
	at org.springframework.security.web.ObservationFilterChainDecorator$ObservationFilter.doFilter(ObservationFilterChainDecorator.java:227)
	at org.springframework.security.web.ObservationFilterChainDecorator$VirtualFilterChain.doFilter(ObservationFilterChainDecorator.java:137)
	at org.springframework.security.web.context.SecurityContextHolderFilter.doFilter(SecurityContextHolderFilter.java:82)
	at org.springframework.security.web.context.SecurityContextHolderFilter.doFilter(SecurityContextHolderFilter.java:69)
	at org.springframework.security.web.ObservationFilterChainDecorator$ObservationFilter.wrapFilter(ObservationFilterChainDecorator.java:240)
	at org.springframework.security.web.ObservationFilterChainDecorator$ObservationFilter.doFilter(ObservationFilterChainDecorator.java:227)
	at org.springframework.security.web.ObservationFilterChainDecorator$VirtualFilterChain.doFilter(ObservationFilterChainDecorator.java:137)
	at org.springframework.security.web.context.request.async.WebAsyncManagerIntegrationFilter.doFilterInternal(WebAsyncManagerIntegrationFilter.java:62)
	at org.springframework.web.filter.OncePerRequestFilter.doFilter(OncePerRequestFilter.java:116)
	at org.springframework.security.web.ObservationFilterChainDecorator$ObservationFilter.wrapFilter(ObservationFilterChainDecorator.java:240)
	at org.springframework.security.web.ObservationFilterChainDecorator$ObservationFilter.doFilter(ObservationFilterChainDecorator.java:227)
	at org.springframework.security.web.ObservationFilterChainDecorator$VirtualFilterChain.doFilter(ObservationFilterChainDecorator.java:137)
	at org.springframework.security.web.session.DisableEncodeUrlFilter.doFilterInternal(DisableEncodeUrlFilter.java:42)
	at org.springframework.web.filter.OncePerRequestFilter.doFilter(OncePerRequestFilter.java:116)
	at org.springframework.security.web.ObservationFilterChainDecorator$ObservationFilter.wrapFilter(ObservationFilterChainDecorator.java:240)
	at org.springframework.security.web.ObservationFilterChainDecorator$AroundFilterObservation$SimpleAroundFilterObservation.lambda$wrap$0(ObservationFilterChainDecorator.java:323)
	at org.springframework.security.web.ObservationFilterChainDecorator$ObservationFilter.doFilter(ObservationFilterChainDecorator.java:224)
	at org.springframework.security.web.ObservationFilterChainDecorator$VirtualFilterChain.doFilter(ObservationFilterChainDecorator.java:137)
	at org.springframework.security.web.FilterChainProxy.doFilterInternal(FilterChainProxy.java:233)
	at org.springframework.security.web.FilterChainProxy.doFilter(FilterChainProxy.java:191)
	at org.springframework.web.filter.CompositeFilter$VirtualFilterChain.doFilter(CompositeFilter.java:113)
	at org.springframework.web.servlet.handler.HandlerMappingIntrospector.lambda$createCacheFilter$3(HandlerMappingIntrospector.java:195)
	at org.springframework.web.filter.CompositeFilter$VirtualFilterChain.doFilter(CompositeFilter.java:113)
	at org.springframework.web.filter.CompositeFilter.doFilter(CompositeFilter.java:74)
	at org.springframework.security.config.annotation.web.configuration.WebMvcSecurityConfiguration$CompositeFilterChainProxy.doFilter(WebMvcSecurityConfiguration.java:230)
	at org.springframework.web.filter.DelegatingFilterProxy.invokeDelegate(DelegatingFilterProxy.java:352)
	at org.springframework.web.filter.DelegatingFilterProxy.doFilter(DelegatingFilterProxy.java:268)
	at org.apache.catalina.core.ApplicationFilterChain.internalDoFilter(ApplicationFilterChain.java:164)
	at org.apache.catalina.core.ApplicationFilterChain.doFilter(ApplicationFilterChain.java:140)
	at org.springframework.web.filter.RequestContextFilter.doFilterInternal(RequestContextFilter.java:100)
	at org.springframework.web.filter.OncePerRequestFilter.doFilter(OncePerRequestFilter.java:116)
	at org.apache.catalina.core.ApplicationFilterChain.internalDoFilter(ApplicationFilterChain.java:164)
	at org.apache.catalina.core.ApplicationFilterChain.doFilter(ApplicationFilterChain.java:140)
	at org.springframework.web.filter.FormContentFilter.doFilterInternal(FormContentFilter.java:93)
	at org.springframework.web.filter.OncePerRequestFilter.doFilter(OncePerRequestFilter.java:116)
	at org.apache.catalina.core.ApplicationFilterChain.internalDoFilter(ApplicationFilterChain.java:164)
	at org.apache.catalina.core.ApplicationFilterChain.doFilter(ApplicationFilterChain.java:140)
	at org.springframework.web.filter.ServerHttpObservationFilter.doFilterInternal(ServerHttpObservationFilter.java:107)
	at org.springframework.web.filter.OncePerRequestFilter.doFilter(OncePerRequestFilter.java:116)
	at org.apache.catalina.core.ApplicationFilterChain.internalDoFilter(ApplicationFilterChain.java:164)
	at org.apache.catalina.core.ApplicationFilterChain.doFilter(ApplicationFilterChain.java:140)
	at org.springframework.web.filter.CharacterEncodingFilter.doFilterInternal(CharacterEncodingFilter.java:201)
	at org.springframework.web.filter.OncePerRequestFilter.doFilter(OncePerRequestFilter.java:116)
	at org.apache.catalina.core.ApplicationFilterChain.internalDoFilter(ApplicationFilterChain.java:164)
	at org.apache.catalina.core.ApplicationFilterChain.doFilter(ApplicationFilterChain.java:140)
	at org.apache.catalina.core.StandardWrapperValve.invoke(StandardWrapperValve.java:167)
	at org.apache.catalina.core.StandardContextValve.invoke(StandardContextValve.java:90)
	at org.apache.catalina.authenticator.AuthenticatorBase.invoke(AuthenticatorBase.java:482)
	at org.apache.catalina.core.StandardHostValve.invoke(StandardHostValve.java:115)
	at org.apache.catalina.valves.ErrorReportValve.invoke(ErrorReportValve.java:93)
	at org.apache.catalina.core.StandardEngineValve.invoke(StandardEngineValve.java:74)
	at org.apache.catalina.connector.CoyoteAdapter.service(CoyoteAdapter.java:344)
	at org.apache.coyote.http11.Http11Processor.service(Http11Processor.java:389)
	at org.apache.coyote.AbstractProcessorLight.process(AbstractProcessorLight.java:63)
	at org.apache.coyote.AbstractProtocol$ConnectionHandler.process(AbstractProtocol.java:904)
	at org.apache.tomcat.util.net.NioEndpoint$SocketProcessor.doRun(NioEndpoint.java:1741)
	at org.apache.tomcat.util.net.SocketProcessorBase.run(SocketProcessorBase.java:52)
	at org.apache.tomcat.util.threads.ThreadPoolExecutor.runWorker(ThreadPoolExecutor.java:1190)
	at org.apache.tomcat.util.threads.ThreadPoolExecutor$Worker.run(ThreadPoolExecutor.java:659)
	at org.apache.tomcat.util.threads.TaskThread$WrappingRunnable.run(TaskThread.java:63)
	at java.base/java.lang.Thread.run(Thread.java:1583)
2026-02-02 16:30:09.463 [background-preinit] INFO  o.h.validator.internal.util.Version [] - HV000001: Hibernate Validator 8.0.1.Final
2026-02-02 16:30:09.583 [main] INFO  c.b.c.d.DocumentManagementApplication [] - Starting DocumentManagementApplication using Java 21.0.10 with PID 20128 (C:\Workspace_IP\document-managment\bin\main started by suyogita.shivare in C:\Workspace_IP\document-managment)
2026-02-02 16:30:09.585 [main] INFO  c.b.c.d.DocumentManagementApplication [] - No active profile set, falling back to 1 default profile: "default"
2026-02-02 16:30:12.663 [main] INFO  o.s.d.r.c.RepositoryConfigurationDelegate [] - Bootstrapping Spring Data JDBC repositories in DEFAULT mode.
2026-02-02 16:30:12.745 [main] INFO  o.s.d.r.c.RepositoryConfigurationDelegate [] - Finished Spring Data repository scanning in 64 ms. Found 0 JDBC repository interfaces.
2026-02-02 16:30:13.977 [main] INFO  o.s.b.w.e.tomcat.TomcatWebServer [] - Tomcat initialized with port 8080 (http)
2026-02-02 16:30:14.038 [main] INFO  o.a.coyote.http11.Http11NioProtocol [] - Initializing ProtocolHandler ["http-nio-8080"]
2026-02-02 16:30:14.046 [main] INFO  o.a.catalina.core.StandardService [] - Starting service [Tomcat]
2026-02-02 16:30:14.047 [main] INFO  o.a.catalina.core.StandardEngine [] - Starting Servlet engine: [Apache Tomcat/10.1.25]
2026-02-02 16:30:14.337 [main] INFO  o.a.c.c.C.[Tomcat].[localhost].[/] [] - Initializing Spring embedded WebApplicationContext
2026-02-02 16:30:14.338 [main] INFO  o.s.b.w.s.c.ServletWebServerApplicationContext [] - Root WebApplicationContext: initialization completed in 4607 ms
2026-02-02 16:30:14.789 [main] INFO  com.zaxxer.hikari.HikariDataSource [] - HikariPool-1 - Starting...
2026-02-02 16:30:15.690 [main] INFO  com.zaxxer.hikari.pool.HikariPool [] - HikariPool-1 - Added connection conn0: url=jdbc:h2:file:C:/Document_Management/h2/documentdb user=SA
2026-02-02 16:30:15.700 [main] INFO  com.zaxxer.hikari.HikariDataSource [] - HikariPool-1 - Start completed.
2026-02-02 16:30:15.764 [main] INFO  o.s.b.a.h.H2ConsoleAutoConfiguration [] - H2 console available at '/h2-console'. Database available at 'jdbc:h2:file:C:/Document_Management/h2/documentdb'
2026-02-02 16:30:16.646 [main] INFO  org.flywaydb.core.FlywayExecutor [] - Database: jdbc:h2:file:C:/Document_Management/h2/documentdb (H2 2.2)
2026-02-02 16:30:16.675 [main] WARN  o.f.c.i.database.base.Database [] - Flyway upgrade recommended: H2 2.2.224 is newer than this version of Flyway and support has not been tested. The latest supported version of H2 is 2.2.220.
2026-02-02 16:30:16.782 [main] INFO  o.f.core.internal.command.DbValidate [] - Successfully validated 1 migration (execution time 00:00.074s)
2026-02-02 16:30:16.811 [main] INFO  o.f.core.internal.command.DbMigrate [] - Current version of schema "PUBLIC": 1
2026-02-02 16:30:16.821 [main] INFO  o.f.core.internal.command.DbMigrate [] - Schema "PUBLIC" is up to date. No migration necessary.
2026-02-02 16:30:17.354 [main] WARN  o.s.b.a.s.s.UserDetailsServiceAutoConfiguration [] - 

Using generated security password: befd0037-c691-4e6c-baef-b842cf8bbe6e

This generated password is for development use only. Your security configuration must be updated before running your application in production.

2026-02-02 16:30:17.432 [main] INFO  o.s.s.c.a.a.c.InitializeUserDetailsBeanManagerConfigurer$InitializeUserDetailsManagerConfigurer [] - Global AuthenticationManager configured with UserDetailsService bean with name inMemoryUserDetailsManager
2026-02-02 16:30:18.463 [main] INFO  o.s.b.a.e.web.EndpointLinksResolver [] - Exposing 1 endpoint beneath base path '/actuator'
2026-02-02 16:30:19.911 [main] INFO  o.a.coyote.http11.Http11NioProtocol [] - Starting ProtocolHandler ["http-nio-8080"]
2026-02-02 16:30:20.042 [main] INFO  o.s.b.w.e.tomcat.TomcatWebServer [] - Tomcat started on port 8080 (http) with context path '/'
2026-02-02 16:30:20.077 [main] INFO  c.b.c.d.DocumentManagementApplication [] - Started DocumentManagementApplication in 11.477 seconds (process running for 14.162)
2026-02-02 16:30:20.956 [RMI TCP Connection(4)-127.0.0.1] INFO  o.a.c.c.C.[Tomcat].[localhost].[/] [] - Initializing Spring DispatcherServlet 'dispatcherServlet'
2026-02-02 16:30:20.957 [RMI TCP Connection(4)-127.0.0.1] INFO  o.s.web.servlet.DispatcherServlet [] - Initializing Servlet 'dispatcherServlet'
2026-02-02 16:30:20.967 [RMI TCP Connection(4)-127.0.0.1] INFO  o.s.web.servlet.DispatcherServlet [] - Completed initialization in 10 ms
2026-02-02 16:30:27.373 [http-nio-8080-exec-1] INFO  c.b.c.d.c.DocumentController [dfc6206b-2528-4967-8bb5-7bec5f69a62a] - Document delete API starts:  /documentsDelete | requestDeleteDocumentRequest(documentIds=[1], deleteType=SOFT, reason=Not needed further) | userIdsuyogita.shivare@accenture.com
2026-02-02 16:30:27.412 [http-nio-8080-exec-1] INFO  c.b.c.d.service.DocumentServiceImpl [dfc6206b-2528-4967-8bb5-7bec5f69a62a] - Delete document(s) start: deleteDocumentRequest=DeleteDocumentRequest(documentIds=[1], deleteType=SOFT, reason=Not needed further)
2026-02-02 16:30:27.435 [http-nio-8080-exec-1] DEBUG o.s.jdbc.core.JdbcTemplate [dfc6206b-2528-4967-8bb5-7bec5f69a62a] - Executing prepared SQL query
2026-02-02 16:30:27.438 [http-nio-8080-exec-1] DEBUG o.s.jdbc.core.JdbcTemplate [dfc6206b-2528-4967-8bb5-7bec5f69a62a] - Executing prepared SQL statement [SELECT * FROM documents
WHERE documentid IN (?)
AND user_id = ?
AND is_deleted = FALSE
]
2026-02-02 16:30:27.499 [http-nio-8080-exec-1] ERROR c.b.c.d.e.GlobalExceptionHandler [dfc6206b-2528-4967-8bb5-7bec5f69a62a] - Business exception
java.lang.IllegalArgumentException: No document(s) found for deletion
	at com.banking.creditjourney.document.service.DocumentServiceImpl.documentDeletes(DocumentServiceImpl.java:103)
	at java.base/jdk.internal.reflect.DirectMethodHandleAccessor.invoke(DirectMethodHandleAccessor.java:103)
	at java.base/java.lang.reflect.Method.invoke(Method.java:580)
	at org.springframework.aop.support.AopUtils.invokeJoinpointUsingReflection(AopUtils.java:354)
	at org.springframework.aop.framework.ReflectiveMethodInvocation.invokeJoinpoint(ReflectiveMethodInvocation.java:196)
	at org.springframework.aop.framework.ReflectiveMethodInvocation.proceed(ReflectiveMethodInvocation.java:163)
	at org.springframework.aop.framework.CglibAopProxy$CglibMethodInvocation.proceed(CglibAopProxy.java:768)
	at org.springframework.transaction.interceptor.TransactionInterceptor$1.proceedWithInvocation(TransactionInterceptor.java:123)
	at org.springframework.transaction.interceptor.TransactionAspectSupport.invokeWithinTransaction(TransactionAspectSupport.java:392)
	at org.springframework.transaction.interceptor.TransactionInterceptor.invoke(TransactionInterceptor.java:119)
	at org.springframework.aop.framework.ReflectiveMethodInvocation.proceed(ReflectiveMethodInvocation.java:184)
	at org.springframework.aop.framework.CglibAopProxy$CglibMethodInvocation.proceed(CglibAopProxy.java:768)
	at org.springframework.aop.framework.CglibAopProxy$DynamicAdvisedInterceptor.intercept(CglibAopProxy.java:720)
	at com.banking.creditjourney.document.service.DocumentServiceImpl$$SpringCGLIB$$0.documentDeletes(<generated>)
	at com.banking.creditjourney.document.controller.DocumentController.documentDelete(DocumentController.java:97)
	at java.base/jdk.internal.reflect.DirectMethodHandleAccessor.invoke(DirectMethodHandleAccessor.java:103)
	at java.base/java.lang.reflect.Method.invoke(Method.java:580)
	at org.springframework.web.method.support.InvocableHandlerMethod.doInvoke(InvocableHandlerMethod.java:255)
	at org.springframework.web.method.support.InvocableHandlerMethod.invokeForRequest(InvocableHandlerMethod.java:188)
	at org.springframework.web.servlet.mvc.method.annotation.ServletInvocableHandlerMethod.invokeAndHandle(ServletInvocableHandlerMethod.java:118)
	at org.springframework.web.servlet.mvc.method.annotation.RequestMappingHandlerAdapter.invokeHandlerMethod(RequestMappingHandlerAdapter.java:926)
	at org.springframework.web.servlet.mvc.method.annotation.RequestMappingHandlerAdapter.handleInternal(RequestMappingHandlerAdapter.java:831)
	at org.springframework.web.servlet.mvc.method.AbstractHandlerMethodAdapter.handle(AbstractHandlerMethodAdapter.java:87)
	at org.springframework.web.servlet.DispatcherServlet.doDispatch(DispatcherServlet.java:1089)
	at org.springframework.web.servlet.DispatcherServlet.doService(DispatcherServlet.java:979)
	at org.springframework.web.servlet.FrameworkServlet.processRequest(FrameworkServlet.java:1014)
	at org.springframework.web.servlet.FrameworkServlet.doDelete(FrameworkServlet.java:936)
	at jakarta.servlet.http.HttpServlet.service(HttpServlet.java:596)
	at org.springframework.web.servlet.FrameworkServlet.service(FrameworkServlet.java:885)
	at jakarta.servlet.http.HttpServlet.service(HttpServlet.java:658)
	at org.apache.catalina.core.ApplicationFilterChain.internalDoFilter(ApplicationFilterChain.java:195)
	at org.apache.catalina.core.ApplicationFilterChain.doFilter(ApplicationFilterChain.java:140)
	at org.apache.tomcat.websocket.server.WsFilter.doFilter(WsFilter.java:51)
	at org.apache.catalina.core.ApplicationFilterChain.internalDoFilter(ApplicationFilterChain.java:164)
	at org.apache.catalina.core.ApplicationFilterChain.doFilter(ApplicationFilterChain.java:140)
	at org.springframework.web.filter.OncePerRequestFilter.doFilter(OncePerRequestFilter.java:110)
	at org.apache.catalina.core.ApplicationFilterChain.internalDoFilter(ApplicationFilterChain.java:164)
	at org.apache.catalina.core.ApplicationFilterChain.doFilter(ApplicationFilterChain.java:140)
	at com.banking.creditjourney.document.security.CorrelationIdFilter.doFilterInternal(CorrelationIdFilter.java:31)
	at org.springframework.web.filter.OncePerRequestFilter.doFilter(OncePerRequestFilter.java:116)
	at org.apache.catalina.core.ApplicationFilterChain.internalDoFilter(ApplicationFilterChain.java:164)
	at org.apache.catalina.core.ApplicationFilterChain.doFilter(ApplicationFilterChain.java:140)
	at org.springframework.web.filter.CompositeFilter$VirtualFilterChain.doFilter(CompositeFilter.java:108)
	at org.springframework.security.web.FilterChainProxy.lambda$doFilterInternal$3(FilterChainProxy.java:231)
	at org.springframework.security.web.ObservationFilterChainDecorator$FilterObservation$SimpleFilterObservation.lambda$wrap$1(ObservationFilterChainDecorator.java:479)
	at org.springframework.security.web.ObservationFilterChainDecorator$AroundFilterObservation$SimpleAroundFilterObservation.lambda$wrap$1(ObservationFilterChainDecorator.java:340)
	at org.springframework.security.web.ObservationFilterChainDecorator.lambda$wrapSecured$0(ObservationFilterChainDecorator.java:82)
	at org.springframework.security.web.ObservationFilterChainDecorator$VirtualFilterChain.doFilter(ObservationFilterChainDecorator.java:128)
	at org.springframework.security.web.access.intercept.AuthorizationFilter.doFilter(AuthorizationFilter.java:100)
	at org.springframework.security.web.ObservationFilterChainDecorator$ObservationFilter.wrapFilter(ObservationFilterChainDecorator.java:240)
	at org.springframework.security.web.ObservationFilterChainDecorator$ObservationFilter.doFilter(ObservationFilterChainDecorator.java:227)
	at org.springframework.security.web.ObservationFilterChainDecorator$VirtualFilterChain.doFilter(ObservationFilterChainDecorator.java:137)
	at org.springframework.security.web.access.ExceptionTranslationFilter.doFilter(ExceptionTranslationFilter.java:126)
	at org.springframework.security.web.access.ExceptionTranslationFilter.doFilter(ExceptionTranslationFilter.java:120)
	at org.springframework.security.web.ObservationFilterChainDecorator$ObservationFilter.wrapFilter(ObservationFilterChainDecorator.java:240)
	at org.springframework.security.web.ObservationFilterChainDecorator$ObservationFilter.doFilter(ObservationFilterChainDecorator.java:227)
	at org.springframework.security.web.ObservationFilterChainDecorator$VirtualFilterChain.doFilter(ObservationFilterChainDecorator.java:137)
	at org.springframework.security.web.authentication.AnonymousAuthenticationFilter.doFilter(AnonymousAuthenticationFilter.java:100)
	at org.springframework.security.web.ObservationFilterChainDecorator$ObservationFilter.wrapFilter(ObservationFilterChainDecorator.java:240)
	at org.springframework.security.web.ObservationFilterChainDecorator$ObservationFilter.doFilter(ObservationFilterChainDecorator.java:227)
	at org.springframework.security.web.ObservationFilterChainDecorator$VirtualFilterChain.doFilter(ObservationFilterChainDecorator.java:137)
	at org.springframework.security.web.servletapi.SecurityContextHolderAwareRequestFilter.doFilter(SecurityContextHolderAwareRequestFilter.java:179)
	at org.springframework.security.web.ObservationFilterChainDecorator$ObservationFilter.wrapFilter(ObservationFilterChainDecorator.java:240)
	at org.springframework.security.web.ObservationFilterChainDecorator$ObservationFilter.doFilter(ObservationFilterChainDecorator.java:227)
	at org.springframework.security.web.ObservationFilterChainDecorator$VirtualFilterChain.doFilter(ObservationFilterChainDecorator.java:137)
	at org.springframework.security.web.savedrequest.RequestCacheAwareFilter.doFilter(RequestCacheAwareFilter.java:63)
	at org.springframework.security.web.ObservationFilterChainDecorator$ObservationFilter.wrapFilter(ObservationFilterChainDecorator.java:240)
	at org.springframework.security.web.ObservationFilterChainDecorator$ObservationFilter.doFilter(ObservationFilterChainDecorator.java:227)
	at org.springframework.security.web.ObservationFilterChainDecorator$VirtualFilterChain.doFilter(ObservationFilterChainDecorator.java:137)
	at org.springframework.security.web.authentication.www.BasicAuthenticationFilter.doFilterInternal(BasicAuthenticationFilter.java:181)
	at org.springframework.web.filter.OncePerRequestFilter.doFilter(OncePerRequestFilter.java:116)
	at org.springframework.security.web.ObservationFilterChainDecorator$ObservationFilter.wrapFilter(ObservationFilterChainDecorator.java:240)
	at org.springframework.security.web.ObservationFilterChainDecorator$ObservationFilter.doFilter(ObservationFilterChainDecorator.java:227)
	at org.springframework.security.web.ObservationFilterChainDecorator$VirtualFilterChain.doFilter(ObservationFilterChainDecorator.java:137)
	at com.banking.creditjourney.document.security.JwtAuthenticationFilter.doFilterInternal(JwtAuthenticationFilter.java:34)
	at org.springframework.web.filter.OncePerRequestFilter.doFilter(OncePerRequestFilter.java:116)
	at org.springframework.security.web.ObservationFilterChainDecorator$ObservationFilter.wrapFilter(ObservationFilterChainDecorator.java:240)
	at org.springframework.security.web.ObservationFilterChainDecorator$ObservationFilter.doFilter(ObservationFilterChainDecorator.java:227)
	at org.springframework.security.web.ObservationFilterChainDecorator$VirtualFilterChain.doFilter(ObservationFilterChainDecorator.java:137)
	at org.springframework.security.web.authentication.logout.LogoutFilter.doFilter(LogoutFilter.java:107)
	at org.springframework.security.web.authentication.logout.LogoutFilter.doFilter(LogoutFilter.java:93)
	at org.springframework.security.web.ObservationFilterChainDecorator$ObservationFilter.wrapFilter(ObservationFilterChainDecorator.java:240)
	at org.springframework.security.web.ObservationFilterChainDecorator$ObservationFilter.doFilter(ObservationFilterChainDecorator.java:227)
	at org.springframework.security.web.ObservationFilterChainDecorator$VirtualFilterChain.doFilter(ObservationFilterChainDecorator.java:137)
	at org.springframework.web.filter.CorsFilter.doFilterInternal(CorsFilter.java:91)
	at org.springframework.web.filter.OncePerRequestFilter.doFilter(OncePerRequestFilter.java:116)
	at org.springframework.security.web.ObservationFilterChainDecorator$ObservationFilter.wrapFilter(ObservationFilterChainDecorator.java:240)
	at org.springframework.security.web.ObservationFilterChainDecorator$ObservationFilter.doFilter(ObservationFilterChainDecorator.java:227)
	at org.springframework.security.web.ObservationFilterChainDecorator$VirtualFilterChain.doFilter(ObservationFilterChainDecorator.java:137)
	at org.springframework.security.web.header.HeaderWriterFilter.doHeadersAfter(HeaderWriterFilter.java:90)
	at org.springframework.security.web.header.HeaderWriterFilter.doFilterInternal(HeaderWriterFilter.java:75)
	at org.springframework.web.filter.OncePerRequestFilter.doFilter(OncePerRequestFilter.java:116)
	at org.springframework.security.web.ObservationFilterChainDecorator$ObservationFilter.wrapFilter(ObservationFilterChainDecorator.java:240)
	at org.springframework.security.web.ObservationFilterChainDecorator$ObservationFilter.doFilter(ObservationFilterChainDecorator.java:227)
	at org.springframework.security.web.ObservationFilterChainDecorator$VirtualFilterChain.doFilter(ObservationFilterChainDecorator.java:137)
	at org.springframework.security.web.context.SecurityContextHolderFilter.doFilter(SecurityContextHolderFilter.java:82)
	at org.springframework.security.web.context.SecurityContextHolderFilter.doFilter(SecurityContextHolderFilter.java:69)
	at org.springframework.security.web.ObservationFilterChainDecorator$ObservationFilter.wrapFilter(ObservationFilterChainDecorator.java:240)
	at org.springframework.security.web.ObservationFilterChainDecorator$ObservationFilter.doFilter(ObservationFilterChainDecorator.java:227)
	at org.springframework.security.web.ObservationFilterChainDecorator$VirtualFilterChain.doFilter(ObservationFilterChainDecorator.java:137)
	at org.springframework.security.web.context.request.async.WebAsyncManagerIntegrationFilter.doFilterInternal(WebAsyncManagerIntegrationFilter.java:62)
	at org.springframework.web.filter.OncePerRequestFilter.doFilter(OncePerRequestFilter.java:116)
	at org.springframework.security.web.ObservationFilterChainDecorator$ObservationFilter.wrapFilter(ObservationFilterChainDecorator.java:240)
	at org.springframework.security.web.ObservationFilterChainDecorator$ObservationFilter.doFilter(ObservationFilterChainDecorator.java:227)
	at org.springframework.security.web.ObservationFilterChainDecorator$VirtualFilterChain.doFilter(ObservationFilterChainDecorator.java:137)
	at org.springframework.security.web.session.DisableEncodeUrlFilter.doFilterInternal(DisableEncodeUrlFilter.java:42)
	at org.springframework.web.filter.OncePerRequestFilter.doFilter(OncePerRequestFilter.java:116)
	at org.springframework.security.web.ObservationFilterChainDecorator$ObservationFilter.wrapFilter(ObservationFilterChainDecorator.java:240)
	at org.springframework.security.web.ObservationFilterChainDecorator$AroundFilterObservation$SimpleAroundFilterObservation.lambda$wrap$0(ObservationFilterChainDecorator.java:323)
	at org.springframework.security.web.ObservationFilterChainDecorator$ObservationFilter.doFilter(ObservationFilterChainDecorator.java:224)
	at org.springframework.security.web.ObservationFilterChainDecorator$VirtualFilterChain.doFilter(ObservationFilterChainDecorator.java:137)
	at org.springframework.security.web.FilterChainProxy.doFilterInternal(FilterChainProxy.java:233)
	at org.springframework.security.web.FilterChainProxy.doFilter(FilterChainProxy.java:191)
	at org.springframework.web.filter.CompositeFilter$VirtualFilterChain.doFilter(CompositeFilter.java:113)
	at org.springframework.web.servlet.handler.HandlerMappingIntrospector.lambda$createCacheFilter$3(HandlerMappingIntrospector.java:195)
	at org.springframework.web.filter.CompositeFilter$VirtualFilterChain.doFilter(CompositeFilter.java:113)
	at org.springframework.web.filter.CompositeFilter.doFilter(CompositeFilter.java:74)
	at org.springframework.security.config.annotation.web.configuration.WebMvcSecurityConfiguration$CompositeFilterChainProxy.doFilter(WebMvcSecurityConfiguration.java:230)
	at org.springframework.web.filter.DelegatingFilterProxy.invokeDelegate(DelegatingFilterProxy.java:352)
	at org.springframework.web.filter.DelegatingFilterProxy.doFilter(DelegatingFilterProxy.java:268)
	at org.apache.catalina.core.ApplicationFilterChain.internalDoFilter(ApplicationFilterChain.java:164)
	at org.apache.catalina.core.ApplicationFilterChain.doFilter(ApplicationFilterChain.java:140)
	at org.springframework.web.filter.RequestContextFilter.doFilterInternal(RequestContextFilter.java:100)
	at org.springframework.web.filter.OncePerRequestFilter.doFilter(OncePerRequestFilter.java:116)
	at org.apache.catalina.core.ApplicationFilterChain.internalDoFilter(ApplicationFilterChain.java:164)
	at org.apache.catalina.core.ApplicationFilterChain.doFilter(ApplicationFilterChain.java:140)
	at org.springframework.web.filter.FormContentFilter.doFilterInternal(FormContentFilter.java:93)
	at org.springframework.web.filter.OncePerRequestFilter.doFilter(OncePerRequestFilter.java:116)
	at org.apache.catalina.core.ApplicationFilterChain.internalDoFilter(ApplicationFilterChain.java:164)
	at org.apache.catalina.core.ApplicationFilterChain.doFilter(ApplicationFilterChain.java:140)
	at org.springframework.web.filter.ServerHttpObservationFilter.doFilterInternal(ServerHttpObservationFilter.java:107)
	at org.springframework.web.filter.OncePerRequestFilter.doFilter(OncePerRequestFilter.java:116)
	at org.apache.catalina.core.ApplicationFilterChain.internalDoFilter(ApplicationFilterChain.java:164)
	at org.apache.catalina.core.ApplicationFilterChain.doFilter(ApplicationFilterChain.java:140)
	at org.springframework.web.filter.CharacterEncodingFilter.doFilterInternal(CharacterEncodingFilter.java:201)
	at org.springframework.web.filter.OncePerRequestFilter.doFilter(OncePerRequestFilter.java:116)
	at org.apache.catalina.core.ApplicationFilterChain.internalDoFilter(ApplicationFilterChain.java:164)
	at org.apache.catalina.core.ApplicationFilterChain.doFilter(ApplicationFilterChain.java:140)
	at org.apache.catalina.core.StandardWrapperValve.invoke(StandardWrapperValve.java:167)
	at org.apache.catalina.core.StandardContextValve.invoke(StandardContextValve.java:90)
	at org.apache.catalina.authenticator.AuthenticatorBase.invoke(AuthenticatorBase.java:482)
	at org.apache.catalina.core.StandardHostValve.invoke(StandardHostValve.java:115)
	at org.apache.catalina.valves.ErrorReportValve.invoke(ErrorReportValve.java:93)
	at org.apache.catalina.core.StandardEngineValve.invoke(StandardEngineValve.java:74)
	at org.apache.catalina.connector.CoyoteAdapter.service(CoyoteAdapter.java:344)
	at org.apache.coyote.http11.Http11Processor.service(Http11Processor.java:389)
	at org.apache.coyote.AbstractProcessorLight.process(AbstractProcessorLight.java:63)
	at org.apache.coyote.AbstractProtocol$ConnectionHandler.process(AbstractProtocol.java:904)
	at org.apache.tomcat.util.net.NioEndpoint$SocketProcessor.doRun(NioEndpoint.java:1741)
	at org.apache.tomcat.util.net.SocketProcessorBase.run(SocketProcessorBase.java:52)
	at org.apache.tomcat.util.threads.ThreadPoolExecutor.runWorker(ThreadPoolExecutor.java:1190)
	at org.apache.tomcat.util.threads.ThreadPoolExecutor$Worker.run(ThreadPoolExecutor.java:659)
	at org.apache.tomcat.util.threads.TaskThread$WrappingRunnable.run(TaskThread.java:63)
	at java.base/java.lang.Thread.run(Thread.java:1583)
2026-02-02 16:31:00.866 [http-nio-8080-exec-4] INFO  c.b.c.d.c.DocumentController [ef485d91-6ef1-47ad-8395-c33093f648cb] - Document delete API starts:  /documentsDelete | requestDeleteDocumentRequest(documentIds=[1], deleteType=HARD, reason=Not needed further) | userIdsuyogita.shivare@accenture.com
2026-02-02 16:31:00.868 [http-nio-8080-exec-4] INFO  c.b.c.d.service.DocumentServiceImpl [ef485d91-6ef1-47ad-8395-c33093f648cb] - Delete document(s) start: deleteDocumentRequest=DeleteDocumentRequest(documentIds=[1], deleteType=HARD, reason=Not needed further)
2026-02-02 16:31:00.871 [http-nio-8080-exec-4] DEBUG o.s.jdbc.core.JdbcTemplate [ef485d91-6ef1-47ad-8395-c33093f648cb] - Executing prepared SQL query
2026-02-02 16:31:00.872 [http-nio-8080-exec-4] DEBUG o.s.jdbc.core.JdbcTemplate [ef485d91-6ef1-47ad-8395-c33093f648cb] - Executing prepared SQL statement [SELECT * FROM documents
WHERE documentid IN (?)
AND user_id = ?
AND is_deleted = FALSE
]
2026-02-02 16:31:00.881 [http-nio-8080-exec-4] ERROR c.b.c.d.e.GlobalExceptionHandler [ef485d91-6ef1-47ad-8395-c33093f648cb] - Business exception
java.lang.IllegalArgumentException: No document(s) found for deletion
	at com.banking.creditjourney.document.service.DocumentServiceImpl.documentDeletes(DocumentServiceImpl.java:103)
	at java.base/jdk.internal.reflect.DirectMethodHandleAccessor.invoke(DirectMethodHandleAccessor.java:103)
	at java.base/java.lang.reflect.Method.invoke(Method.java:580)
	at org.springframework.aop.support.AopUtils.invokeJoinpointUsingReflection(AopUtils.java:354)
	at org.springframework.aop.framework.ReflectiveMethodInvocation.invokeJoinpoint(ReflectiveMethodInvocation.java:196)
	at org.springframework.aop.framework.ReflectiveMethodInvocation.proceed(ReflectiveMethodInvocation.java:163)
	at org.springframework.aop.framework.CglibAopProxy$CglibMethodInvocation.proceed(CglibAopProxy.java:768)
	at org.springframework.transaction.interceptor.TransactionInterceptor$1.proceedWithInvocation(TransactionInterceptor.java:123)
	at org.springframework.transaction.interceptor.TransactionAspectSupport.invokeWithinTransaction(TransactionAspectSupport.java:392)
	at org.springframework.transaction.interceptor.TransactionInterceptor.invoke(TransactionInterceptor.java:119)
	at org.springframework.aop.framework.ReflectiveMethodInvocation.proceed(ReflectiveMethodInvocation.java:184)
	at org.springframework.aop.framework.CglibAopProxy$CglibMethodInvocation.proceed(CglibAopProxy.java:768)
	at org.springframework.aop.framework.CglibAopProxy$DynamicAdvisedInterceptor.intercept(CglibAopProxy.java:720)
	at com.banking.creditjourney.document.service.DocumentServiceImpl$$SpringCGLIB$$0.documentDeletes(<generated>)
	at com.banking.creditjourney.document.controller.DocumentController.documentDelete(DocumentController.java:97)
	at java.base/jdk.internal.reflect.DirectMethodHandleAccessor.invoke(DirectMethodHandleAccessor.java:103)
	at java.base/java.lang.reflect.Method.invoke(Method.java:580)
	at org.springframework.web.method.support.InvocableHandlerMethod.doInvoke(InvocableHandlerMethod.java:255)
	at org.springframework.web.method.support.InvocableHandlerMethod.invokeForRequest(InvocableHandlerMethod.java:188)
	at org.springframework.web.servlet.mvc.method.annotation.ServletInvocableHandlerMethod.invokeAndHandle(ServletInvocableHandlerMethod.java:118)
	at org.springframework.web.servlet.mvc.method.annotation.RequestMappingHandlerAdapter.invokeHandlerMethod(RequestMappingHandlerAdapter.java:926)
	at org.springframework.web.servlet.mvc.method.annotation.RequestMappingHandlerAdapter.handleInternal(RequestMappingHandlerAdapter.java:831)
	at org.springframework.web.servlet.mvc.method.AbstractHandlerMethodAdapter.handle(AbstractHandlerMethodAdapter.java:87)
	at org.springframework.web.servlet.DispatcherServlet.doDispatch(DispatcherServlet.java:1089)
	at org.springframework.web.servlet.DispatcherServlet.doService(DispatcherServlet.java:979)
	at org.springframework.web.servlet.FrameworkServlet.processRequest(FrameworkServlet.java:1014)
	at org.springframework.web.servlet.FrameworkServlet.doDelete(FrameworkServlet.java:936)
	at jakarta.servlet.http.HttpServlet.service(HttpServlet.java:596)
	at org.springframework.web.servlet.FrameworkServlet.service(FrameworkServlet.java:885)
	at jakarta.servlet.http.HttpServlet.service(HttpServlet.java:658)
	at org.apache.catalina.core.ApplicationFilterChain.internalDoFilter(ApplicationFilterChain.java:195)
	at org.apache.catalina.core.ApplicationFilterChain.doFilter(ApplicationFilterChain.java:140)
	at org.apache.tomcat.websocket.server.WsFilter.doFilter(WsFilter.java:51)
	at org.apache.catalina.core.ApplicationFilterChain.internalDoFilter(ApplicationFilterChain.java:164)
	at org.apache.catalina.core.ApplicationFilterChain.doFilter(ApplicationFilterChain.java:140)
	at org.springframework.web.filter.OncePerRequestFilter.doFilter(OncePerRequestFilter.java:110)
	at org.apache.catalina.core.ApplicationFilterChain.internalDoFilter(ApplicationFilterChain.java:164)
	at org.apache.catalina.core.ApplicationFilterChain.doFilter(ApplicationFilterChain.java:140)
	at com.banking.creditjourney.document.security.CorrelationIdFilter.doFilterInternal(CorrelationIdFilter.java:31)
	at org.springframework.web.filter.OncePerRequestFilter.doFilter(OncePerRequestFilter.java:116)
	at org.apache.catalina.core.ApplicationFilterChain.internalDoFilter(ApplicationFilterChain.java:164)
	at org.apache.catalina.core.ApplicationFilterChain.doFilter(ApplicationFilterChain.java:140)
	at org.springframework.web.filter.CompositeFilter$VirtualFilterChain.doFilter(CompositeFilter.java:108)
	at org.springframework.security.web.FilterChainProxy.lambda$doFilterInternal$3(FilterChainProxy.java:231)
	at org.springframework.security.web.ObservationFilterChainDecorator$FilterObservation$SimpleFilterObservation.lambda$wrap$1(ObservationFilterChainDecorator.java:479)
	at org.springframework.security.web.ObservationFilterChainDecorator$AroundFilterObservation$SimpleAroundFilterObservation.lambda$wrap$1(ObservationFilterChainDecorator.java:340)
	at org.springframework.security.web.ObservationFilterChainDecorator.lambda$wrapSecured$0(ObservationFilterChainDecorator.java:82)
	at org.springframework.security.web.ObservationFilterChainDecorator$VirtualFilterChain.doFilter(ObservationFilterChainDecorator.java:128)
	at org.springframework.security.web.access.intercept.AuthorizationFilter.doFilter(AuthorizationFilter.java:100)
	at org.springframework.security.web.ObservationFilterChainDecorator$ObservationFilter.wrapFilter(ObservationFilterChainDecorator.java:240)
	at org.springframework.security.web.ObservationFilterChainDecorator$ObservationFilter.doFilter(ObservationFilterChainDecorator.java:227)
	at org.springframework.security.web.ObservationFilterChainDecorator$VirtualFilterChain.doFilter(ObservationFilterChainDecorator.java:137)
	at org.springframework.security.web.access.ExceptionTranslationFilter.doFilter(ExceptionTranslationFilter.java:126)
	at org.springframework.security.web.access.ExceptionTranslationFilter.doFilter(ExceptionTranslationFilter.java:120)
	at org.springframework.security.web.ObservationFilterChainDecorator$ObservationFilter.wrapFilter(ObservationFilterChainDecorator.java:240)
	at org.springframework.security.web.ObservationFilterChainDecorator$ObservationFilter.doFilter(ObservationFilterChainDecorator.java:227)
	at org.springframework.security.web.ObservationFilterChainDecorator$VirtualFilterChain.doFilter(ObservationFilterChainDecorator.java:137)
	at org.springframework.security.web.authentication.AnonymousAuthenticationFilter.doFilter(AnonymousAuthenticationFilter.java:100)
	at org.springframework.security.web.ObservationFilterChainDecorator$ObservationFilter.wrapFilter(ObservationFilterChainDecorator.java:240)
	at org.springframework.security.web.ObservationFilterChainDecorator$ObservationFilter.doFilter(ObservationFilterChainDecorator.java:227)
	at org.springframework.security.web.ObservationFilterChainDecorator$VirtualFilterChain.doFilter(ObservationFilterChainDecorator.java:137)
	at org.springframework.security.web.servletapi.SecurityContextHolderAwareRequestFilter.doFilter(SecurityContextHolderAwareRequestFilter.java:179)
	at org.springframework.security.web.ObservationFilterChainDecorator$ObservationFilter.wrapFilter(ObservationFilterChainDecorator.java:240)
	at org.springframework.security.web.ObservationFilterChainDecorator$ObservationFilter.doFilter(ObservationFilterChainDecorator.java:227)
	at org.springframework.security.web.ObservationFilterChainDecorator$VirtualFilterChain.doFilter(ObservationFilterChainDecorator.java:137)
	at org.springframework.security.web.savedrequest.RequestCacheAwareFilter.doFilter(RequestCacheAwareFilter.java:63)
	at org.springframework.security.web.ObservationFilterChainDecorator$ObservationFilter.wrapFilter(ObservationFilterChainDecorator.java:240)
	at org.springframework.security.web.ObservationFilterChainDecorator$ObservationFilter.doFilter(ObservationFilterChainDecorator.java:227)
	at org.springframework.security.web.ObservationFilterChainDecorator$VirtualFilterChain.doFilter(ObservationFilterChainDecorator.java:137)
	at org.springframework.security.web.authentication.www.BasicAuthenticationFilter.doFilterInternal(BasicAuthenticationFilter.java:181)
	at org.springframework.web.filter.OncePerRequestFilter.doFilter(OncePerRequestFilter.java:116)
	at org.springframework.security.web.ObservationFilterChainDecorator$ObservationFilter.wrapFilter(ObservationFilterChainDecorator.java:240)
	at org.springframework.security.web.ObservationFilterChainDecorator$ObservationFilter.doFilter(ObservationFilterChainDecorator.java:227)
	at org.springframework.security.web.ObservationFilterChainDecorator$VirtualFilterChain.doFilter(ObservationFilterChainDecorator.java:137)
	at com.banking.creditjourney.document.security.JwtAuthenticationFilter.doFilterInternal(JwtAuthenticationFilter.java:34)
	at org.springframework.web.filter.OncePerRequestFilter.doFilter(OncePerRequestFilter.java:116)
	at org.springframework.security.web.ObservationFilterChainDecorator$ObservationFilter.wrapFilter(ObservationFilterChainDecorator.java:240)
	at org.springframework.security.web.ObservationFilterChainDecorator$ObservationFilter.doFilter(ObservationFilterChainDecorator.java:227)
	at org.springframework.security.web.ObservationFilterChainDecorator$VirtualFilterChain.doFilter(ObservationFilterChainDecorator.java:137)
	at org.springframework.security.web.authentication.logout.LogoutFilter.doFilter(LogoutFilter.java:107)
	at org.springframework.security.web.authentication.logout.LogoutFilter.doFilter(LogoutFilter.java:93)
	at org.springframework.security.web.ObservationFilterChainDecorator$ObservationFilter.wrapFilter(ObservationFilterChainDecorator.java:240)
	at org.springframework.security.web.ObservationFilterChainDecorator$ObservationFilter.doFilter(ObservationFilterChainDecorator.java:227)
	at org.springframework.security.web.ObservationFilterChainDecorator$VirtualFilterChain.doFilter(ObservationFilterChainDecorator.java:137)
	at org.springframework.web.filter.CorsFilter.doFilterInternal(CorsFilter.java:91)
	at org.springframework.web.filter.OncePerRequestFilter.doFilter(OncePerRequestFilter.java:116)
	at org.springframework.security.web.ObservationFilterChainDecorator$ObservationFilter.wrapFilter(ObservationFilterChainDecorator.java:240)
	at org.springframework.security.web.ObservationFilterChainDecorator$ObservationFilter.doFilter(ObservationFilterChainDecorator.java:227)
	at org.springframework.security.web.ObservationFilterChainDecorator$VirtualFilterChain.doFilter(ObservationFilterChainDecorator.java:137)
	at org.springframework.security.web.header.HeaderWriterFilter.doHeadersAfter(HeaderWriterFilter.java:90)
	at org.springframework.security.web.header.HeaderWriterFilter.doFilterInternal(HeaderWriterFilter.java:75)
	at org.springframework.web.filter.OncePerRequestFilter.doFilter(OncePerRequestFilter.java:116)
	at org.springframework.security.web.ObservationFilterChainDecorator$ObservationFilter.wrapFilter(ObservationFilterChainDecorator.java:240)
	at org.springframework.security.web.ObservationFilterChainDecorator$ObservationFilter.doFilter(ObservationFilterChainDecorator.java:227)
	at org.springframework.security.web.ObservationFilterChainDecorator$VirtualFilterChain.doFilter(ObservationFilterChainDecorator.java:137)
	at org.springframework.security.web.context.SecurityContextHolderFilter.doFilter(SecurityContextHolderFilter.java:82)
	at org.springframework.security.web.context.SecurityContextHolderFilter.doFilter(SecurityContextHolderFilter.java:69)
	at org.springframework.security.web.ObservationFilterChainDecorator$ObservationFilter.wrapFilter(ObservationFilterChainDecorator.java:240)
	at org.springframework.security.web.ObservationFilterChainDecorator$ObservationFilter.doFilter(ObservationFilterChainDecorator.java:227)
	at org.springframework.security.web.ObservationFilterChainDecorator$VirtualFilterChain.doFilter(ObservationFilterChainDecorator.java:137)
	at org.springframework.security.web.context.request.async.WebAsyncManagerIntegrationFilter.doFilterInternal(WebAsyncManagerIntegrationFilter.java:62)
	at org.springframework.web.filter.OncePerRequestFilter.doFilter(OncePerRequestFilter.java:116)
	at org.springframework.security.web.ObservationFilterChainDecorator$ObservationFilter.wrapFilter(ObservationFilterChainDecorator.java:240)
	at org.springframework.security.web.ObservationFilterChainDecorator$ObservationFilter.doFilter(ObservationFilterChainDecorator.java:227)
	at org.springframework.security.web.ObservationFilterChainDecorator$VirtualFilterChain.doFilter(ObservationFilterChainDecorator.java:137)
	at org.springframework.security.web.session.DisableEncodeUrlFilter.doFilterInternal(DisableEncodeUrlFilter.java:42)
	at org.springframework.web.filter.OncePerRequestFilter.doFilter(OncePerRequestFilter.java:116)
	at org.springframework.security.web.ObservationFilterChainDecorator$ObservationFilter.wrapFilter(ObservationFilterChainDecorator.java:240)
	at org.springframework.security.web.ObservationFilterChainDecorator$AroundFilterObservation$SimpleAroundFilterObservation.lambda$wrap$0(ObservationFilterChainDecorator.java:323)
	at org.springframework.security.web.ObservationFilterChainDecorator$ObservationFilter.doFilter(ObservationFilterChainDecorator.java:224)
	at org.springframework.security.web.ObservationFilterChainDecorator$VirtualFilterChain.doFilter(ObservationFilterChainDecorator.java:137)
	at org.springframework.security.web.FilterChainProxy.doFilterInternal(FilterChainProxy.java:233)
	at org.springframework.security.web.FilterChainProxy.doFilter(FilterChainProxy.java:191)
	at org.springframework.web.filter.CompositeFilter$VirtualFilterChain.doFilter(CompositeFilter.java:113)
	at org.springframework.web.servlet.handler.HandlerMappingIntrospector.lambda$createCacheFilter$3(HandlerMappingIntrospector.java:195)
	at org.springframework.web.filter.CompositeFilter$VirtualFilterChain.doFilter(CompositeFilter.java:113)
	at org.springframework.web.filter.CompositeFilter.doFilter(CompositeFilter.java:74)
	at org.springframework.security.config.annotation.web.configuration.WebMvcSecurityConfiguration$CompositeFilterChainProxy.doFilter(WebMvcSecurityConfiguration.java:230)
	at org.springframework.web.filter.DelegatingFilterProxy.invokeDelegate(DelegatingFilterProxy.java:352)
	at org.springframework.web.filter.DelegatingFilterProxy.doFilter(DelegatingFilterProxy.java:268)
	at org.apache.catalina.core.ApplicationFilterChain.internalDoFilter(ApplicationFilterChain.java:164)
	at org.apache.catalina.core.ApplicationFilterChain.doFilter(ApplicationFilterChain.java:140)
	at org.springframework.web.filter.RequestContextFilter.doFilterInternal(RequestContextFilter.java:100)
	at org.springframework.web.filter.OncePerRequestFilter.doFilter(OncePerRequestFilter.java:116)
	at org.apache.catalina.core.ApplicationFilterChain.internalDoFilter(ApplicationFilterChain.java:164)
	at org.apache.catalina.core.ApplicationFilterChain.doFilter(ApplicationFilterChain.java:140)
	at org.springframework.web.filter.FormContentFilter.doFilterInternal(FormContentFilter.java:93)
	at org.springframework.web.filter.OncePerRequestFilter.doFilter(OncePerRequestFilter.java:116)
	at org.apache.catalina.core.ApplicationFilterChain.internalDoFilter(ApplicationFilterChain.java:164)
	at org.apache.catalina.core.ApplicationFilterChain.doFilter(ApplicationFilterChain.java:140)
	at org.springframework.web.filter.ServerHttpObservationFilter.doFilterInternal(ServerHttpObservationFilter.java:107)
	at org.springframework.web.filter.OncePerRequestFilter.doFilter(OncePerRequestFilter.java:116)
	at org.apache.catalina.core.ApplicationFilterChain.internalDoFilter(ApplicationFilterChain.java:164)
	at org.apache.catalina.core.ApplicationFilterChain.doFilter(ApplicationFilterChain.java:140)
	at org.springframework.web.filter.CharacterEncodingFilter.doFilterInternal(CharacterEncodingFilter.java:201)
	at org.springframework.web.filter.OncePerRequestFilter.doFilter(OncePerRequestFilter.java:116)
	at org.apache.catalina.core.ApplicationFilterChain.internalDoFilter(ApplicationFilterChain.java:164)
	at org.apache.catalina.core.ApplicationFilterChain.doFilter(ApplicationFilterChain.java:140)
	at org.apache.catalina.core.StandardWrapperValve.invoke(StandardWrapperValve.java:167)
	at org.apache.catalina.core.StandardContextValve.invoke(StandardContextValve.java:90)
	at org.apache.catalina.authenticator.AuthenticatorBase.invoke(AuthenticatorBase.java:482)
	at org.apache.catalina.core.StandardHostValve.invoke(StandardHostValve.java:115)
	at org.apache.catalina.valves.ErrorReportValve.invoke(ErrorReportValve.java:93)
	at org.apache.catalina.core.StandardEngineValve.invoke(StandardEngineValve.java:74)
	at org.apache.catalina.connector.CoyoteAdapter.service(CoyoteAdapter.java:344)
	at org.apache.coyote.http11.Http11Processor.service(Http11Processor.java:389)
	at org.apache.coyote.AbstractProcessorLight.process(AbstractProcessorLight.java:63)
	at org.apache.coyote.AbstractProtocol$ConnectionHandler.process(AbstractProtocol.java:904)
	at org.apache.tomcat.util.net.NioEndpoint$SocketProcessor.doRun(NioEndpoint.java:1741)
	at org.apache.tomcat.util.net.SocketProcessorBase.run(SocketProcessorBase.java:52)
	at org.apache.tomcat.util.threads.ThreadPoolExecutor.runWorker(ThreadPoolExecutor.java:1190)
	at org.apache.tomcat.util.threads.ThreadPoolExecutor$Worker.run(ThreadPoolExecutor.java:659)
	at org.apache.tomcat.util.threads.TaskThread$WrappingRunnable.run(TaskThread.java:63)
	at java.base/java.lang.Thread.run(Thread.java:1583)
2026-02-02 16:31:23.647 [http-nio-8080-exec-5] INFO  c.b.c.d.c.DocumentController [c6300673-4239-43a4-b846-bb12644e931a] - Document delete API starts:  /documentsDelete | requestDeleteDocumentRequest(documentIds=[1], deleteType=HARD, reason=Not needed further) | userIdsuyogita.shivare@accenture.com
2026-02-02 16:31:23.649 [http-nio-8080-exec-5] INFO  c.b.c.d.service.DocumentServiceImpl [c6300673-4239-43a4-b846-bb12644e931a] - Delete document(s) start: deleteDocumentRequest=DeleteDocumentRequest(documentIds=[1], deleteType=HARD, reason=Not needed further)
2026-02-02 16:31:23.650 [http-nio-8080-exec-5] DEBUG o.s.jdbc.core.JdbcTemplate [c6300673-4239-43a4-b846-bb12644e931a] - Executing prepared SQL query
2026-02-02 16:31:23.650 [http-nio-8080-exec-5] DEBUG o.s.jdbc.core.JdbcTemplate [c6300673-4239-43a4-b846-bb12644e931a] - Executing prepared SQL statement [SELECT * FROM documents
WHERE documentid IN (?)
AND user_id = ?
AND is_deleted = FALSE
]
2026-02-02 16:31:23.655 [http-nio-8080-exec-5] ERROR c.b.c.d.e.GlobalExceptionHandler [c6300673-4239-43a4-b846-bb12644e931a] - Business exception
java.lang.IllegalArgumentException: No document(s) found for deletion
	at com.banking.creditjourney.document.service.DocumentServiceImpl.documentDeletes(DocumentServiceImpl.java:103)
	at java.base/jdk.internal.reflect.DirectMethodHandleAccessor.invoke(DirectMethodHandleAccessor.java:103)
	at java.base/java.lang.reflect.Method.invoke(Method.java:580)
	at org.springframework.aop.support.AopUtils.invokeJoinpointUsingReflection(AopUtils.java:354)
	at org.springframework.aop.framework.ReflectiveMethodInvocation.invokeJoinpoint(ReflectiveMethodInvocation.java:196)
	at org.springframework.aop.framework.ReflectiveMethodInvocation.proceed(ReflectiveMethodInvocation.java:163)
	at org.springframework.aop.framework.CglibAopProxy$CglibMethodInvocation.proceed(CglibAopProxy.java:768)
	at org.springframework.transaction.interceptor.TransactionInterceptor$1.proceedWithInvocation(TransactionInterceptor.java:123)
	at org.springframework.transaction.interceptor.TransactionAspectSupport.invokeWithinTransaction(TransactionAspectSupport.java:392)
	at org.springframework.transaction.interceptor.TransactionInterceptor.invoke(TransactionInterceptor.java:119)
	at org.springframework.aop.framework.ReflectiveMethodInvocation.proceed(ReflectiveMethodInvocation.java:184)
	at org.springframework.aop.framework.CglibAopProxy$CglibMethodInvocation.proceed(CglibAopProxy.java:768)
	at org.springframework.aop.framework.CglibAopProxy$DynamicAdvisedInterceptor.intercept(CglibAopProxy.java:720)
	at com.banking.creditjourney.document.service.DocumentServiceImpl$$SpringCGLIB$$0.documentDeletes(<generated>)
	at com.banking.creditjourney.document.controller.DocumentController.documentDelete(DocumentController.java:97)
	at java.base/jdk.internal.reflect.DirectMethodHandleAccessor.invoke(DirectMethodHandleAccessor.java:103)
	at java.base/java.lang.reflect.Method.invoke(Method.java:580)
	at org.springframework.web.method.support.InvocableHandlerMethod.doInvoke(InvocableHandlerMethod.java:255)
	at org.springframework.web.method.support.InvocableHandlerMethod.invokeForRequest(InvocableHandlerMethod.java:188)
	at org.springframework.web.servlet.mvc.method.annotation.ServletInvocableHandlerMethod.invokeAndHandle(ServletInvocableHandlerMethod.java:118)
	at org.springframework.web.servlet.mvc.method.annotation.RequestMappingHandlerAdapter.invokeHandlerMethod(RequestMappingHandlerAdapter.java:926)
	at org.springframework.web.servlet.mvc.method.annotation.RequestMappingHandlerAdapter.handleInternal(RequestMappingHandlerAdapter.java:831)
	at org.springframework.web.servlet.mvc.method.AbstractHandlerMethodAdapter.handle(AbstractHandlerMethodAdapter.java:87)
	at org.springframework.web.servlet.DispatcherServlet.doDispatch(DispatcherServlet.java:1089)
	at org.springframework.web.servlet.DispatcherServlet.doService(DispatcherServlet.java:979)
	at org.springframework.web.servlet.FrameworkServlet.processRequest(FrameworkServlet.java:1014)
	at org.springframework.web.servlet.FrameworkServlet.doDelete(FrameworkServlet.java:936)
	at jakarta.servlet.http.HttpServlet.service(HttpServlet.java:596)
	at org.springframework.web.servlet.FrameworkServlet.service(FrameworkServlet.java:885)
	at jakarta.servlet.http.HttpServlet.service(HttpServlet.java:658)
	at org.apache.catalina.core.ApplicationFilterChain.internalDoFilter(ApplicationFilterChain.java:195)
	at org.apache.catalina.core.ApplicationFilterChain.doFilter(ApplicationFilterChain.java:140)
	at org.apache.tomcat.websocket.server.WsFilter.doFilter(WsFilter.java:51)
	at org.apache.catalina.core.ApplicationFilterChain.internalDoFilter(ApplicationFilterChain.java:164)
	at org.apache.catalina.core.ApplicationFilterChain.doFilter(ApplicationFilterChain.java:140)
	at org.springframework.web.filter.OncePerRequestFilter.doFilter(OncePerRequestFilter.java:110)
	at org.apache.catalina.core.ApplicationFilterChain.internalDoFilter(ApplicationFilterChain.java:164)
	at org.apache.catalina.core.ApplicationFilterChain.doFilter(ApplicationFilterChain.java:140)
	at com.banking.creditjourney.document.security.CorrelationIdFilter.doFilterInternal(CorrelationIdFilter.java:31)
	at org.springframework.web.filter.OncePerRequestFilter.doFilter(OncePerRequestFilter.java:116)
	at org.apache.catalina.core.ApplicationFilterChain.internalDoFilter(ApplicationFilterChain.java:164)
	at org.apache.catalina.core.ApplicationFilterChain.doFilter(ApplicationFilterChain.java:140)
	at org.springframework.web.filter.CompositeFilter$VirtualFilterChain.doFilter(CompositeFilter.java:108)
	at org.springframework.security.web.FilterChainProxy.lambda$doFilterInternal$3(FilterChainProxy.java:231)
	at org.springframework.security.web.ObservationFilterChainDecorator$FilterObservation$SimpleFilterObservation.lambda$wrap$1(ObservationFilterChainDecorator.java:479)
	at org.springframework.security.web.ObservationFilterChainDecorator$AroundFilterObservation$SimpleAroundFilterObservation.lambda$wrap$1(ObservationFilterChainDecorator.java:340)
	at org.springframework.security.web.ObservationFilterChainDecorator.lambda$wrapSecured$0(ObservationFilterChainDecorator.java:82)
	at org.springframework.security.web.ObservationFilterChainDecorator$VirtualFilterChain.doFilter(ObservationFilterChainDecorator.java:128)
	at org.springframework.security.web.access.intercept.AuthorizationFilter.doFilter(AuthorizationFilter.java:100)
	at org.springframework.security.web.ObservationFilterChainDecorator$ObservationFilter.wrapFilter(ObservationFilterChainDecorator.java:240)
	at org.springframework.security.web.ObservationFilterChainDecorator$ObservationFilter.doFilter(ObservationFilterChainDecorator.java:227)
	at org.springframework.security.web.ObservationFilterChainDecorator$VirtualFilterChain.doFilter(ObservationFilterChainDecorator.java:137)
	at org.springframework.security.web.access.ExceptionTranslationFilter.doFilter(ExceptionTranslationFilter.java:126)
	at org.springframework.security.web.access.ExceptionTranslationFilter.doFilter(ExceptionTranslationFilter.java:120)
	at org.springframework.security.web.ObservationFilterChainDecorator$ObservationFilter.wrapFilter(ObservationFilterChainDecorator.java:240)
	at org.springframework.security.web.ObservationFilterChainDecorator$ObservationFilter.doFilter(ObservationFilterChainDecorator.java:227)
	at org.springframework.security.web.ObservationFilterChainDecorator$VirtualFilterChain.doFilter(ObservationFilterChainDecorator.java:137)
	at org.springframework.security.web.authentication.AnonymousAuthenticationFilter.doFilter(AnonymousAuthenticationFilter.java:100)
	at org.springframework.security.web.ObservationFilterChainDecorator$ObservationFilter.wrapFilter(ObservationFilterChainDecorator.java:240)
	at org.springframework.security.web.ObservationFilterChainDecorator$ObservationFilter.doFilter(ObservationFilterChainDecorator.java:227)
	at org.springframework.security.web.ObservationFilterChainDecorator$VirtualFilterChain.doFilter(ObservationFilterChainDecorator.java:137)
	at org.springframework.security.web.servletapi.SecurityContextHolderAwareRequestFilter.doFilter(SecurityContextHolderAwareRequestFilter.java:179)
	at org.springframework.security.web.ObservationFilterChainDecorator$ObservationFilter.wrapFilter(ObservationFilterChainDecorator.java:240)
	at org.springframework.security.web.ObservationFilterChainDecorator$ObservationFilter.doFilter(ObservationFilterChainDecorator.java:227)
	at org.springframework.security.web.ObservationFilterChainDecorator$VirtualFilterChain.doFilter(ObservationFilterChainDecorator.java:137)
	at org.springframework.security.web.savedrequest.RequestCacheAwareFilter.doFilter(RequestCacheAwareFilter.java:63)
	at org.springframework.security.web.ObservationFilterChainDecorator$ObservationFilter.wrapFilter(ObservationFilterChainDecorator.java:240)
	at org.springframework.security.web.ObservationFilterChainDecorator$ObservationFilter.doFilter(ObservationFilterChainDecorator.java:227)
	at org.springframework.security.web.ObservationFilterChainDecorator$VirtualFilterChain.doFilter(ObservationFilterChainDecorator.java:137)
	at org.springframework.security.web.authentication.www.BasicAuthenticationFilter.doFilterInternal(BasicAuthenticationFilter.java:181)
	at org.springframework.web.filter.OncePerRequestFilter.doFilter(OncePerRequestFilter.java:116)
	at org.springframework.security.web.ObservationFilterChainDecorator$ObservationFilter.wrapFilter(ObservationFilterChainDecorator.java:240)
	at org.springframework.security.web.ObservationFilterChainDecorator$ObservationFilter.doFilter(ObservationFilterChainDecorator.java:227)
	at org.springframework.security.web.ObservationFilterChainDecorator$VirtualFilterChain.doFilter(ObservationFilterChainDecorator.java:137)
	at com.banking.creditjourney.document.security.JwtAuthenticationFilter.doFilterInternal(JwtAuthenticationFilter.java:34)
	at org.springframework.web.filter.OncePerRequestFilter.doFilter(OncePerRequestFilter.java:116)
	at org.springframework.security.web.ObservationFilterChainDecorator$ObservationFilter.wrapFilter(ObservationFilterChainDecorator.java:240)
	at org.springframework.security.web.ObservationFilterChainDecorator$ObservationFilter.doFilter(ObservationFilterChainDecorator.java:227)
	at org.springframework.security.web.ObservationFilterChainDecorator$VirtualFilterChain.doFilter(ObservationFilterChainDecorator.java:137)
	at org.springframework.security.web.authentication.logout.LogoutFilter.doFilter(LogoutFilter.java:107)
	at org.springframework.security.web.authentication.logout.LogoutFilter.doFilter(LogoutFilter.java:93)
	at org.springframework.security.web.ObservationFilterChainDecorator$ObservationFilter.wrapFilter(ObservationFilterChainDecorator.java:240)
	at org.springframework.security.web.ObservationFilterChainDecorator$ObservationFilter.doFilter(ObservationFilterChainDecorator.java:227)
	at org.springframework.security.web.ObservationFilterChainDecorator$VirtualFilterChain.doFilter(ObservationFilterChainDecorator.java:137)
	at org.springframework.web.filter.CorsFilter.doFilterInternal(CorsFilter.java:91)
	at org.springframework.web.filter.OncePerRequestFilter.doFilter(OncePerRequestFilter.java:116)
	at org.springframework.security.web.ObservationFilterChainDecorator$ObservationFilter.wrapFilter(ObservationFilterChainDecorator.java:240)
	at org.springframework.security.web.ObservationFilterChainDecorator$ObservationFilter.doFilter(ObservationFilterChainDecorator.java:227)
	at org.springframework.security.web.ObservationFilterChainDecorator$VirtualFilterChain.doFilter(ObservationFilterChainDecorator.java:137)
	at org.springframework.security.web.header.HeaderWriterFilter.doHeadersAfter(HeaderWriterFilter.java:90)
	at org.springframework.security.web.header.HeaderWriterFilter.doFilterInternal(HeaderWriterFilter.java:75)
	at org.springframework.web.filter.OncePerRequestFilter.doFilter(OncePerRequestFilter.java:116)
	at org.springframework.security.web.ObservationFilterChainDecorator$ObservationFilter.wrapFilter(ObservationFilterChainDecorator.java:240)
	at org.springframework.security.web.ObservationFilterChainDecorator$ObservationFilter.doFilter(ObservationFilterChainDecorator.java:227)
	at org.springframework.security.web.ObservationFilterChainDecorator$VirtualFilterChain.doFilter(ObservationFilterChainDecorator.java:137)
	at org.springframework.security.web.context.SecurityContextHolderFilter.doFilter(SecurityContextHolderFilter.java:82)
	at org.springframework.security.web.context.SecurityContextHolderFilter.doFilter(SecurityContextHolderFilter.java:69)
	at org.springframework.security.web.ObservationFilterChainDecorator$ObservationFilter.wrapFilter(ObservationFilterChainDecorator.java:240)
	at org.springframework.security.web.ObservationFilterChainDecorator$ObservationFilter.doFilter(ObservationFilterChainDecorator.java:227)
	at org.springframework.security.web.ObservationFilterChainDecorator$VirtualFilterChain.doFilter(ObservationFilterChainDecorator.java:137)
	at org.springframework.security.web.context.request.async.WebAsyncManagerIntegrationFilter.doFilterInternal(WebAsyncManagerIntegrationFilter.java:62)
	at org.springframework.web.filter.OncePerRequestFilter.doFilter(OncePerRequestFilter.java:116)
	at org.springframework.security.web.ObservationFilterChainDecorator$ObservationFilter.wrapFilter(ObservationFilterChainDecorator.java:240)
	at org.springframework.security.web.ObservationFilterChainDecorator$ObservationFilter.doFilter(ObservationFilterChainDecorator.java:227)
	at org.springframework.security.web.ObservationFilterChainDecorator$VirtualFilterChain.doFilter(ObservationFilterChainDecorator.java:137)
	at org.springframework.security.web.session.DisableEncodeUrlFilter.doFilterInternal(DisableEncodeUrlFilter.java:42)
	at org.springframework.web.filter.OncePerRequestFilter.doFilter(OncePerRequestFilter.java:116)
	at org.springframework.security.web.ObservationFilterChainDecorator$ObservationFilter.wrapFilter(ObservationFilterChainDecorator.java:240)
	at org.springframework.security.web.ObservationFilterChainDecorator$AroundFilterObservation$SimpleAroundFilterObservation.lambda$wrap$0(ObservationFilterChainDecorator.java:323)
	at org.springframework.security.web.ObservationFilterChainDecorator$ObservationFilter.doFilter(ObservationFilterChainDecorator.java:224)
	at org.springframework.security.web.ObservationFilterChainDecorator$VirtualFilterChain.doFilter(ObservationFilterChainDecorator.java:137)
	at org.springframework.security.web.FilterChainProxy.doFilterInternal(FilterChainProxy.java:233)
	at org.springframework.security.web.FilterChainProxy.doFilter(FilterChainProxy.java:191)
	at org.springframework.web.filter.CompositeFilter$VirtualFilterChain.doFilter(CompositeFilter.java:113)
	at org.springframework.web.servlet.handler.HandlerMappingIntrospector.lambda$createCacheFilter$3(HandlerMappingIntrospector.java:195)
	at org.springframework.web.filter.CompositeFilter$VirtualFilterChain.doFilter(CompositeFilter.java:113)
	at org.springframework.web.filter.CompositeFilter.doFilter(CompositeFilter.java:74)
	at org.springframework.security.config.annotation.web.configuration.WebMvcSecurityConfiguration$CompositeFilterChainProxy.doFilter(WebMvcSecurityConfiguration.java:230)
	at org.springframework.web.filter.DelegatingFilterProxy.invokeDelegate(DelegatingFilterProxy.java:352)
	at org.springframework.web.filter.DelegatingFilterProxy.doFilter(DelegatingFilterProxy.java:268)
	at org.apache.catalina.core.ApplicationFilterChain.internalDoFilter(ApplicationFilterChain.java:164)
	at org.apache.catalina.core.ApplicationFilterChain.doFilter(ApplicationFilterChain.java:140)
	at org.springframework.web.filter.RequestContextFilter.doFilterInternal(RequestContextFilter.java:100)
	at org.springframework.web.filter.OncePerRequestFilter.doFilter(OncePerRequestFilter.java:116)
	at org.apache.catalina.core.ApplicationFilterChain.internalDoFilter(ApplicationFilterChain.java:164)
	at org.apache.catalina.core.ApplicationFilterChain.doFilter(ApplicationFilterChain.java:140)
	at org.springframework.web.filter.FormContentFilter.doFilterInternal(FormContentFilter.java:93)
	at org.springframework.web.filter.OncePerRequestFilter.doFilter(OncePerRequestFilter.java:116)
	at org.apache.catalina.core.ApplicationFilterChain.internalDoFilter(ApplicationFilterChain.java:164)
	at org.apache.catalina.core.ApplicationFilterChain.doFilter(ApplicationFilterChain.java:140)
	at org.springframework.web.filter.ServerHttpObservationFilter.doFilterInternal(ServerHttpObservationFilter.java:107)
	at org.springframework.web.filter.OncePerRequestFilter.doFilter(OncePerRequestFilter.java:116)
	at org.apache.catalina.core.ApplicationFilterChain.internalDoFilter(ApplicationFilterChain.java:164)
	at org.apache.catalina.core.ApplicationFilterChain.doFilter(ApplicationFilterChain.java:140)
	at org.springframework.web.filter.CharacterEncodingFilter.doFilterInternal(CharacterEncodingFilter.java:201)
	at org.springframework.web.filter.OncePerRequestFilter.doFilter(OncePerRequestFilter.java:116)
	at org.apache.catalina.core.ApplicationFilterChain.internalDoFilter(ApplicationFilterChain.java:164)
	at org.apache.catalina.core.ApplicationFilterChain.doFilter(ApplicationFilterChain.java:140)
	at org.apache.catalina.core.StandardWrapperValve.invoke(StandardWrapperValve.java:167)
	at org.apache.catalina.core.StandardContextValve.invoke(StandardContextValve.java:90)
	at org.apache.catalina.authenticator.AuthenticatorBase.invoke(AuthenticatorBase.java:482)
	at org.apache.catalina.core.StandardHostValve.invoke(StandardHostValve.java:115)
	at org.apache.catalina.valves.ErrorReportValve.invoke(ErrorReportValve.java:93)
	at org.apache.catalina.core.StandardEngineValve.invoke(StandardEngineValve.java:74)
	at org.apache.catalina.connector.CoyoteAdapter.service(CoyoteAdapter.java:344)
	at org.apache.coyote.http11.Http11Processor.service(Http11Processor.java:389)
	at org.apache.coyote.AbstractProcessorLight.process(AbstractProcessorLight.java:63)
	at org.apache.coyote.AbstractProtocol$ConnectionHandler.process(AbstractProtocol.java:904)
	at org.apache.tomcat.util.net.NioEndpoint$SocketProcessor.doRun(NioEndpoint.java:1741)
	at org.apache.tomcat.util.net.SocketProcessorBase.run(SocketProcessorBase.java:52)
	at org.apache.tomcat.util.threads.ThreadPoolExecutor.runWorker(ThreadPoolExecutor.java:1190)
	at org.apache.tomcat.util.threads.ThreadPoolExecutor$Worker.run(ThreadPoolExecutor.java:659)
	at org.apache.tomcat.util.threads.TaskThread$WrappingRunnable.run(TaskThread.java:63)
	at java.base/java.lang.Thread.run(Thread.java:1583)
2026-02-02 16:36:26.333 [RMI TCP Connection(12)-127.0.0.1] INFO  o.s.b.a.SpringApplicationAdminMXBeanRegistrar$SpringApplicationAdmin [] - Application shutdown requested.
2026-02-02 16:36:26.340 [RMI TCP Connection(12)-127.0.0.1] INFO  o.a.coyote.http11.Http11NioProtocol [] - Stopping ProtocolHandler ["http-nio-8080"]
2026-02-02 16:36:26.403 [RMI TCP Connection(12)-127.0.0.1] INFO  com.zaxxer.hikari.HikariDataSource [] - HikariPool-1 - Shutdown initiated...
2026-02-02 16:36:26.632 [RMI TCP Connection(12)-127.0.0.1] INFO  com.zaxxer.hikari.HikariDataSource [] - HikariPool-1 - Shutdown completed.
2026-02-02 16:36:41.811 [background-preinit] INFO  o.h.validator.internal.util.Version [] - HV000001: Hibernate Validator 8.0.1.Final
2026-02-02 16:36:41.952 [main] INFO  c.b.c.d.DocumentManagementApplication [] - Starting DocumentManagementApplication using Java 21.0.10 with PID 26932 (C:\Workspace_IP\document-managment\bin\main started by suyogita.shivare in C:\Workspace_IP\document-managment)
2026-02-02 16:36:41.954 [main] INFO  c.b.c.d.DocumentManagementApplication [] - No active profile set, falling back to 1 default profile: "default"
2026-02-02 16:36:45.695 [main] INFO  o.s.d.r.c.RepositoryConfigurationDelegate [] - Bootstrapping Spring Data JDBC repositories in DEFAULT mode.
2026-02-02 16:36:45.774 [main] INFO  o.s.d.r.c.RepositoryConfigurationDelegate [] - Finished Spring Data repository scanning in 64 ms. Found 0 JDBC repository interfaces.
2026-02-02 16:36:47.097 [main] INFO  o.s.b.w.e.tomcat.TomcatWebServer [] - Tomcat initialized with port 8080 (http)
2026-02-02 16:36:47.131 [main] INFO  o.a.coyote.http11.Http11NioProtocol [] - Initializing ProtocolHandler ["http-nio-8080"]
2026-02-02 16:36:47.135 [main] INFO  o.a.catalina.core.StandardService [] - Starting service [Tomcat]
2026-02-02 16:36:47.136 [main] INFO  o.a.catalina.core.StandardEngine [] - Starting Servlet engine: [Apache Tomcat/10.1.25]
2026-02-02 16:36:47.323 [main] INFO  o.a.c.c.C.[Tomcat].[localhost].[/] [] - Initializing Spring embedded WebApplicationContext
2026-02-02 16:36:47.324 [main] INFO  o.s.b.w.s.c.ServletWebServerApplicationContext [] - Root WebApplicationContext: initialization completed in 5228 ms
2026-02-02 16:36:47.584 [main] INFO  com.zaxxer.hikari.HikariDataSource [] - HikariPool-1 - Starting...
2026-02-02 16:36:48.335 [main] INFO  com.zaxxer.hikari.pool.HikariPool [] - HikariPool-1 - Added connection conn0: url=jdbc:h2:file:C:/Document_Management/h2/documentdb user=SA
2026-02-02 16:36:48.342 [main] INFO  com.zaxxer.hikari.HikariDataSource [] - HikariPool-1 - Start completed.
2026-02-02 16:36:48.375 [main] INFO  o.s.b.a.h.H2ConsoleAutoConfiguration [] - H2 console available at '/h2-console'. Database available at 'jdbc:h2:file:C:/Document_Management/h2/documentdb'
2026-02-02 16:36:49.248 [main] INFO  org.flywaydb.core.FlywayExecutor [] - Database: jdbc:h2:file:C:/Document_Management/h2/documentdb (H2 2.2)
2026-02-02 16:36:49.271 [main] WARN  o.f.c.i.database.base.Database [] - Flyway upgrade recommended: H2 2.2.224 is newer than this version of Flyway and support has not been tested. The latest supported version of H2 is 2.2.220.
2026-02-02 16:36:49.425 [main] INFO  o.f.core.internal.command.DbValidate [] - Successfully validated 1 migration (execution time 00:00.079s)
2026-02-02 16:36:49.455 [main] INFO  o.f.core.internal.command.DbMigrate [] - Current version of schema "PUBLIC": 1
2026-02-02 16:36:49.459 [main] INFO  o.f.core.internal.command.DbMigrate [] - Schema "PUBLIC" is up to date. No migration necessary.
2026-02-02 16:36:49.973 [main] WARN  o.s.b.a.s.s.UserDetailsServiceAutoConfiguration [] - 

Using generated security password: c9b4f38a-9e1d-45f3-b9f8-3ff19e681c15

This generated password is for development use only. Your security configuration must be updated before running your application in production.

2026-02-02 16:36:50.037 [main] INFO  o.s.s.c.a.a.c.InitializeUserDetailsBeanManagerConfigurer$InitializeUserDetailsManagerConfigurer [] - Global AuthenticationManager configured with UserDetailsService bean with name inMemoryUserDetailsManager
2026-02-02 16:36:50.857 [main] INFO  o.s.b.a.e.web.EndpointLinksResolver [] - Exposing 1 endpoint beneath base path '/actuator'
2026-02-02 16:36:52.440 [main] INFO  o.a.coyote.http11.Http11NioProtocol [] - Starting ProtocolHandler ["http-nio-8080"]
2026-02-02 16:36:52.548 [main] INFO  o.s.b.w.e.tomcat.TomcatWebServer [] - Tomcat started on port 8080 (http) with context path '/'
2026-02-02 16:36:52.599 [main] INFO  c.b.c.d.DocumentManagementApplication [] - Started DocumentManagementApplication in 11.879 seconds (process running for 14.989)
2026-02-02 16:36:53.339 [RMI TCP Connection(4)-127.0.0.1] INFO  o.a.c.c.C.[Tomcat].[localhost].[/] [] - Initializing Spring DispatcherServlet 'dispatcherServlet'
2026-02-02 16:36:53.340 [RMI TCP Connection(4)-127.0.0.1] INFO  o.s.web.servlet.DispatcherServlet [] - Initializing Servlet 'dispatcherServlet'
2026-02-02 16:36:53.343 [RMI TCP Connection(4)-127.0.0.1] INFO  o.s.web.servlet.DispatcherServlet [] - Completed initialization in 3 ms
2026-02-02 16:37:03.147 [http-nio-8080-exec-1] INFO  c.b.c.d.c.DocumentController [adcd0752-646b-4447-a8fc-d95f806c502c] - Document delete API starts:  /documentsDelete | requestDeleteDocumentRequest(documentIds=[1], deleteType=HARD, reason=Not needed further) | userIdsuyogita.shivare@accenture.com
2026-02-02 16:37:03.194 [http-nio-8080-exec-1] INFO  c.b.c.d.service.DocumentServiceImpl [adcd0752-646b-4447-a8fc-d95f806c502c] - Delete document(s) start: deleteDocumentRequest=DeleteDocumentRequest(documentIds=[1], deleteType=HARD, reason=Not needed further)
2026-02-02 16:37:16.215 [http-nio-8080-exec-1] DEBUG o.s.jdbc.core.JdbcTemplate [adcd0752-646b-4447-a8fc-d95f806c502c] - Executing prepared SQL query
2026-02-02 16:37:16.235 [http-nio-8080-exec-1] DEBUG o.s.jdbc.core.JdbcTemplate [adcd0752-646b-4447-a8fc-d95f806c502c] - Executing prepared SQL statement [SELECT * FROM documents
WHERE documentid IN (?)
AND user_id = ?
AND is_deleted = FALSE
]
2026-02-02 16:38:15.112 [background-preinit] INFO  o.h.validator.internal.util.Version [] - HV000001: Hibernate Validator 8.0.1.Final
2026-02-02 16:38:15.266 [main] INFO  c.b.c.d.DocumentManagementApplication [] - Starting DocumentManagementApplication using Java 21.0.10 with PID 6312 (C:\Workspace_IP\document-managment\bin\main started by suyogita.shivare in C:\Workspace_IP\document-managment)
2026-02-02 16:38:15.268 [main] INFO  c.b.c.d.DocumentManagementApplication [] - No active profile set, falling back to 1 default profile: "default"
2026-02-02 16:38:18.479 [main] INFO  o.s.d.r.c.RepositoryConfigurationDelegate [] - Bootstrapping Spring Data JDBC repositories in DEFAULT mode.
2026-02-02 16:38:18.540 [main] INFO  o.s.d.r.c.RepositoryConfigurationDelegate [] - Finished Spring Data repository scanning in 47 ms. Found 0 JDBC repository interfaces.
2026-02-02 16:38:19.778 [main] INFO  o.s.b.w.e.tomcat.TomcatWebServer [] - Tomcat initialized with port 8080 (http)
2026-02-02 16:38:19.813 [main] INFO  o.a.coyote.http11.Http11NioProtocol [] - Initializing ProtocolHandler ["http-nio-8080"]
2026-02-02 16:38:19.821 [main] INFO  o.a.catalina.core.StandardService [] - Starting service [Tomcat]
2026-02-02 16:38:19.822 [main] INFO  o.a.catalina.core.StandardEngine [] - Starting Servlet engine: [Apache Tomcat/10.1.25]
2026-02-02 16:38:20.007 [main] INFO  o.a.c.c.C.[Tomcat].[localhost].[/] [] - Initializing Spring embedded WebApplicationContext
2026-02-02 16:38:20.007 [main] INFO  o.s.b.w.s.c.ServletWebServerApplicationContext [] - Root WebApplicationContext: initialization completed in 4594 ms
2026-02-02 16:38:20.247 [main] INFO  com.zaxxer.hikari.HikariDataSource [] - HikariPool-1 - Starting...
2026-02-02 16:38:20.986 [main] INFO  com.zaxxer.hikari.pool.HikariPool [] - HikariPool-1 - Added connection conn0: url=jdbc:h2:file:C:/Document_Management/h2/documentdb user=SA
2026-02-02 16:38:20.992 [main] INFO  com.zaxxer.hikari.HikariDataSource [] - HikariPool-1 - Start completed.
2026-02-02 16:38:21.031 [main] INFO  o.s.b.a.h.H2ConsoleAutoConfiguration [] - H2 console available at '/h2-console'. Database available at 'jdbc:h2:file:C:/Document_Management/h2/documentdb'
2026-02-02 16:38:21.852 [main] INFO  org.flywaydb.core.FlywayExecutor [] - Database: jdbc:h2:file:C:/Document_Management/h2/documentdb (H2 2.2)
2026-02-02 16:38:21.871 [main] WARN  o.f.c.i.database.base.Database [] - Flyway upgrade recommended: H2 2.2.224 is newer than this version of Flyway and support has not been tested. The latest supported version of H2 is 2.2.220.
2026-02-02 16:38:21.964 [main] INFO  o.f.core.internal.command.DbValidate [] - Successfully validated 1 migration (execution time 00:00.060s)
2026-02-02 16:38:21.989 [main] INFO  o.f.core.internal.command.DbMigrate [] - Current version of schema "PUBLIC": 1
2026-02-02 16:38:21.994 [main] INFO  o.f.core.internal.command.DbMigrate [] - Schema "PUBLIC" is up to date. No migration necessary.
2026-02-02 16:38:22.517 [main] WARN  o.s.b.a.s.s.UserDetailsServiceAutoConfiguration [] - 

Using generated security password: 131ae1ed-cbca-44c5-beda-033c75e66058

This generated password is for development use only. Your security configuration must be updated before running your application in production.

2026-02-02 16:38:22.593 [main] INFO  o.s.s.c.a.a.c.InitializeUserDetailsBeanManagerConfigurer$InitializeUserDetailsManagerConfigurer [] - Global AuthenticationManager configured with UserDetailsService bean with name inMemoryUserDetailsManager
2026-02-02 16:38:23.387 [main] INFO  o.s.b.a.e.web.EndpointLinksResolver [] - Exposing 1 endpoint beneath base path '/actuator'
2026-02-02 16:38:24.731 [main] INFO  o.a.coyote.http11.Http11NioProtocol [] - Starting ProtocolHandler ["http-nio-8080"]
2026-02-02 16:38:24.805 [main] INFO  o.s.b.w.e.tomcat.TomcatWebServer [] - Tomcat started on port 8080 (http) with context path '/'
2026-02-02 16:38:24.847 [main] INFO  c.b.c.d.DocumentManagementApplication [] - Started DocumentManagementApplication in 10.739 seconds (process running for 13.975)
2026-02-02 16:38:25.665 [RMI TCP Connection(4)-127.0.0.1] INFO  o.a.c.c.C.[Tomcat].[localhost].[/] [] - Initializing Spring DispatcherServlet 'dispatcherServlet'
2026-02-02 16:38:25.666 [RMI TCP Connection(4)-127.0.0.1] INFO  o.s.web.servlet.DispatcherServlet [] - Initializing Servlet 'dispatcherServlet'
2026-02-02 16:38:25.669 [RMI TCP Connection(4)-127.0.0.1] INFO  o.s.web.servlet.DispatcherServlet [] - Completed initialization in 3 ms
2026-02-02 16:38:33.168 [http-nio-8080-exec-2] INFO  c.b.c.d.c.DocumentController [96c39f75-b079-4006-9711-d9e41265072d] - Document delete API starts:  /documentsDelete | requestDeleteDocumentRequest(documentIds=[1], deleteType=HARD, reason=Not needed further) | userIdsuyogita.shivare@accenture.com
2026-02-02 16:38:33.216 [http-nio-8080-exec-2] INFO  c.b.c.d.service.DocumentServiceImpl [96c39f75-b079-4006-9711-d9e41265072d] - Delete document(s) start: deleteDocumentRequest=DeleteDocumentRequest(documentIds=[1], deleteType=HARD, reason=Not needed further)
2026-02-02 16:38:41.608 [http-nio-8080-exec-2] DEBUG o.s.jdbc.core.JdbcTemplate [96c39f75-b079-4006-9711-d9e41265072d] - Executing prepared SQL query
2026-02-02 16:38:41.626 [http-nio-8080-exec-2] DEBUG o.s.jdbc.core.JdbcTemplate [96c39f75-b079-4006-9711-d9e41265072d] - Executing prepared SQL statement [SELECT * FROM documents
WHERE documentid IN (?)
AND user_id = ?
]
2026-02-02 16:38:41.940 [http-nio-8080-exec-2] DEBUG o.s.jdbc.core.BeanPropertyRowMapper [96c39f75-b079-4006-9711-d9e41265072d] - Mapping column 'DOCUMENTID' to property 'documentId' of type 'java.lang.Long'
2026-02-02 16:38:41.951 [http-nio-8080-exec-2] DEBUG o.s.jdbc.core.BeanPropertyRowMapper [96c39f75-b079-4006-9711-d9e41265072d] - Mapping column 'USER_ID' to property 'userId' of type 'java.lang.String'
2026-02-02 16:38:42.023 [http-nio-8080-exec-2] DEBUG o.s.jdbc.core.BeanPropertyRowMapper [96c39f75-b079-4006-9711-d9e41265072d] - Mapping column 'FILE_NAME' to property 'fileName' of type 'java.lang.String'
2026-02-02 16:38:42.040 [http-nio-8080-exec-2] DEBUG o.s.jdbc.core.BeanPropertyRowMapper [96c39f75-b079-4006-9711-d9e41265072d] - Mapping column 'FILE_TYPE' to property 'fileType' of type 'java.lang.String'
2026-02-02 16:38:42.062 [http-nio-8080-exec-2] DEBUG o.s.jdbc.core.BeanPropertyRowMapper [96c39f75-b079-4006-9711-d9e41265072d] - Mapping column 'FILE_SIZE' to property 'fileSize' of type 'java.lang.Long'
2026-02-02 16:38:42.112 [http-nio-8080-exec-2] DEBUG o.s.jdbc.core.BeanPropertyRowMapper [96c39f75-b079-4006-9711-d9e41265072d] - Mapping column 'CHECKSUM' to property 'checksum' of type 'java.lang.String'
2026-02-02 16:38:42.142 [http-nio-8080-exec-2] DEBUG o.s.jdbc.core.BeanPropertyRowMapper [96c39f75-b079-4006-9711-d9e41265072d] - Mapping column 'STORAGE_PATH' to property 'storagePath' of type 'java.lang.String'
2026-02-02 16:38:42.227 [http-nio-8080-exec-2] DEBUG o.s.jdbc.core.BeanPropertyRowMapper [96c39f75-b079-4006-9711-d9e41265072d] - Mapping column 'CREATED_AT' to property 'createdAt' of type 'java.time.LocalDateTime'
2026-02-02 16:38:42.245 [http-nio-8080-exec-2] DEBUG o.s.jdbc.core.BeanPropertyRowMapper [96c39f75-b079-4006-9711-d9e41265072d] - Mapping column 'UPDATED_AT' to property 'updatedAt' of type 'java.time.LocalDateTime'
2026-02-02 16:43:57.054 [background-preinit] INFO  o.h.validator.internal.util.Version [] - HV000001: Hibernate Validator 8.0.1.Final
2026-02-02 16:43:57.112 [main] INFO  c.b.c.d.DocumentManagementApplication [] - Starting DocumentManagementApplication using Java 21.0.10 with PID 4776 (C:\Workspace_IP\document-managment\bin\main started by suyogita.shivare in C:\Workspace_IP\document-managment)
2026-02-02 16:43:57.113 [main] INFO  c.b.c.d.DocumentManagementApplication [] - No active profile set, falling back to 1 default profile: "default"
2026-02-02 16:43:58.825 [main] INFO  o.s.d.r.c.RepositoryConfigurationDelegate [] - Bootstrapping Spring Data JDBC repositories in DEFAULT mode.
2026-02-02 16:43:58.852 [main] INFO  o.s.d.r.c.RepositoryConfigurationDelegate [] - Finished Spring Data repository scanning in 21 ms. Found 0 JDBC repository interfaces.
2026-02-02 16:43:59.481 [main] INFO  o.s.b.w.e.tomcat.TomcatWebServer [] - Tomcat initialized with port 8080 (http)
2026-02-02 16:43:59.494 [main] INFO  o.a.coyote.http11.Http11NioProtocol [] - Initializing ProtocolHandler ["http-nio-8080"]
2026-02-02 16:43:59.497 [main] INFO  o.a.catalina.core.StandardService [] - Starting service [Tomcat]
2026-02-02 16:43:59.497 [main] INFO  o.a.catalina.core.StandardEngine [] - Starting Servlet engine: [Apache Tomcat/10.1.25]
2026-02-02 16:43:59.584 [main] INFO  o.a.c.c.C.[Tomcat].[localhost].[/] [] - Initializing Spring embedded WebApplicationContext
2026-02-02 16:43:59.585 [main] INFO  o.s.b.w.s.c.ServletWebServerApplicationContext [] - Root WebApplicationContext: initialization completed in 2398 ms
2026-02-02 16:43:59.702 [main] INFO  com.zaxxer.hikari.HikariDataSource [] - HikariPool-1 - Starting...
2026-02-02 16:44:00.092 [main] INFO  com.zaxxer.hikari.pool.HikariPool [] - HikariPool-1 - Added connection conn0: url=jdbc:h2:file:C:/Document_Management/h2/documentdb user=SA
2026-02-02 16:44:00.097 [main] INFO  com.zaxxer.hikari.HikariDataSource [] - HikariPool-1 - Start completed.
2026-02-02 16:44:00.113 [main] INFO  o.s.b.a.h.H2ConsoleAutoConfiguration [] - H2 console available at '/h2-console'. Database available at 'jdbc:h2:file:C:/Document_Management/h2/documentdb'
2026-02-02 16:44:00.562 [main] INFO  org.flywaydb.core.FlywayExecutor [] - Database: jdbc:h2:file:C:/Document_Management/h2/documentdb (H2 2.2)
2026-02-02 16:44:00.570 [main] WARN  o.f.c.i.database.base.Database [] - Flyway upgrade recommended: H2 2.2.224 is newer than this version of Flyway and support has not been tested. The latest supported version of H2 is 2.2.220.
2026-02-02 16:44:00.615 [main] INFO  o.f.core.internal.command.DbValidate [] - Successfully validated 1 migration (execution time 00:00.033s)
2026-02-02 16:44:00.627 [main] INFO  o.f.core.internal.command.DbMigrate [] - Current version of schema "PUBLIC": 1
2026-02-02 16:44:00.631 [main] INFO  o.f.core.internal.command.DbMigrate [] - Schema "PUBLIC" is up to date. No migration necessary.
2026-02-02 16:44:00.919 [main] WARN  o.s.b.a.s.s.UserDetailsServiceAutoConfiguration [] - 

Using generated security password: a1745c18-5197-4651-9f0f-2803429e12d8

This generated password is for development use only. Your security configuration must be updated before running your application in production.

2026-02-02 16:44:00.948 [main] INFO  o.s.s.c.a.a.c.InitializeUserDetailsBeanManagerConfigurer$InitializeUserDetailsManagerConfigurer [] - Global AuthenticationManager configured with UserDetailsService bean with name inMemoryUserDetailsManager
2026-02-02 16:44:01.426 [main] INFO  o.s.b.a.e.web.EndpointLinksResolver [] - Exposing 1 endpoint beneath base path '/actuator'
2026-02-02 16:44:02.133 [main] INFO  o.a.coyote.http11.Http11NioProtocol [] - Starting ProtocolHandler ["http-nio-8080"]
2026-02-02 16:44:02.177 [main] INFO  o.s.b.w.e.tomcat.TomcatWebServer [] - Tomcat started on port 8080 (http) with context path '/'
2026-02-02 16:44:02.194 [main] INFO  c.b.c.d.DocumentManagementApplication [] - Started DocumentManagementApplication in 5.668 seconds (process running for 7.228)
2026-02-02 16:44:02.811 [RMI TCP Connection(4)-127.0.0.1] INFO  o.a.c.c.C.[Tomcat].[localhost].[/] [] - Initializing Spring DispatcherServlet 'dispatcherServlet'
2026-02-02 16:44:02.811 [RMI TCP Connection(4)-127.0.0.1] INFO  o.s.web.servlet.DispatcherServlet [] - Initializing Servlet 'dispatcherServlet'
2026-02-02 16:44:02.813 [RMI TCP Connection(4)-127.0.0.1] INFO  o.s.web.servlet.DispatcherServlet [] - Completed initialization in 2 ms
2026-02-02 16:44:25.827 [http-nio-8080-exec-1] INFO  c.b.c.d.c.DocumentController [1f7b7ab4-dc91-445d-9205-2bf783f332cd] - Document delete API starts:  /documentsDelete | requestDeleteDocumentRequest(documentIds=[1], deleteType=HARD, reason=Not needed further) | userIdsuyogita.shivare@accenture.com
2026-02-02 16:44:25.840 [http-nio-8080-exec-1] INFO  c.b.c.d.service.DocumentServiceImpl [1f7b7ab4-dc91-445d-9205-2bf783f332cd] - Delete document(s) start: deleteDocumentRequest=DeleteDocumentRequest(documentIds=[1], deleteType=HARD, reason=Not needed further)
2026-02-02 16:44:36.121 [http-nio-8080-exec-1] DEBUG o.s.jdbc.core.JdbcTemplate [1f7b7ab4-dc91-445d-9205-2bf783f332cd] - Executing prepared SQL query
2026-02-02 16:44:36.125 [http-nio-8080-exec-1] DEBUG o.s.jdbc.core.JdbcTemplate [1f7b7ab4-dc91-445d-9205-2bf783f332cd] - Executing prepared SQL statement [SELECT
 document_id,
 user_id,
 file_name,
 file_type,
 file_size,
 checksum,
 storage_path,
 is_deleted AS file_deleted,created_at,
 updated_at FROM documents
WHERE documentid IN (?)
AND user_id = ?
]
2026-02-02 16:44:36.240 [http-nio-8080-exec-1] ERROR c.b.c.d.e.GlobalExceptionHandler [1f7b7ab4-dc91-445d-9205-2bf783f332cd] - Unhandled exception
org.springframework.jdbc.BadSqlGrammarException: PreparedStatementCallback; bad SQL grammar [SELECT
 document_id,
 user_id,
 file_name,
 file_type,
 file_size,
 checksum,
 storage_path,
 is_deleted AS file_deleted,created_at,
 updated_at FROM documents
WHERE documentid IN (?)
AND user_id = ?
]
	at org.springframework.jdbc.support.SQLExceptionSubclassTranslator.doTranslate(SQLExceptionSubclassTranslator.java:103)
	at org.springframework.jdbc.support.AbstractFallbackSQLExceptionTranslator.translate(AbstractFallbackSQLExceptionTranslator.java:107)
	at org.springframework.jdbc.core.JdbcTemplate.translateException(JdbcTemplate.java:1548)
	at org.springframework.jdbc.core.JdbcTemplate.execute(JdbcTemplate.java:677)
	at org.springframework.jdbc.core.JdbcTemplate.query(JdbcTemplate.java:723)
	at org.springframework.jdbc.core.JdbcTemplate.query(JdbcTemplate.java:748)
	at org.springframework.jdbc.core.JdbcTemplate.query(JdbcTemplate.java:804)
	at org.springframework.jdbc.core.namedparam.NamedParameterJdbcTemplate.query(NamedParameterJdbcTemplate.java:218)
	at com.banking.creditjourney.document.repository.DocumentRepository.findByIds(DocumentRepository.java:63)
	at java.base/jdk.internal.reflect.DirectMethodHandleAccessor.invoke(DirectMethodHandleAccessor.java:103)
	at java.base/java.lang.reflect.Method.invoke(Method.java:580)
	at org.springframework.aop.support.AopUtils.invokeJoinpointUsingReflection(AopUtils.java:354)
	at org.springframework.aop.framework.ReflectiveMethodInvocation.invokeJoinpoint(ReflectiveMethodInvocation.java:196)
	at org.springframework.aop.framework.ReflectiveMethodInvocation.proceed(ReflectiveMethodInvocation.java:163)
	at org.springframework.aop.framework.CglibAopProxy$CglibMethodInvocation.proceed(CglibAopProxy.java:768)
	at org.springframework.dao.support.PersistenceExceptionTranslationInterceptor.invoke(PersistenceExceptionTranslationInterceptor.java:138)
	at org.springframework.aop.framework.ReflectiveMethodInvocation.proceed(ReflectiveMethodInvocation.java:184)
	at org.springframework.aop.framework.CglibAopProxy$CglibMethodInvocation.proceed(CglibAopProxy.java:768)
	at org.springframework.aop.framework.CglibAopProxy$DynamicAdvisedInterceptor.intercept(CglibAopProxy.java:720)
	at com.banking.creditjourney.document.repository.DocumentRepository$$SpringCGLIB$$0.findByIds(<generated>)
	at com.banking.creditjourney.document.service.DocumentServiceImpl.documentDeletes(DocumentServiceImpl.java:100)
	at java.base/jdk.internal.reflect.DirectMethodHandleAccessor.invoke(DirectMethodHandleAccessor.java:103)
	at java.base/java.lang.reflect.Method.invoke(Method.java:580)
	at org.springframework.aop.support.AopUtils.invokeJoinpointUsingReflection(AopUtils.java:354)
	at org.springframework.aop.framework.ReflectiveMethodInvocation.invokeJoinpoint(ReflectiveMethodInvocation.java:196)
	at org.springframework.aop.framework.ReflectiveMethodInvocation.proceed(ReflectiveMethodInvocation.java:163)
	at org.springframework.aop.framework.CglibAopProxy$CglibMethodInvocation.proceed(CglibAopProxy.java:768)
	at org.springframework.transaction.interceptor.TransactionInterceptor$1.proceedWithInvocation(TransactionInterceptor.java:123)
	at org.springframework.transaction.interceptor.TransactionAspectSupport.invokeWithinTransaction(TransactionAspectSupport.java:392)
	at org.springframework.transaction.interceptor.TransactionInterceptor.invoke(TransactionInterceptor.java:119)
	at org.springframework.aop.framework.ReflectiveMethodInvocation.proceed(ReflectiveMethodInvocation.java:184)
	at org.springframework.aop.framework.CglibAopProxy$CglibMethodInvocation.proceed(CglibAopProxy.java:768)
	at org.springframework.aop.framework.CglibAopProxy$DynamicAdvisedInterceptor.intercept(CglibAopProxy.java:720)
	at com.banking.creditjourney.document.service.DocumentServiceImpl$$SpringCGLIB$$0.documentDeletes(<generated>)
	at com.banking.creditjourney.document.controller.DocumentController.documentDelete(DocumentController.java:97)
	at java.base/jdk.internal.reflect.DirectMethodHandleAccessor.invoke(DirectMethodHandleAccessor.java:103)
	at java.base/java.lang.reflect.Method.invoke(Method.java:580)
	at org.springframework.web.method.support.InvocableHandlerMethod.doInvoke(InvocableHandlerMethod.java:255)
	at org.springframework.web.method.support.InvocableHandlerMethod.invokeForRequest(InvocableHandlerMethod.java:188)
	at org.springframework.web.servlet.mvc.method.annotation.ServletInvocableHandlerMethod.invokeAndHandle(ServletInvocableHandlerMethod.java:118)
	at org.springframework.web.servlet.mvc.method.annotation.RequestMappingHandlerAdapter.invokeHandlerMethod(RequestMappingHandlerAdapter.java:926)
	at org.springframework.web.servlet.mvc.method.annotation.RequestMappingHandlerAdapter.handleInternal(RequestMappingHandlerAdapter.java:831)
	at org.springframework.web.servlet.mvc.method.AbstractHandlerMethodAdapter.handle(AbstractHandlerMethodAdapter.java:87)
	at org.springframework.web.servlet.DispatcherServlet.doDispatch(DispatcherServlet.java:1089)
	at org.springframework.web.servlet.DispatcherServlet.doService(DispatcherServlet.java:979)
	at org.springframework.web.servlet.FrameworkServlet.processRequest(FrameworkServlet.java:1014)
	at org.springframework.web.servlet.FrameworkServlet.doDelete(FrameworkServlet.java:936)
	at jakarta.servlet.http.HttpServlet.service(HttpServlet.java:596)
	at org.springframework.web.servlet.FrameworkServlet.service(FrameworkServlet.java:885)
	at jakarta.servlet.http.HttpServlet.service(HttpServlet.java:658)
	at org.apache.catalina.core.ApplicationFilterChain.internalDoFilter(ApplicationFilterChain.java:195)
	at org.apache.catalina.core.ApplicationFilterChain.doFilter(ApplicationFilterChain.java:140)
	at org.apache.tomcat.websocket.server.WsFilter.doFilter(WsFilter.java:51)
	at org.apache.catalina.core.ApplicationFilterChain.internalDoFilter(ApplicationFilterChain.java:164)
	at org.apache.catalina.core.ApplicationFilterChain.doFilter(ApplicationFilterChain.java:140)
	at org.springframework.web.filter.OncePerRequestFilter.doFilter(OncePerRequestFilter.java:110)
	at org.apache.catalina.core.ApplicationFilterChain.internalDoFilter(ApplicationFilterChain.java:164)
	at org.apache.catalina.core.ApplicationFilterChain.doFilter(ApplicationFilterChain.java:140)
	at com.banking.creditjourney.document.security.CorrelationIdFilter.doFilterInternal(CorrelationIdFilter.java:31)
	at org.springframework.web.filter.OncePerRequestFilter.doFilter(OncePerRequestFilter.java:116)
	at org.apache.catalina.core.ApplicationFilterChain.internalDoFilter(ApplicationFilterChain.java:164)
	at org.apache.catalina.core.ApplicationFilterChain.doFilter(ApplicationFilterChain.java:140)
	at org.springframework.web.filter.CompositeFilter$VirtualFilterChain.doFilter(CompositeFilter.java:108)
	at org.springframework.security.web.FilterChainProxy.lambda$doFilterInternal$3(FilterChainProxy.java:231)
	at org.springframework.security.web.ObservationFilterChainDecorator$FilterObservation$SimpleFilterObservation.lambda$wrap$1(ObservationFilterChainDecorator.java:479)
	at org.springframework.security.web.ObservationFilterChainDecorator$AroundFilterObservation$SimpleAroundFilterObservation.lambda$wrap$1(ObservationFilterChainDecorator.java:340)
	at org.springframework.security.web.ObservationFilterChainDecorator.lambda$wrapSecured$0(ObservationFilterChainDecorator.java:82)
	at org.springframework.security.web.ObservationFilterChainDecorator$VirtualFilterChain.doFilter(ObservationFilterChainDecorator.java:128)
	at org.springframework.security.web.access.intercept.AuthorizationFilter.doFilter(AuthorizationFilter.java:100)
	at org.springframework.security.web.ObservationFilterChainDecorator$ObservationFilter.wrapFilter(ObservationFilterChainDecorator.java:240)
	at org.springframework.security.web.ObservationFilterChainDecorator$ObservationFilter.doFilter(ObservationFilterChainDecorator.java:227)
	at org.springframework.security.web.ObservationFilterChainDecorator$VirtualFilterChain.doFilter(ObservationFilterChainDecorator.java:137)
	at org.springframework.security.web.access.ExceptionTranslationFilter.doFilter(ExceptionTranslationFilter.java:126)
	at org.springframework.security.web.access.ExceptionTranslationFilter.doFilter(ExceptionTranslationFilter.java:120)
	at org.springframework.security.web.ObservationFilterChainDecorator$ObservationFilter.wrapFilter(ObservationFilterChainDecorator.java:240)
	at org.springframework.security.web.ObservationFilterChainDecorator$ObservationFilter.doFilter(ObservationFilterChainDecorator.java:227)
	at org.springframework.security.web.ObservationFilterChainDecorator$VirtualFilterChain.doFilter(ObservationFilterChainDecorator.java:137)
	at org.springframework.security.web.authentication.AnonymousAuthenticationFilter.doFilter(AnonymousAuthenticationFilter.java:100)
	at org.springframework.security.web.ObservationFilterChainDecorator$ObservationFilter.wrapFilter(ObservationFilterChainDecorator.java:240)
	at org.springframework.security.web.ObservationFilterChainDecorator$ObservationFilter.doFilter(ObservationFilterChainDecorator.java:227)
	at org.springframework.security.web.ObservationFilterChainDecorator$VirtualFilterChain.doFilter(ObservationFilterChainDecorator.java:137)
	at org.springframework.security.web.servletapi.SecurityContextHolderAwareRequestFilter.doFilter(SecurityContextHolderAwareRequestFilter.java:179)
	at org.springframework.security.web.ObservationFilterChainDecorator$ObservationFilter.wrapFilter(ObservationFilterChainDecorator.java:240)
	at org.springframework.security.web.ObservationFilterChainDecorator$ObservationFilter.doFilter(ObservationFilterChainDecorator.java:227)
	at org.springframework.security.web.ObservationFilterChainDecorator$VirtualFilterChain.doFilter(ObservationFilterChainDecorator.java:137)
	at org.springframework.security.web.savedrequest.RequestCacheAwareFilter.doFilter(RequestCacheAwareFilter.java:63)
	at org.springframework.security.web.ObservationFilterChainDecorator$ObservationFilter.wrapFilter(ObservationFilterChainDecorator.java:240)
	at org.springframework.security.web.ObservationFilterChainDecorator$ObservationFilter.doFilter(ObservationFilterChainDecorator.java:227)
	at org.springframework.security.web.ObservationFilterChainDecorator$VirtualFilterChain.doFilter(ObservationFilterChainDecorator.java:137)
	at org.springframework.security.web.authentication.www.BasicAuthenticationFilter.doFilterInternal(BasicAuthenticationFilter.java:181)
	at org.springframework.web.filter.OncePerRequestFilter.doFilter(OncePerRequestFilter.java:116)
	at org.springframework.security.web.ObservationFilterChainDecorator$ObservationFilter.wrapFilter(ObservationFilterChainDecorator.java:240)
	at org.springframework.security.web.ObservationFilterChainDecorator$ObservationFilter.doFilter(ObservationFilterChainDecorator.java:227)
	at org.springframework.security.web.ObservationFilterChainDecorator$VirtualFilterChain.doFilter(ObservationFilterChainDecorator.java:137)
	at com.banking.creditjourney.document.security.JwtAuthenticationFilter.doFilterInternal(JwtAuthenticationFilter.java:34)
	at org.springframework.web.filter.OncePerRequestFilter.doFilter(OncePerRequestFilter.java:116)
	at org.springframework.security.web.ObservationFilterChainDecorator$ObservationFilter.wrapFilter(ObservationFilterChainDecorator.java:240)
	at org.springframework.security.web.ObservationFilterChainDecorator$ObservationFilter.doFilter(ObservationFilterChainDecorator.java:227)
	at org.springframework.security.web.ObservationFilterChainDecorator$VirtualFilterChain.doFilter(ObservationFilterChainDecorator.java:137)
	at org.springframework.security.web.authentication.logout.LogoutFilter.doFilter(LogoutFilter.java:107)
	at org.springframework.security.web.authentication.logout.LogoutFilter.doFilter(LogoutFilter.java:93)
	at org.springframework.security.web.ObservationFilterChainDecorator$ObservationFilter.wrapFilter(ObservationFilterChainDecorator.java:240)
	at org.springframework.security.web.ObservationFilterChainDecorator$ObservationFilter.doFilter(ObservationFilterChainDecorator.java:227)
	at org.springframework.security.web.ObservationFilterChainDecorator$VirtualFilterChain.doFilter(ObservationFilterChainDecorator.java:137)
	at org.springframework.web.filter.CorsFilter.doFilterInternal(CorsFilter.java:91)
	at org.springframework.web.filter.OncePerRequestFilter.doFilter(OncePerRequestFilter.java:116)
	at org.springframework.security.web.ObservationFilterChainDecorator$ObservationFilter.wrapFilter(ObservationFilterChainDecorator.java:240)
	at org.springframework.security.web.ObservationFilterChainDecorator$ObservationFilter.doFilter(ObservationFilterChainDecorator.java:227)
	at org.springframework.security.web.ObservationFilterChainDecorator$VirtualFilterChain.doFilter(ObservationFilterChainDecorator.java:137)
	at org.springframework.security.web.header.HeaderWriterFilter.doHeadersAfter(HeaderWriterFilter.java:90)
	at org.springframework.security.web.header.HeaderWriterFilter.doFilterInternal(HeaderWriterFilter.java:75)
	at org.springframework.web.filter.OncePerRequestFilter.doFilter(OncePerRequestFilter.java:116)
	at org.springframework.security.web.ObservationFilterChainDecorator$ObservationFilter.wrapFilter(ObservationFilterChainDecorator.java:240)
	at org.springframework.security.web.ObservationFilterChainDecorator$ObservationFilter.doFilter(ObservationFilterChainDecorator.java:227)
	at org.springframework.security.web.ObservationFilterChainDecorator$VirtualFilterChain.doFilter(ObservationFilterChainDecorator.java:137)
	at org.springframework.security.web.context.SecurityContextHolderFilter.doFilter(SecurityContextHolderFilter.java:82)
	at org.springframework.security.web.context.SecurityContextHolderFilter.doFilter(SecurityContextHolderFilter.java:69)
	at org.springframework.security.web.ObservationFilterChainDecorator$ObservationFilter.wrapFilter(ObservationFilterChainDecorator.java:240)
	at org.springframework.security.web.ObservationFilterChainDecorator$ObservationFilter.doFilter(ObservationFilterChainDecorator.java:227)
	at org.springframework.security.web.ObservationFilterChainDecorator$VirtualFilterChain.doFilter(ObservationFilterChainDecorator.java:137)
	at org.springframework.security.web.context.request.async.WebAsyncManagerIntegrationFilter.doFilterInternal(WebAsyncManagerIntegrationFilter.java:62)
	at org.springframework.web.filter.OncePerRequestFilter.doFilter(OncePerRequestFilter.java:116)
	at org.springframework.security.web.ObservationFilterChainDecorator$ObservationFilter.wrapFilter(ObservationFilterChainDecorator.java:240)
	at org.springframework.security.web.ObservationFilterChainDecorator$ObservationFilter.doFilter(ObservationFilterChainDecorator.java:227)
	at org.springframework.security.web.ObservationFilterChainDecorator$VirtualFilterChain.doFilter(ObservationFilterChainDecorator.java:137)
	at org.springframework.security.web.session.DisableEncodeUrlFilter.doFilterInternal(DisableEncodeUrlFilter.java:42)
	at org.springframework.web.filter.OncePerRequestFilter.doFilter(OncePerRequestFilter.java:116)
	at org.springframework.security.web.ObservationFilterChainDecorator$ObservationFilter.wrapFilter(ObservationFilterChainDecorator.java:240)
	at org.springframework.security.web.ObservationFilterChainDecorator$AroundFilterObservation$SimpleAroundFilterObservation.lambda$wrap$0(ObservationFilterChainDecorator.java:323)
	at org.springframework.security.web.ObservationFilterChainDecorator$ObservationFilter.doFilter(ObservationFilterChainDecorator.java:224)
	at org.springframework.security.web.ObservationFilterChainDecorator$VirtualFilterChain.doFilter(ObservationFilterChainDecorator.java:137)
	at org.springframework.security.web.FilterChainProxy.doFilterInternal(FilterChainProxy.java:233)
	at org.springframework.security.web.FilterChainProxy.doFilter(FilterChainProxy.java:191)
	at org.springframework.web.filter.CompositeFilter$VirtualFilterChain.doFilter(CompositeFilter.java:113)
	at org.springframework.web.servlet.handler.HandlerMappingIntrospector.lambda$createCacheFilter$3(HandlerMappingIntrospector.java:195)
	at org.springframework.web.filter.CompositeFilter$VirtualFilterChain.doFilter(CompositeFilter.java:113)
	at org.springframework.web.filter.CompositeFilter.doFilter(CompositeFilter.java:74)
	at org.springframework.security.config.annotation.web.configuration.WebMvcSecurityConfiguration$CompositeFilterChainProxy.doFilter(WebMvcSecurityConfiguration.java:230)
	at org.springframework.web.filter.DelegatingFilterProxy.invokeDelegate(DelegatingFilterProxy.java:352)
	at org.springframework.web.filter.DelegatingFilterProxy.doFilter(DelegatingFilterProxy.java:268)
	at org.apache.catalina.core.ApplicationFilterChain.internalDoFilter(ApplicationFilterChain.java:164)
	at org.apache.catalina.core.ApplicationFilterChain.doFilter(ApplicationFilterChain.java:140)
	at org.springframework.web.filter.RequestContextFilter.doFilterInternal(RequestContextFilter.java:100)
	at org.springframework.web.filter.OncePerRequestFilter.doFilter(OncePerRequestFilter.java:116)
	at org.apache.catalina.core.ApplicationFilterChain.internalDoFilter(ApplicationFilterChain.java:164)
	at org.apache.catalina.core.ApplicationFilterChain.doFilter(ApplicationFilterChain.java:140)
	at org.springframework.web.filter.FormContentFilter.doFilterInternal(FormContentFilter.java:93)
	at org.springframework.web.filter.OncePerRequestFilter.doFilter(OncePerRequestFilter.java:116)
	at org.apache.catalina.core.ApplicationFilterChain.internalDoFilter(ApplicationFilterChain.java:164)
	at org.apache.catalina.core.ApplicationFilterChain.doFilter(ApplicationFilterChain.java:140)
	at org.springframework.web.filter.ServerHttpObservationFilter.doFilterInternal(ServerHttpObservationFilter.java:107)
	at org.springframework.web.filter.OncePerRequestFilter.doFilter(OncePerRequestFilter.java:116)
	at org.apache.catalina.core.ApplicationFilterChain.internalDoFilter(ApplicationFilterChain.java:164)
	at org.apache.catalina.core.ApplicationFilterChain.doFilter(ApplicationFilterChain.java:140)
	at org.springframework.web.filter.CharacterEncodingFilter.doFilterInternal(CharacterEncodingFilter.java:201)
	at org.springframework.web.filter.OncePerRequestFilter.doFilter(OncePerRequestFilter.java:116)
	at org.apache.catalina.core.ApplicationFilterChain.internalDoFilter(ApplicationFilterChain.java:164)
	at org.apache.catalina.core.ApplicationFilterChain.doFilter(ApplicationFilterChain.java:140)
	at org.apache.catalina.core.StandardWrapperValve.invoke(StandardWrapperValve.java:167)
	at org.apache.catalina.core.StandardContextValve.invoke(StandardContextValve.java:90)
	at org.apache.catalina.authenticator.AuthenticatorBase.invoke(AuthenticatorBase.java:482)
	at org.apache.catalina.core.StandardHostValve.invoke(StandardHostValve.java:115)
	at org.apache.catalina.valves.ErrorReportValve.invoke(ErrorReportValve.java:93)
	at org.apache.catalina.core.StandardEngineValve.invoke(StandardEngineValve.java:74)
	at org.apache.catalina.connector.CoyoteAdapter.service(CoyoteAdapter.java:344)
	at org.apache.coyote.http11.Http11Processor.service(Http11Processor.java:389)
	at org.apache.coyote.AbstractProcessorLight.process(AbstractProcessorLight.java:63)
	at org.apache.coyote.AbstractProtocol$ConnectionHandler.process(AbstractProtocol.java:904)
	at org.apache.tomcat.util.net.NioEndpoint$SocketProcessor.doRun(NioEndpoint.java:1741)
	at org.apache.tomcat.util.net.SocketProcessorBase.run(SocketProcessorBase.java:52)
	at org.apache.tomcat.util.threads.ThreadPoolExecutor.runWorker(ThreadPoolExecutor.java:1190)
	at org.apache.tomcat.util.threads.ThreadPoolExecutor$Worker.run(ThreadPoolExecutor.java:659)
	at org.apache.tomcat.util.threads.TaskThread$WrappingRunnable.run(TaskThread.java:63)
	at java.base/java.lang.Thread.run(Thread.java:1583)
Caused by: org.h2.jdbc.JdbcSQLSyntaxErrorException: Column "DOCUMENT_ID" not found; SQL statement:
SELECT
 document_id,
 user_id,
 file_name,
 file_type,
 file_size,
 checksum,
 storage_path,
 is_deleted AS file_deleted,created_at,
 updated_at FROM documents
WHERE documentid IN (?)
AND user_id = ? [42122-224]
	at org.h2.message.DbException.getJdbcSQLException(DbException.java:514)
	at org.h2.message.DbException.getJdbcSQLException(DbException.java:489)
	at org.h2.message.DbException.get(DbException.java:223)
	at org.h2.message.DbException.get(DbException.java:199)
	at org.h2.expression.ExpressionColumn.getColumnException(ExpressionColumn.java:244)
	at org.h2.expression.ExpressionColumn.optimizeOther(ExpressionColumn.java:226)
	at org.h2.expression.ExpressionColumn.optimize(ExpressionColumn.java:213)
	at org.h2.command.query.Select.prepareExpressions(Select.java:1170)
	at org.h2.command.query.Query.prepare(Query.java:218)
	at org.h2.command.Parser.prepareCommand(Parser.java:489)
	at org.h2.engine.SessionLocal.prepareLocal(SessionLocal.java:639)
	at org.h2.engine.SessionLocal.prepareCommand(SessionLocal.java:559)
	at org.h2.jdbc.JdbcConnection.prepareCommand(JdbcConnection.java:1166)
	at org.h2.jdbc.JdbcPreparedStatement.<init>(JdbcPreparedStatement.java:93)
	at org.h2.jdbc.JdbcConnection.prepareStatement(JdbcConnection.java:316)
	at com.zaxxer.hikari.pool.ProxyConnection.prepareStatement(ProxyConnection.java:328)
	at com.zaxxer.hikari.pool.HikariProxyConnection.prepareStatement(HikariProxyConnection.java)
	at org.springframework.jdbc.core.PreparedStatementCreatorFactory$PreparedStatementCreatorImpl.createPreparedStatement(PreparedStatementCreatorFactory.java:239)
	at org.springframework.jdbc.core.JdbcTemplate.execute(JdbcTemplate.java:656)
	... 170 common frames omitted
2026-02-02 16:46:56.451 [background-preinit] INFO  o.h.validator.internal.util.Version [] - HV000001: Hibernate Validator 8.0.1.Final
2026-02-02 16:46:56.532 [main] INFO  c.b.c.d.DocumentManagementApplication [] - Starting DocumentManagementApplication using Java 21.0.10 with PID 26132 (C:\Workspace_IP\document-managment\bin\main started by suyogita.shivare in C:\Workspace_IP\document-managment)
2026-02-02 16:46:56.533 [main] INFO  c.b.c.d.DocumentManagementApplication [] - No active profile set, falling back to 1 default profile: "default"
2026-02-02 16:46:58.486 [main] INFO  o.s.d.r.c.RepositoryConfigurationDelegate [] - Bootstrapping Spring Data JDBC repositories in DEFAULT mode.
2026-02-02 16:46:58.520 [main] INFO  o.s.d.r.c.RepositoryConfigurationDelegate [] - Finished Spring Data repository scanning in 26 ms. Found 0 JDBC repository interfaces.
2026-02-02 16:46:59.253 [main] INFO  o.s.b.w.e.tomcat.TomcatWebServer [] - Tomcat initialized with port 8080 (http)
2026-02-02 16:46:59.269 [main] INFO  o.a.coyote.http11.Http11NioProtocol [] - Initializing ProtocolHandler ["http-nio-8080"]
2026-02-02 16:46:59.272 [main] INFO  o.a.catalina.core.StandardService [] - Starting service [Tomcat]
2026-02-02 16:46:59.273 [main] INFO  o.a.catalina.core.StandardEngine [] - Starting Servlet engine: [Apache Tomcat/10.1.25]
2026-02-02 16:46:59.369 [main] INFO  o.a.c.c.C.[Tomcat].[localhost].[/] [] - Initializing Spring embedded WebApplicationContext
2026-02-02 16:46:59.370 [main] INFO  o.s.b.w.s.c.ServletWebServerApplicationContext [] - Root WebApplicationContext: initialization completed in 2747 ms
2026-02-02 16:46:59.500 [main] INFO  com.zaxxer.hikari.HikariDataSource [] - HikariPool-1 - Starting...
2026-02-02 16:46:59.906 [main] INFO  com.zaxxer.hikari.pool.HikariPool [] - HikariPool-1 - Added connection conn0: url=jdbc:h2:file:C:/Document_Management/h2/documentdb user=SA
2026-02-02 16:46:59.911 [main] INFO  com.zaxxer.hikari.HikariDataSource [] - HikariPool-1 - Start completed.
2026-02-02 16:46:59.929 [main] INFO  o.s.b.a.h.H2ConsoleAutoConfiguration [] - H2 console available at '/h2-console'. Database available at 'jdbc:h2:file:C:/Document_Management/h2/documentdb'
2026-02-02 16:47:00.407 [main] INFO  org.flywaydb.core.FlywayExecutor [] - Database: jdbc:h2:file:C:/Document_Management/h2/documentdb (H2 2.2)
2026-02-02 16:47:00.416 [main] WARN  o.f.c.i.database.base.Database [] - Flyway upgrade recommended: H2 2.2.224 is newer than this version of Flyway and support has not been tested. The latest supported version of H2 is 2.2.220.
2026-02-02 16:47:00.461 [main] INFO  o.f.core.internal.command.DbValidate [] - Successfully validated 1 migration (execution time 00:00.031s)
2026-02-02 16:47:00.476 [main] INFO  o.f.core.internal.command.DbMigrate [] - Current version of schema "PUBLIC": 1
2026-02-02 16:47:00.480 [main] INFO  o.f.core.internal.command.DbMigrate [] - Schema "PUBLIC" is up to date. No migration necessary.
2026-02-02 16:47:00.774 [main] WARN  o.s.b.a.s.s.UserDetailsServiceAutoConfiguration [] - 

Using generated security password: 60478c86-9765-43d8-9d3c-c695d89efab9

This generated password is for development use only. Your security configuration must be updated before running your application in production.

2026-02-02 16:47:00.807 [main] INFO  o.s.s.c.a.a.c.InitializeUserDetailsBeanManagerConfigurer$InitializeUserDetailsManagerConfigurer [] - Global AuthenticationManager configured with UserDetailsService bean with name inMemoryUserDetailsManager
2026-02-02 16:47:01.289 [main] INFO  o.s.b.a.e.web.EndpointLinksResolver [] - Exposing 1 endpoint beneath base path '/actuator'
2026-02-02 16:47:02.065 [main] INFO  o.a.coyote.http11.Http11NioProtocol [] - Starting ProtocolHandler ["http-nio-8080"]
2026-02-02 16:47:02.104 [main] INFO  o.s.b.w.e.tomcat.TomcatWebServer [] - Tomcat started on port 8080 (http) with context path '/'
2026-02-02 16:47:02.125 [main] INFO  c.b.c.d.DocumentManagementApplication [] - Started DocumentManagementApplication in 6.249 seconds (process running for 7.672)
2026-02-02 16:47:02.839 [RMI TCP Connection(4)-127.0.0.1] INFO  o.a.c.c.C.[Tomcat].[localhost].[/] [] - Initializing Spring DispatcherServlet 'dispatcherServlet'
2026-02-02 16:47:02.840 [RMI TCP Connection(4)-127.0.0.1] INFO  o.s.web.servlet.DispatcherServlet [] - Initializing Servlet 'dispatcherServlet'
2026-02-02 16:47:02.841 [RMI TCP Connection(4)-127.0.0.1] INFO  o.s.web.servlet.DispatcherServlet [] - Completed initialization in 1 ms
2026-02-02 16:47:10.848 [http-nio-8080-exec-2] INFO  c.b.c.d.c.DocumentController [6fb77cba-3c1c-4bb5-85c5-580ec0d746c6] - Document delete API starts:  /documentsDelete | requestDeleteDocumentRequest(documentIds=[1], deleteType=HARD, reason=Not needed further) | userIdsuyogita.shivare@accenture.com
2026-02-02 16:47:10.870 [http-nio-8080-exec-2] INFO  c.b.c.d.service.DocumentServiceImpl [6fb77cba-3c1c-4bb5-85c5-580ec0d746c6] - Delete document(s) start: deleteDocumentRequest=DeleteDocumentRequest(documentIds=[1], deleteType=HARD, reason=Not needed further)
2026-02-02 16:47:21.043 [http-nio-8080-exec-2] DEBUG o.s.jdbc.core.JdbcTemplate [6fb77cba-3c1c-4bb5-85c5-580ec0d746c6] - Executing prepared SQL query
2026-02-02 16:47:21.047 [http-nio-8080-exec-2] DEBUG o.s.jdbc.core.JdbcTemplate [6fb77cba-3c1c-4bb5-85c5-580ec0d746c6] - Executing prepared SQL statement [SELECT
 documentid,
 user_id,
 file_name,
 file_type,
 file_size,
 checksum,
 storage_path,
 is_deleted AS file_deleted,created_at,
 updated_at FROM documents
WHERE documentid IN (?)
AND user_id = ?
]
2026-02-02 16:47:21.088 [http-nio-8080-exec-2] DEBUG o.s.jdbc.core.BeanPropertyRowMapper [6fb77cba-3c1c-4bb5-85c5-580ec0d746c6] - Mapping column 'DOCUMENTID' to property 'documentId' of type 'java.lang.Long'
2026-02-02 16:47:21.092 [http-nio-8080-exec-2] DEBUG o.s.jdbc.core.BeanPropertyRowMapper [6fb77cba-3c1c-4bb5-85c5-580ec0d746c6] - Mapping column 'USER_ID' to property 'userId' of type 'java.lang.String'
2026-02-02 16:47:21.101 [http-nio-8080-exec-2] DEBUG o.s.jdbc.core.BeanPropertyRowMapper [6fb77cba-3c1c-4bb5-85c5-580ec0d746c6] - Mapping column 'FILE_NAME' to property 'fileName' of type 'java.lang.String'
2026-02-02 16:47:21.103 [http-nio-8080-exec-2] DEBUG o.s.jdbc.core.BeanPropertyRowMapper [6fb77cba-3c1c-4bb5-85c5-580ec0d746c6] - Mapping column 'FILE_TYPE' to property 'fileType' of type 'java.lang.String'
2026-02-02 16:47:21.108 [http-nio-8080-exec-2] DEBUG o.s.jdbc.core.BeanPropertyRowMapper [6fb77cba-3c1c-4bb5-85c5-580ec0d746c6] - Mapping column 'FILE_SIZE' to property 'fileSize' of type 'java.lang.Long'
2026-02-02 16:47:21.117 [http-nio-8080-exec-2] DEBUG o.s.jdbc.core.BeanPropertyRowMapper [6fb77cba-3c1c-4bb5-85c5-580ec0d746c6] - Mapping column 'CHECKSUM' to property 'checksum' of type 'java.lang.String'
2026-02-02 16:47:21.121 [http-nio-8080-exec-2] DEBUG o.s.jdbc.core.BeanPropertyRowMapper [6fb77cba-3c1c-4bb5-85c5-580ec0d746c6] - Mapping column 'STORAGE_PATH' to property 'storagePath' of type 'java.lang.String'
2026-02-02 16:47:21.125 [http-nio-8080-exec-2] DEBUG o.s.jdbc.core.BeanPropertyRowMapper [6fb77cba-3c1c-4bb5-85c5-580ec0d746c6] - Mapping column 'FILE_DELETED' to property 'fileDeleted' of type 'boolean'
2026-02-02 16:47:21.135 [http-nio-8080-exec-2] DEBUG o.s.jdbc.core.BeanPropertyRowMapper [6fb77cba-3c1c-4bb5-85c5-580ec0d746c6] - Mapping column 'CREATED_AT' to property 'createdAt' of type 'java.time.LocalDateTime'
2026-02-02 16:47:21.138 [http-nio-8080-exec-2] DEBUG o.s.jdbc.core.BeanPropertyRowMapper [6fb77cba-3c1c-4bb5-85c5-580ec0d746c6] - Mapping column 'UPDATED_AT' to property 'updatedAt' of type 'java.time.LocalDateTime'
2026-02-02 16:48:10.511 [http-nio-8080-exec-2] ERROR c.b.c.d.e.GlobalExceptionHandler [6fb77cba-3c1c-4bb5-85c5-580ec0d746c6] - Business exception
java.lang.IllegalArgumentException: All requested documents are already deletedD
	at com.banking.creditjourney.document.service.DocumentServiceImpl.documentDeletes(DocumentServiceImpl.java:118)
	at java.base/jdk.internal.reflect.DirectMethodHandleAccessor.invoke(DirectMethodHandleAccessor.java:103)
	at java.base/java.lang.reflect.Method.invoke(Method.java:580)
	at org.springframework.aop.support.AopUtils.invokeJoinpointUsingReflection(AopUtils.java:354)
	at org.springframework.aop.framework.ReflectiveMethodInvocation.invokeJoinpoint(ReflectiveMethodInvocation.java:196)
	at org.springframework.aop.framework.ReflectiveMethodInvocation.proceed(ReflectiveMethodInvocation.java:163)
	at org.springframework.aop.framework.CglibAopProxy$CglibMethodInvocation.proceed(CglibAopProxy.java:768)
	at org.springframework.transaction.interceptor.TransactionInterceptor$1.proceedWithInvocation(TransactionInterceptor.java:123)
	at org.springframework.transaction.interceptor.TransactionAspectSupport.invokeWithinTransaction(TransactionAspectSupport.java:392)
	at org.springframework.transaction.interceptor.TransactionInterceptor.invoke(TransactionInterceptor.java:119)
	at org.springframework.aop.framework.ReflectiveMethodInvocation.proceed(ReflectiveMethodInvocation.java:184)
	at org.springframework.aop.framework.CglibAopProxy$CglibMethodInvocation.proceed(CglibAopProxy.java:768)
	at org.springframework.aop.framework.CglibAopProxy$DynamicAdvisedInterceptor.intercept(CglibAopProxy.java:720)
	at com.banking.creditjourney.document.service.DocumentServiceImpl$$SpringCGLIB$$0.documentDeletes(<generated>)
	at com.banking.creditjourney.document.controller.DocumentController.documentDelete(DocumentController.java:97)
	at java.base/jdk.internal.reflect.DirectMethodHandleAccessor.invoke(DirectMethodHandleAccessor.java:103)
	at java.base/java.lang.reflect.Method.invoke(Method.java:580)
	at org.springframework.web.method.support.InvocableHandlerMethod.doInvoke(InvocableHandlerMethod.java:255)
	at org.springframework.web.method.support.InvocableHandlerMethod.invokeForRequest(InvocableHandlerMethod.java:188)
	at org.springframework.web.servlet.mvc.method.annotation.ServletInvocableHandlerMethod.invokeAndHandle(ServletInvocableHandlerMethod.java:118)
	at org.springframework.web.servlet.mvc.method.annotation.RequestMappingHandlerAdapter.invokeHandlerMethod(RequestMappingHandlerAdapter.java:926)
	at org.springframework.web.servlet.mvc.method.annotation.RequestMappingHandlerAdapter.handleInternal(RequestMappingHandlerAdapter.java:831)
	at org.springframework.web.servlet.mvc.method.AbstractHandlerMethodAdapter.handle(AbstractHandlerMethodAdapter.java:87)
	at org.springframework.web.servlet.DispatcherServlet.doDispatch(DispatcherServlet.java:1089)
	at org.springframework.web.servlet.DispatcherServlet.doService(DispatcherServlet.java:979)
	at org.springframework.web.servlet.FrameworkServlet.processRequest(FrameworkServlet.java:1014)
	at org.springframework.web.servlet.FrameworkServlet.doDelete(FrameworkServlet.java:936)
	at jakarta.servlet.http.HttpServlet.service(HttpServlet.java:596)
	at org.springframework.web.servlet.FrameworkServlet.service(FrameworkServlet.java:885)
	at jakarta.servlet.http.HttpServlet.service(HttpServlet.java:658)
	at org.apache.catalina.core.ApplicationFilterChain.internalDoFilter(ApplicationFilterChain.java:195)
	at org.apache.catalina.core.ApplicationFilterChain.doFilter(ApplicationFilterChain.java:140)
	at org.apache.tomcat.websocket.server.WsFilter.doFilter(WsFilter.java:51)
	at org.apache.catalina.core.ApplicationFilterChain.internalDoFilter(ApplicationFilterChain.java:164)
	at org.apache.catalina.core.ApplicationFilterChain.doFilter(ApplicationFilterChain.java:140)
	at org.springframework.web.filter.OncePerRequestFilter.doFilter(OncePerRequestFilter.java:110)
	at org.apache.catalina.core.ApplicationFilterChain.internalDoFilter(ApplicationFilterChain.java:164)
	at org.apache.catalina.core.ApplicationFilterChain.doFilter(ApplicationFilterChain.java:140)
	at com.banking.creditjourney.document.security.CorrelationIdFilter.doFilterInternal(CorrelationIdFilter.java:31)
	at org.springframework.web.filter.OncePerRequestFilter.doFilter(OncePerRequestFilter.java:116)
	at org.apache.catalina.core.ApplicationFilterChain.internalDoFilter(ApplicationFilterChain.java:164)
	at org.apache.catalina.core.ApplicationFilterChain.doFilter(ApplicationFilterChain.java:140)
	at org.springframework.web.filter.CompositeFilter$VirtualFilterChain.doFilter(CompositeFilter.java:108)
	at org.springframework.security.web.FilterChainProxy.lambda$doFilterInternal$3(FilterChainProxy.java:231)
	at org.springframework.security.web.ObservationFilterChainDecorator$FilterObservation$SimpleFilterObservation.lambda$wrap$1(ObservationFilterChainDecorator.java:479)
	at org.springframework.security.web.ObservationFilterChainDecorator$AroundFilterObservation$SimpleAroundFilterObservation.lambda$wrap$1(ObservationFilterChainDecorator.java:340)
	at org.springframework.security.web.ObservationFilterChainDecorator.lambda$wrapSecured$0(ObservationFilterChainDecorator.java:82)
	at org.springframework.security.web.ObservationFilterChainDecorator$VirtualFilterChain.doFilter(ObservationFilterChainDecorator.java:128)
	at org.springframework.security.web.access.intercept.AuthorizationFilter.doFilter(AuthorizationFilter.java:100)
	at org.springframework.security.web.ObservationFilterChainDecorator$ObservationFilter.wrapFilter(ObservationFilterChainDecorator.java:240)
	at org.springframework.security.web.ObservationFilterChainDecorator$ObservationFilter.doFilter(ObservationFilterChainDecorator.java:227)
	at org.springframework.security.web.ObservationFilterChainDecorator$VirtualFilterChain.doFilter(ObservationFilterChainDecorator.java:137)
	at org.springframework.security.web.access.ExceptionTranslationFilter.doFilter(ExceptionTranslationFilter.java:126)
	at org.springframework.security.web.access.ExceptionTranslationFilter.doFilter(ExceptionTranslationFilter.java:120)
	at org.springframework.security.web.ObservationFilterChainDecorator$ObservationFilter.wrapFilter(ObservationFilterChainDecorator.java:240)
	at org.springframework.security.web.ObservationFilterChainDecorator$ObservationFilter.doFilter(ObservationFilterChainDecorator.java:227)
	at org.springframework.security.web.ObservationFilterChainDecorator$VirtualFilterChain.doFilter(ObservationFilterChainDecorator.java:137)
	at org.springframework.security.web.authentication.AnonymousAuthenticationFilter.doFilter(AnonymousAuthenticationFilter.java:100)
	at org.springframework.security.web.ObservationFilterChainDecorator$ObservationFilter.wrapFilter(ObservationFilterChainDecorator.java:240)
	at org.springframework.security.web.ObservationFilterChainDecorator$ObservationFilter.doFilter(ObservationFilterChainDecorator.java:227)
	at org.springframework.security.web.ObservationFilterChainDecorator$VirtualFilterChain.doFilter(ObservationFilterChainDecorator.java:137)
	at org.springframework.security.web.servletapi.SecurityContextHolderAwareRequestFilter.doFilter(SecurityContextHolderAwareRequestFilter.java:179)
	at org.springframework.security.web.ObservationFilterChainDecorator$ObservationFilter.wrapFilter(ObservationFilterChainDecorator.java:240)
	at org.springframework.security.web.ObservationFilterChainDecorator$ObservationFilter.doFilter(ObservationFilterChainDecorator.java:227)
	at org.springframework.security.web.ObservationFilterChainDecorator$VirtualFilterChain.doFilter(ObservationFilterChainDecorator.java:137)
	at org.springframework.security.web.savedrequest.RequestCacheAwareFilter.doFilter(RequestCacheAwareFilter.java:63)
	at org.springframework.security.web.ObservationFilterChainDecorator$ObservationFilter.wrapFilter(ObservationFilterChainDecorator.java:240)
	at org.springframework.security.web.ObservationFilterChainDecorator$ObservationFilter.doFilter(ObservationFilterChainDecorator.java:227)
	at org.springframework.security.web.ObservationFilterChainDecorator$VirtualFilterChain.doFilter(ObservationFilterChainDecorator.java:137)
	at org.springframework.security.web.authentication.www.BasicAuthenticationFilter.doFilterInternal(BasicAuthenticationFilter.java:181)
	at org.springframework.web.filter.OncePerRequestFilter.doFilter(OncePerRequestFilter.java:116)
	at org.springframework.security.web.ObservationFilterChainDecorator$ObservationFilter.wrapFilter(ObservationFilterChainDecorator.java:240)
	at org.springframework.security.web.ObservationFilterChainDecorator$ObservationFilter.doFilter(ObservationFilterChainDecorator.java:227)
	at org.springframework.security.web.ObservationFilterChainDecorator$VirtualFilterChain.doFilter(ObservationFilterChainDecorator.java:137)
	at com.banking.creditjourney.document.security.JwtAuthenticationFilter.doFilterInternal(JwtAuthenticationFilter.java:34)
	at org.springframework.web.filter.OncePerRequestFilter.doFilter(OncePerRequestFilter.java:116)
	at org.springframework.security.web.ObservationFilterChainDecorator$ObservationFilter.wrapFilter(ObservationFilterChainDecorator.java:240)
	at org.springframework.security.web.ObservationFilterChainDecorator$ObservationFilter.doFilter(ObservationFilterChainDecorator.java:227)
	at org.springframework.security.web.ObservationFilterChainDecorator$VirtualFilterChain.doFilter(ObservationFilterChainDecorator.java:137)
	at org.springframework.security.web.authentication.logout.LogoutFilter.doFilter(LogoutFilter.java:107)
	at org.springframework.security.web.authentication.logout.LogoutFilter.doFilter(LogoutFilter.java:93)
	at org.springframework.security.web.ObservationFilterChainDecorator$ObservationFilter.wrapFilter(ObservationFilterChainDecorator.java:240)
	at org.springframework.security.web.ObservationFilterChainDecorator$ObservationFilter.doFilter(ObservationFilterChainDecorator.java:227)
	at org.springframework.security.web.ObservationFilterChainDecorator$VirtualFilterChain.doFilter(ObservationFilterChainDecorator.java:137)
	at org.springframework.web.filter.CorsFilter.doFilterInternal(CorsFilter.java:91)
	at org.springframework.web.filter.OncePerRequestFilter.doFilter(OncePerRequestFilter.java:116)
	at org.springframework.security.web.ObservationFilterChainDecorator$ObservationFilter.wrapFilter(ObservationFilterChainDecorator.java:240)
	at org.springframework.security.web.ObservationFilterChainDecorator$ObservationFilter.doFilter(ObservationFilterChainDecorator.java:227)
	at org.springframework.security.web.ObservationFilterChainDecorator$VirtualFilterChain.doFilter(ObservationFilterChainDecorator.java:137)
	at org.springframework.security.web.header.HeaderWriterFilter.doHeadersAfter(HeaderWriterFilter.java:90)
	at org.springframework.security.web.header.HeaderWriterFilter.doFilterInternal(HeaderWriterFilter.java:75)
	at org.springframework.web.filter.OncePerRequestFilter.doFilter(OncePerRequestFilter.java:116)
	at org.springframework.security.web.ObservationFilterChainDecorator$ObservationFilter.wrapFilter(ObservationFilterChainDecorator.java:240)
	at org.springframework.security.web.ObservationFilterChainDecorator$ObservationFilter.doFilter(ObservationFilterChainDecorator.java:227)
	at org.springframework.security.web.ObservationFilterChainDecorator$VirtualFilterChain.doFilter(ObservationFilterChainDecorator.java:137)
	at org.springframework.security.web.context.SecurityContextHolderFilter.doFilter(SecurityContextHolderFilter.java:82)
	at org.springframework.security.web.context.SecurityContextHolderFilter.doFilter(SecurityContextHolderFilter.java:69)
	at org.springframework.security.web.ObservationFilterChainDecorator$ObservationFilter.wrapFilter(ObservationFilterChainDecorator.java:240)
	at org.springframework.security.web.ObservationFilterChainDecorator$ObservationFilter.doFilter(ObservationFilterChainDecorator.java:227)
	at org.springframework.security.web.ObservationFilterChainDecorator$VirtualFilterChain.doFilter(ObservationFilterChainDecorator.java:137)
	at org.springframework.security.web.context.request.async.WebAsyncManagerIntegrationFilter.doFilterInternal(WebAsyncManagerIntegrationFilter.java:62)
	at org.springframework.web.filter.OncePerRequestFilter.doFilter(OncePerRequestFilter.java:116)
	at org.springframework.security.web.ObservationFilterChainDecorator$ObservationFilter.wrapFilter(ObservationFilterChainDecorator.java:240)
	at org.springframework.security.web.ObservationFilterChainDecorator$ObservationFilter.doFilter(ObservationFilterChainDecorator.java:227)
	at org.springframework.security.web.ObservationFilterChainDecorator$VirtualFilterChain.doFilter(ObservationFilterChainDecorator.java:137)
	at org.springframework.security.web.session.DisableEncodeUrlFilter.doFilterInternal(DisableEncodeUrlFilter.java:42)
	at org.springframework.web.filter.OncePerRequestFilter.doFilter(OncePerRequestFilter.java:116)
	at org.springframework.security.web.ObservationFilterChainDecorator$ObservationFilter.wrapFilter(ObservationFilterChainDecorator.java:240)
	at org.springframework.security.web.ObservationFilterChainDecorator$AroundFilterObservation$SimpleAroundFilterObservation.lambda$wrap$0(ObservationFilterChainDecorator.java:323)
	at org.springframework.security.web.ObservationFilterChainDecorator$ObservationFilter.doFilter(ObservationFilterChainDecorator.java:224)
	at org.springframework.security.web.ObservationFilterChainDecorator$VirtualFilterChain.doFilter(ObservationFilterChainDecorator.java:137)
	at org.springframework.security.web.FilterChainProxy.doFilterInternal(FilterChainProxy.java:233)
	at org.springframework.security.web.FilterChainProxy.doFilter(FilterChainProxy.java:191)
	at org.springframework.web.filter.CompositeFilter$VirtualFilterChain.doFilter(CompositeFilter.java:113)
	at org.springframework.web.servlet.handler.HandlerMappingIntrospector.lambda$createCacheFilter$3(HandlerMappingIntrospector.java:195)
	at org.springframework.web.filter.CompositeFilter$VirtualFilterChain.doFilter(CompositeFilter.java:113)
	at org.springframework.web.filter.CompositeFilter.doFilter(CompositeFilter.java:74)
	at org.springframework.security.config.annotation.web.configuration.WebMvcSecurityConfiguration$CompositeFilterChainProxy.doFilter(WebMvcSecurityConfiguration.java:230)
	at org.springframework.web.filter.DelegatingFilterProxy.invokeDelegate(DelegatingFilterProxy.java:352)
	at org.springframework.web.filter.DelegatingFilterProxy.doFilter(DelegatingFilterProxy.java:268)
	at org.apache.catalina.core.ApplicationFilterChain.internalDoFilter(ApplicationFilterChain.java:164)
	at org.apache.catalina.core.ApplicationFilterChain.doFilter(ApplicationFilterChain.java:140)
	at org.springframework.web.filter.RequestContextFilter.doFilterInternal(RequestContextFilter.java:100)
	at org.springframework.web.filter.OncePerRequestFilter.doFilter(OncePerRequestFilter.java:116)
	at org.apache.catalina.core.ApplicationFilterChain.internalDoFilter(ApplicationFilterChain.java:164)
	at org.apache.catalina.core.ApplicationFilterChain.doFilter(ApplicationFilterChain.java:140)
	at org.springframework.web.filter.FormContentFilter.doFilterInternal(FormContentFilter.java:93)
	at org.springframework.web.filter.OncePerRequestFilter.doFilter(OncePerRequestFilter.java:116)
	at org.apache.catalina.core.ApplicationFilterChain.internalDoFilter(ApplicationFilterChain.java:164)
	at org.apache.catalina.core.ApplicationFilterChain.doFilter(ApplicationFilterChain.java:140)
	at org.springframework.web.filter.ServerHttpObservationFilter.doFilterInternal(ServerHttpObservationFilter.java:107)
	at org.springframework.web.filter.OncePerRequestFilter.doFilter(OncePerRequestFilter.java:116)
	at org.apache.catalina.core.ApplicationFilterChain.internalDoFilter(ApplicationFilterChain.java:164)
	at org.apache.catalina.core.ApplicationFilterChain.doFilter(ApplicationFilterChain.java:140)
	at org.springframework.web.filter.CharacterEncodingFilter.doFilterInternal(CharacterEncodingFilter.java:201)
	at org.springframework.web.filter.OncePerRequestFilter.doFilter(OncePerRequestFilter.java:116)
	at org.apache.catalina.core.ApplicationFilterChain.internalDoFilter(ApplicationFilterChain.java:164)
	at org.apache.catalina.core.ApplicationFilterChain.doFilter(ApplicationFilterChain.java:140)
	at org.apache.catalina.core.StandardWrapperValve.invoke(StandardWrapperValve.java:167)
	at org.apache.catalina.core.StandardContextValve.invoke(StandardContextValve.java:90)
	at org.apache.catalina.authenticator.AuthenticatorBase.invoke(AuthenticatorBase.java:482)
	at org.apache.catalina.core.StandardHostValve.invoke(StandardHostValve.java:115)
	at org.apache.catalina.valves.ErrorReportValve.invoke(ErrorReportValve.java:93)
	at org.apache.catalina.core.StandardEngineValve.invoke(StandardEngineValve.java:74)
	at org.apache.catalina.connector.CoyoteAdapter.service(CoyoteAdapter.java:344)
	at org.apache.coyote.http11.Http11Processor.service(Http11Processor.java:389)
	at org.apache.coyote.AbstractProcessorLight.process(AbstractProcessorLight.java:63)
	at org.apache.coyote.AbstractProtocol$ConnectionHandler.process(AbstractProtocol.java:904)
	at org.apache.tomcat.util.net.NioEndpoint$SocketProcessor.doRun(NioEndpoint.java:1741)
	at org.apache.tomcat.util.net.SocketProcessorBase.run(SocketProcessorBase.java:52)
	at org.apache.tomcat.util.threads.ThreadPoolExecutor.runWorker(ThreadPoolExecutor.java:1190)
	at org.apache.tomcat.util.threads.ThreadPoolExecutor$Worker.run(ThreadPoolExecutor.java:659)
	at org.apache.tomcat.util.threads.TaskThread$WrappingRunnable.run(TaskThread.java:63)
	at java.base/java.lang.Thread.run(Thread.java:1583)
2026-02-02 16:49:28.153 [http-nio-8080-exec-4] INFO  c.b.c.d.c.DocumentController [77a89cc1-370d-4ac0-bd3c-c5b8558963cf] - Document delete API starts:  /documentsDelete | requestDeleteDocumentRequest(documentIds=[1], deleteType=HARD, reason=Not needed further) | userIdsuyogita.shivare@accenture.com
2026-02-02 16:49:28.154 [http-nio-8080-exec-4] INFO  c.b.c.d.service.DocumentServiceImpl [77a89cc1-370d-4ac0-bd3c-c5b8558963cf] - Delete document(s) start: deleteDocumentRequest=DeleteDocumentRequest(documentIds=[1], deleteType=HARD, reason=Not needed further)
2026-02-02 16:49:59.972 [http-nio-8080-exec-4] DEBUG o.s.jdbc.core.JdbcTemplate [77a89cc1-370d-4ac0-bd3c-c5b8558963cf] - Executing prepared SQL query
2026-02-02 16:49:59.972 [http-nio-8080-exec-4] DEBUG o.s.jdbc.core.JdbcTemplate [77a89cc1-370d-4ac0-bd3c-c5b8558963cf] - Executing prepared SQL statement [SELECT
 documentid,
 user_id,
 file_name,
 file_type,
 file_size,
 checksum,
 storage_path,
 is_deleted AS file_deleted,created_at,
 updated_at FROM documents
WHERE documentid IN (?)
AND user_id = ?
]
2026-02-02 16:49:59.973 [http-nio-8080-exec-4] DEBUG o.s.jdbc.core.BeanPropertyRowMapper [77a89cc1-370d-4ac0-bd3c-c5b8558963cf] - Mapping column 'DOCUMENTID' to property 'documentId' of type 'java.lang.Long'
2026-02-02 16:49:59.974 [http-nio-8080-exec-4] DEBUG o.s.jdbc.core.BeanPropertyRowMapper [77a89cc1-370d-4ac0-bd3c-c5b8558963cf] - Mapping column 'USER_ID' to property 'userId' of type 'java.lang.String'
2026-02-02 16:49:59.974 [http-nio-8080-exec-4] DEBUG o.s.jdbc.core.BeanPropertyRowMapper [77a89cc1-370d-4ac0-bd3c-c5b8558963cf] - Mapping column 'FILE_NAME' to property 'fileName' of type 'java.lang.String'
2026-02-02 16:49:59.974 [http-nio-8080-exec-4] DEBUG o.s.jdbc.core.BeanPropertyRowMapper [77a89cc1-370d-4ac0-bd3c-c5b8558963cf] - Mapping column 'FILE_TYPE' to property 'fileType' of type 'java.lang.String'
2026-02-02 16:49:59.974 [http-nio-8080-exec-4] DEBUG o.s.jdbc.core.BeanPropertyRowMapper [77a89cc1-370d-4ac0-bd3c-c5b8558963cf] - Mapping column 'FILE_SIZE' to property 'fileSize' of type 'java.lang.Long'
2026-02-02 16:49:59.974 [http-nio-8080-exec-4] DEBUG o.s.jdbc.core.BeanPropertyRowMapper [77a89cc1-370d-4ac0-bd3c-c5b8558963cf] - Mapping column 'CHECKSUM' to property 'checksum' of type 'java.lang.String'
2026-02-02 16:49:59.974 [http-nio-8080-exec-4] DEBUG o.s.jdbc.core.BeanPropertyRowMapper [77a89cc1-370d-4ac0-bd3c-c5b8558963cf] - Mapping column 'STORAGE_PATH' to property 'storagePath' of type 'java.lang.String'
2026-02-02 16:49:59.974 [http-nio-8080-exec-4] DEBUG o.s.jdbc.core.BeanPropertyRowMapper [77a89cc1-370d-4ac0-bd3c-c5b8558963cf] - Mapping column 'FILE_DELETED' to property 'fileDeleted' of type 'boolean'
2026-02-02 16:49:59.975 [http-nio-8080-exec-4] DEBUG o.s.jdbc.core.BeanPropertyRowMapper [77a89cc1-370d-4ac0-bd3c-c5b8558963cf] - Mapping column 'CREATED_AT' to property 'createdAt' of type 'java.time.LocalDateTime'
2026-02-02 16:49:59.975 [http-nio-8080-exec-4] DEBUG o.s.jdbc.core.BeanPropertyRowMapper [77a89cc1-370d-4ac0-bd3c-c5b8558963cf] - Mapping column 'UPDATED_AT' to property 'updatedAt' of type 'java.time.LocalDateTime'
2026-02-02 17:36:22.536 [background-preinit] INFO  o.h.validator.internal.util.Version [] - HV000001: Hibernate Validator 8.0.1.Final
2026-02-02 17:36:22.570 [main] INFO  c.b.c.d.DocumentManagementApplication [] - Starting DocumentManagementApplication using Java 21.0.10 with PID 7284 (C:\Workspace_IP\document-managment\bin\main started by suyogita.shivare in C:\Workspace_IP\document-managment)
2026-02-02 17:36:22.571 [main] INFO  c.b.c.d.DocumentManagementApplication [] - No active profile set, falling back to 1 default profile: "default"
2026-02-02 17:36:23.776 [main] INFO  o.s.d.r.c.RepositoryConfigurationDelegate [] - Bootstrapping Spring Data JDBC repositories in DEFAULT mode.
2026-02-02 17:36:23.802 [main] INFO  o.s.d.r.c.RepositoryConfigurationDelegate [] - Finished Spring Data repository scanning in 20 ms. Found 0 JDBC repository interfaces.
2026-02-02 17:36:24.385 [main] INFO  o.s.b.w.e.tomcat.TomcatWebServer [] - Tomcat initialized with port 8080 (http)
2026-02-02 17:36:24.405 [main] INFO  o.a.coyote.http11.Http11NioProtocol [] - Initializing ProtocolHandler ["http-nio-8080"]
2026-02-02 17:36:24.407 [main] INFO  o.a.catalina.core.StandardService [] - Starting service [Tomcat]
2026-02-02 17:36:24.407 [main] INFO  o.a.catalina.core.StandardEngine [] - Starting Servlet engine: [Apache Tomcat/10.1.25]
2026-02-02 17:36:24.501 [main] INFO  o.a.c.c.C.[Tomcat].[localhost].[/] [] - Initializing Spring embedded WebApplicationContext
2026-02-02 17:36:24.501 [main] INFO  o.s.b.w.s.c.ServletWebServerApplicationContext [] - Root WebApplicationContext: initialization completed in 1887 ms
2026-02-02 17:36:24.601 [main] INFO  com.zaxxer.hikari.HikariDataSource [] - HikariPool-1 - Starting...
2026-02-02 17:36:24.985 [main] INFO  com.zaxxer.hikari.pool.HikariPool [] - HikariPool-1 - Added connection conn0: url=jdbc:h2:file:C:/Document_Management/h2/documentdb user=SA
2026-02-02 17:36:24.986 [main] INFO  com.zaxxer.hikari.HikariDataSource [] - HikariPool-1 - Start completed.
2026-02-02 17:36:25.001 [main] INFO  o.s.b.a.h.H2ConsoleAutoConfiguration [] - H2 console available at '/h2-console'. Database available at 'jdbc:h2:file:C:/Document_Management/h2/documentdb'
2026-02-02 17:36:25.581 [main] INFO  org.flywaydb.core.FlywayExecutor [] - Database: jdbc:h2:file:C:/Document_Management/h2/documentdb (H2 2.2)
2026-02-02 17:36:25.595 [main] WARN  o.f.c.i.database.base.Database [] - Flyway upgrade recommended: H2 2.2.224 is newer than this version of Flyway and support has not been tested. The latest supported version of H2 is 2.2.220.
2026-02-02 17:36:25.654 [main] INFO  o.f.core.internal.command.DbValidate [] - Successfully validated 1 migration (execution time 00:00.041s)
2026-02-02 17:36:25.667 [main] INFO  o.f.core.internal.command.DbMigrate [] - Current version of schema "PUBLIC": 1
2026-02-02 17:36:25.672 [main] INFO  o.f.core.internal.command.DbMigrate [] - Schema "PUBLIC" is up to date. No migration necessary.
2026-02-02 17:36:25.912 [main] WARN  o.s.b.a.s.s.UserDetailsServiceAutoConfiguration [] - 

Using generated security password: 3d14da85-5be0-4324-9f4a-62f0c026760e

This generated password is for development use only. Your security configuration must be updated before running your application in production.

2026-02-02 17:36:25.940 [main] INFO  o.s.s.c.a.a.c.InitializeUserDetailsBeanManagerConfigurer$InitializeUserDetailsManagerConfigurer [] - Global AuthenticationManager configured with UserDetailsService bean with name inMemoryUserDetailsManager
2026-02-02 17:36:26.289 [main] INFO  o.s.b.a.e.web.EndpointLinksResolver [] - Exposing 1 endpoint beneath base path '/actuator'
2026-02-02 17:36:26.868 [main] INFO  o.a.coyote.http11.Http11NioProtocol [] - Starting ProtocolHandler ["http-nio-8080"]
2026-02-02 17:36:26.897 [main] INFO  o.s.b.w.e.tomcat.TomcatWebServer [] - Tomcat started on port 8080 (http) with context path '/'
2026-02-02 17:36:26.910 [main] INFO  c.b.c.d.DocumentManagementApplication [] - Started DocumentManagementApplication in 4.772 seconds (process running for 5.723)
2026-02-02 17:36:27.545 [RMI TCP Connection(4)-127.0.0.1] INFO  o.a.c.c.C.[Tomcat].[localhost].[/] [] - Initializing Spring DispatcherServlet 'dispatcherServlet'
2026-02-02 17:36:27.546 [RMI TCP Connection(4)-127.0.0.1] INFO  o.s.web.servlet.DispatcherServlet [] - Initializing Servlet 'dispatcherServlet'
2026-02-02 17:36:27.547 [RMI TCP Connection(4)-127.0.0.1] INFO  o.s.web.servlet.DispatcherServlet [] - Completed initialization in 1 ms
2026-02-02 17:36:34.060 [RMI TCP Connection(2)-127.0.0.1] INFO  o.s.b.a.SpringApplicationAdminMXBeanRegistrar$SpringApplicationAdmin [] - Application shutdown requested.
2026-02-02 17:36:34.063 [RMI TCP Connection(2)-127.0.0.1] INFO  o.a.coyote.http11.Http11NioProtocol [] - Stopping ProtocolHandler ["http-nio-8080"]
2026-02-02 17:36:34.081 [RMI TCP Connection(2)-127.0.0.1] INFO  com.zaxxer.hikari.HikariDataSource [] - HikariPool-1 - Shutdown initiated...
2026-02-02 17:36:34.095 [RMI TCP Connection(2)-127.0.0.1] INFO  com.zaxxer.hikari.HikariDataSource [] - HikariPool-1 - Shutdown completed.
2026-02-02 17:36:44.193 [background-preinit] INFO  o.h.validator.internal.util.Version [] - HV000001: Hibernate Validator 8.0.1.Final
2026-02-02 17:36:44.254 [main] INFO  c.b.c.d.DocumentManagementApplication [] - Starting DocumentManagementApplication using Java 21.0.10 with PID 13808 (C:\Workspace_IP\document-managment\bin\main started by suyogita.shivare in C:\Workspace_IP\document-managment)
2026-02-02 17:36:44.254 [main] INFO  c.b.c.d.DocumentManagementApplication [] - No active profile set, falling back to 1 default profile: "default"
2026-02-02 17:36:46.794 [main] INFO  o.s.d.r.c.RepositoryConfigurationDelegate [] - Bootstrapping Spring Data JDBC repositories in DEFAULT mode.
2026-02-02 17:36:46.865 [main] INFO  o.s.d.r.c.RepositoryConfigurationDelegate [] - Finished Spring Data repository scanning in 55 ms. Found 0 JDBC repository interfaces.
2026-02-02 17:36:48.407 [main] INFO  o.s.b.w.e.tomcat.TomcatWebServer [] - Tomcat initialized with port 8080 (http)
2026-02-02 17:36:48.434 [main] INFO  o.a.coyote.http11.Http11NioProtocol [] - Initializing ProtocolHandler ["http-nio-8080"]
2026-02-02 17:36:48.450 [main] INFO  o.a.catalina.core.StandardService [] - Starting service [Tomcat]
2026-02-02 17:36:48.454 [main] INFO  o.a.catalina.core.StandardEngine [] - Starting Servlet engine: [Apache Tomcat/10.1.25]
2026-02-02 17:36:48.696 [main] INFO  o.a.c.c.C.[Tomcat].[localhost].[/] [] - Initializing Spring embedded WebApplicationContext
2026-02-02 17:36:48.696 [main] INFO  o.s.b.w.s.c.ServletWebServerApplicationContext [] - Root WebApplicationContext: initialization completed in 4359 ms
2026-02-02 17:36:49.002 [main] INFO  com.zaxxer.hikari.HikariDataSource [] - HikariPool-1 - Starting...
2026-02-02 17:36:49.904 [main] INFO  com.zaxxer.hikari.pool.HikariPool [] - HikariPool-1 - Added connection conn0: url=jdbc:h2:file:C:/Document_Management/h2/documentdb user=SA
2026-02-02 17:36:49.917 [main] INFO  com.zaxxer.hikari.HikariDataSource [] - HikariPool-1 - Start completed.
2026-02-02 17:36:49.932 [main] INFO  o.s.b.a.h.H2ConsoleAutoConfiguration [] - H2 console available at '/h2-console'. Database available at 'jdbc:h2:file:C:/Document_Management/h2/documentdb'
2026-02-02 17:36:50.858 [main] INFO  org.flywaydb.core.FlywayExecutor [] - Database: jdbc:h2:file:C:/Document_Management/h2/documentdb (H2 2.2)
2026-02-02 17:36:50.889 [main] WARN  o.f.c.i.database.base.Database [] - Flyway upgrade recommended: H2 2.2.224 is newer than this version of Flyway and support has not been tested. The latest supported version of H2 is 2.2.220.
2026-02-02 17:36:51.008 [main] INFO  o.f.core.internal.command.DbValidate [] - Successfully validated 1 migration (execution time 00:00.083s)
2026-02-02 17:36:51.033 [main] INFO  o.f.core.internal.command.DbMigrate [] - Current version of schema "PUBLIC": 1
2026-02-02 17:36:51.047 [main] INFO  o.f.core.internal.command.DbMigrate [] - Schema "PUBLIC" is up to date. No migration necessary.
2026-02-02 17:36:51.675 [main] WARN  o.s.b.a.s.s.UserDetailsServiceAutoConfiguration [] - 

Using generated security password: 680563c0-08a2-46cc-ba61-04b808d7385a

This generated password is for development use only. Your security configuration must be updated before running your application in production.

2026-02-02 17:36:51.748 [main] INFO  o.s.s.c.a.a.c.InitializeUserDetailsBeanManagerConfigurer$InitializeUserDetailsManagerConfigurer [] - Global AuthenticationManager configured with UserDetailsService bean with name inMemoryUserDetailsManager
2026-02-02 17:36:52.321 [main] INFO  o.s.b.a.e.web.EndpointLinksResolver [] - Exposing 1 endpoint beneath base path '/actuator'
2026-02-02 17:36:52.991 [main] INFO  o.a.coyote.http11.Http11NioProtocol [] - Starting ProtocolHandler ["http-nio-8080"]
2026-02-02 17:36:53.025 [main] INFO  o.s.b.w.e.tomcat.TomcatWebServer [] - Tomcat started on port 8080 (http) with context path '/'
2026-02-02 17:36:53.043 [main] INFO  c.b.c.d.DocumentManagementApplication [] - Started DocumentManagementApplication in 9.705 seconds (process running for 11.429)
2026-02-02 17:36:53.619 [RMI TCP Connection(4)-127.0.0.1] INFO  o.a.c.c.C.[Tomcat].[localhost].[/] [] - Initializing Spring DispatcherServlet 'dispatcherServlet'
2026-02-02 17:36:53.619 [RMI TCP Connection(4)-127.0.0.1] INFO  o.s.web.servlet.DispatcherServlet [] - Initializing Servlet 'dispatcherServlet'
2026-02-02 17:36:53.620 [RMI TCP Connection(4)-127.0.0.1] INFO  o.s.web.servlet.DispatcherServlet [] - Completed initialization in 1 ms
2026-02-02 17:37:00.476 [http-nio-8080-exec-1] INFO  c.b.c.d.c.DocumentController [d134c328-f335-41df-8d09-0a43eb1cc6a9] - Document delete API starts:  /documentsDelete | requestDeleteDocumentRequest(documentIds=[1], deleteType=HARD, reason=Not needed further) | userIdsuyogita.shivare@accenture.com
2026-02-02 17:37:00.494 [http-nio-8080-exec-1] INFO  c.b.c.d.service.DocumentServiceImpl [d134c328-f335-41df-8d09-0a43eb1cc6a9] - Delete document(s) start: deleteDocumentRequest=DeleteDocumentRequest(documentIds=[1], deleteType=HARD, reason=Not needed further) | user=suyogita.shivare@accenture.com |deleteType=HARD
2026-02-02 17:37:08.525 [http-nio-8080-exec-1] DEBUG o.s.jdbc.core.JdbcTemplate [d134c328-f335-41df-8d09-0a43eb1cc6a9] - Executing prepared SQL query
2026-02-02 17:37:08.527 [http-nio-8080-exec-1] DEBUG o.s.jdbc.core.JdbcTemplate [d134c328-f335-41df-8d09-0a43eb1cc6a9] - Executing prepared SQL statement [SELECT
 documentid,
 user_id,
 file_name,
 file_type,
 file_size,
 checksum,
 storage_path,
 is_deleted AS file_deleted,created_at,
 updated_at FROM documents
WHERE documentid IN (?)
AND user_id = ?
]
2026-02-02 17:37:08.538 [http-nio-8080-exec-1] DEBUG o.s.jdbc.core.BeanPropertyRowMapper [d134c328-f335-41df-8d09-0a43eb1cc6a9] - Mapping column 'DOCUMENTID' to property 'documentId' of type 'java.lang.Long'
2026-02-02 17:37:08.539 [http-nio-8080-exec-1] DEBUG o.s.jdbc.core.BeanPropertyRowMapper [d134c328-f335-41df-8d09-0a43eb1cc6a9] - Mapping column 'USER_ID' to property 'userId' of type 'java.lang.String'
2026-02-02 17:37:08.540 [http-nio-8080-exec-1] DEBUG o.s.jdbc.core.BeanPropertyRowMapper [d134c328-f335-41df-8d09-0a43eb1cc6a9] - Mapping column 'FILE_NAME' to property 'fileName' of type 'java.lang.String'
2026-02-02 17:37:08.540 [http-nio-8080-exec-1] DEBUG o.s.jdbc.core.BeanPropertyRowMapper [d134c328-f335-41df-8d09-0a43eb1cc6a9] - Mapping column 'FILE_TYPE' to property 'fileType' of type 'java.lang.String'
2026-02-02 17:37:08.542 [http-nio-8080-exec-1] DEBUG o.s.jdbc.core.BeanPropertyRowMapper [d134c328-f335-41df-8d09-0a43eb1cc6a9] - Mapping column 'FILE_SIZE' to property 'fileSize' of type 'java.lang.Long'
2026-02-02 17:37:08.543 [http-nio-8080-exec-1] DEBUG o.s.jdbc.core.BeanPropertyRowMapper [d134c328-f335-41df-8d09-0a43eb1cc6a9] - Mapping column 'CHECKSUM' to property 'checksum' of type 'java.lang.String'
2026-02-02 17:37:08.543 [http-nio-8080-exec-1] DEBUG o.s.jdbc.core.BeanPropertyRowMapper [d134c328-f335-41df-8d09-0a43eb1cc6a9] - Mapping column 'STORAGE_PATH' to property 'storagePath' of type 'java.lang.String'
2026-02-02 17:37:08.543 [http-nio-8080-exec-1] DEBUG o.s.jdbc.core.BeanPropertyRowMapper [d134c328-f335-41df-8d09-0a43eb1cc6a9] - Mapping column 'FILE_DELETED' to property 'fileDeleted' of type 'boolean'
2026-02-02 17:37:08.545 [http-nio-8080-exec-1] DEBUG o.s.jdbc.core.BeanPropertyRowMapper [d134c328-f335-41df-8d09-0a43eb1cc6a9] - Mapping column 'CREATED_AT' to property 'createdAt' of type 'java.time.LocalDateTime'
2026-02-02 17:37:08.547 [http-nio-8080-exec-1] DEBUG o.s.jdbc.core.BeanPropertyRowMapper [d134c328-f335-41df-8d09-0a43eb1cc6a9] - Mapping column 'UPDATED_AT' to property 'updatedAt' of type 'java.time.LocalDateTime'
2026-02-02 17:37:08.548 [http-nio-8080-exec-1] INFO  c.b.c.d.service.DocumentServiceImpl [d134c328-f335-41df-8d09-0a43eb1cc6a9] - Fetched documents from DB= | requested=1 | found=1 
2026-02-02 17:37:40.182 [http-nio-8080-exec-1] INFO  c.b.c.d.service.DocumentServiceImpl [d134c328-f335-41df-8d09-0a43eb1cc6a9] - Document split| active(non-deleted)=0 | softDeleted=1 
2026-02-02 17:37:40.182 [http-nio-8080-exec-1] INFO  c.b.c.d.service.DocumentServiceImpl [d134c328-f335-41df-8d09-0a43eb1cc6a9] - Hard delete initiated..
2026-02-02 17:37:40.182 [http-nio-8080-exec-1] INFO  c.b.c.d.service.DocumentServiceImpl [d134c328-f335-41df-8d09-0a43eb1cc6a9] - Audit trail initiared..
2026-02-02 17:37:40.184 [http-nio-8080-exec-1] DEBUG o.s.jdbc.core.JdbcTemplate [d134c328-f335-41df-8d09-0a43eb1cc6a9] - Executing prepared SQL update
2026-02-02 17:37:40.185 [http-nio-8080-exec-1] DEBUG o.s.jdbc.core.JdbcTemplate [d134c328-f335-41df-8d09-0a43eb1cc6a9] - Executing prepared SQL statement [INSERT INTO document_audit(documentid,action,performed_by,reason)
VALUES (?, ?, ?, ?)
]
2026-02-02 17:37:40.188 [http-nio-8080-exec-1] INFO  c.b.c.d.service.DocumentServiceImpl [d134c328-f335-41df-8d09-0a43eb1cc6a9] - Hard delete from file system initiated..
2026-02-02 17:37:40.192 [http-nio-8080-exec-1] INFO  c.b.c.document.helper.DocumentHelper [d134c328-f335-41df-8d09-0a43eb1cc6a9] - File deleted successfully:C:\Document_Management\PDF_Uploads\Rent_Recipt.pdf
2026-02-02 17:37:40.193 [http-nio-8080-exec-1] INFO  c.b.c.d.service.DocumentServiceImpl [d134c328-f335-41df-8d09-0a43eb1cc6a9] - Hard delete from DB initiated..
2026-02-02 17:37:40.193 [http-nio-8080-exec-1] DEBUG o.s.jdbc.core.JdbcTemplate [d134c328-f335-41df-8d09-0a43eb1cc6a9] - Executing prepared SQL update
2026-02-02 17:37:40.194 [http-nio-8080-exec-1] DEBUG o.s.jdbc.core.JdbcTemplate [d134c328-f335-41df-8d09-0a43eb1cc6a9] - Executing prepared SQL statement [DELETE FROM documents
WHERE documentid IN (?)
]
2026-02-02 17:37:40.196 [http-nio-8080-exec-1] INFO  c.b.c.d.service.DocumentServiceImpl [d134c328-f335-41df-8d09-0a43eb1cc6a9] - Hard delete fcompleted | user=suyogita.shivare@accenture.com | deletedCount=1
2026-02-02 17:38:42.380 [http-nio-8080-exec-6] INFO  c.b.c.d.c.DocumentController [29fed510-4a07-4601-b21e-f459d84c1a64] - Document upload API starts:  /documentUpload | userId=suyogita.shivare@accenture.com | filecount=1
2026-02-02 17:38:42.382 [http-nio-8080-exec-6] INFO  c.b.c.d.service.DocumentServiceImpl [29fed510-4a07-4601-b21e-f459d84c1a64] - Inside uploadFiles() 
2026-02-02 17:38:42.382 [http-nio-8080-exec-6] INFO  c.b.c.d.service.DocumentServiceImpl [29fed510-4a07-4601-b21e-f459d84c1a64] - Starting document upload 
2026-02-02 17:38:42.398 [http-nio-8080-exec-6] DEBUG o.s.jdbc.core.JdbcTemplate [29fed510-4a07-4601-b21e-f459d84c1a64] - Executing prepared SQL query
2026-02-02 17:38:42.398 [http-nio-8080-exec-6] DEBUG o.s.jdbc.core.JdbcTemplate [29fed510-4a07-4601-b21e-f459d84c1a64] - Executing prepared SQL statement [SELECT * FROM documents WHERE checksum= ?
]
2026-02-02 17:38:42.407 [http-nio-8080-exec-6] DEBUG o.s.jdbc.core.JdbcTemplate [29fed510-4a07-4601-b21e-f459d84c1a64] - Executing SQL update and returning generated keys
2026-02-02 17:38:42.409 [http-nio-8080-exec-6] DEBUG o.s.jdbc.core.JdbcTemplate [29fed510-4a07-4601-b21e-f459d84c1a64] - Executing prepared SQL statement [INSERT INTO documents(user_id,file_name,file_type,file_size,checksum,storage_path)
VALUES (?, ?, ?, ?, ?, ?)
]
2026-02-02 17:38:42.416 [http-nio-8080-exec-6] INFO  c.b.c.d.c.DocumentController [29fed510-4a07-4601-b21e-f459d84c1a64] - Upload API completed | userId=suyogita.shivare@accenture.com
2026-02-02 17:39:28.557 [http-nio-8080-exec-2] INFO  c.b.c.d.c.DocumentController [dd171772-a948-487a-ae04-aae1ce320523] - Document delete API starts:  /documentsDelete | requestDeleteDocumentRequest(documentIds=[1], deleteType=SOFT, reason=Not needed further) | userIdsuyogita.shivare@accenture.com
2026-02-02 17:39:28.560 [http-nio-8080-exec-2] INFO  c.b.c.d.service.DocumentServiceImpl [dd171772-a948-487a-ae04-aae1ce320523] - Delete document(s) start: deleteDocumentRequest=DeleteDocumentRequest(documentIds=[1], deleteType=SOFT, reason=Not needed further) | user=suyogita.shivare@accenture.com |deleteType=SOFT
2026-02-02 17:39:36.256 [http-nio-8080-exec-2] DEBUG o.s.jdbc.core.JdbcTemplate [dd171772-a948-487a-ae04-aae1ce320523] - Executing prepared SQL query
2026-02-02 17:39:36.257 [http-nio-8080-exec-2] DEBUG o.s.jdbc.core.JdbcTemplate [dd171772-a948-487a-ae04-aae1ce320523] - Executing prepared SQL statement [SELECT
 documentid,
 user_id,
 file_name,
 file_type,
 file_size,
 checksum,
 storage_path,
 is_deleted AS file_deleted,created_at,
 updated_at FROM documents
WHERE documentid IN (?)
AND user_id = ?
]
2026-02-02 17:39:36.257 [http-nio-8080-exec-2] INFO  c.b.c.d.service.DocumentServiceImpl [dd171772-a948-487a-ae04-aae1ce320523] - Fetched documents from DB= | requested=1 | found=0 
2026-02-02 17:39:37.651 [http-nio-8080-exec-2] ERROR c.b.c.d.e.GlobalExceptionHandler [dd171772-a948-487a-ae04-aae1ce320523] - Business exception
java.lang.IllegalArgumentException: No document(s) found for deletion
	at com.banking.creditjourney.document.service.DocumentServiceImpl.documentDeletes(DocumentServiceImpl.java:108)
	at java.base/jdk.internal.reflect.DirectMethodHandleAccessor.invoke(DirectMethodHandleAccessor.java:103)
	at java.base/java.lang.reflect.Method.invoke(Method.java:580)
	at org.springframework.aop.support.AopUtils.invokeJoinpointUsingReflection(AopUtils.java:354)
	at org.springframework.aop.framework.ReflectiveMethodInvocation.invokeJoinpoint(ReflectiveMethodInvocation.java:196)
	at org.springframework.aop.framework.ReflectiveMethodInvocation.proceed(ReflectiveMethodInvocation.java:163)
	at org.springframework.aop.framework.CglibAopProxy$CglibMethodInvocation.proceed(CglibAopProxy.java:768)
	at org.springframework.transaction.interceptor.TransactionInterceptor$1.proceedWithInvocation(TransactionInterceptor.java:123)
	at org.springframework.transaction.interceptor.TransactionAspectSupport.invokeWithinTransaction(TransactionAspectSupport.java:392)
	at org.springframework.transaction.interceptor.TransactionInterceptor.invoke(TransactionInterceptor.java:119)
	at org.springframework.aop.framework.ReflectiveMethodInvocation.proceed(ReflectiveMethodInvocation.java:184)
	at org.springframework.aop.framework.CglibAopProxy$CglibMethodInvocation.proceed(CglibAopProxy.java:768)
	at org.springframework.aop.framework.CglibAopProxy$DynamicAdvisedInterceptor.intercept(CglibAopProxy.java:720)
	at com.banking.creditjourney.document.service.DocumentServiceImpl$$SpringCGLIB$$0.documentDeletes(<generated>)
	at com.banking.creditjourney.document.controller.DocumentController.documentDelete(DocumentController.java:97)
	at java.base/jdk.internal.reflect.DirectMethodHandleAccessor.invoke(DirectMethodHandleAccessor.java:103)
	at java.base/java.lang.reflect.Method.invoke(Method.java:580)
	at org.springframework.web.method.support.InvocableHandlerMethod.doInvoke(InvocableHandlerMethod.java:255)
	at org.springframework.web.method.support.InvocableHandlerMethod.invokeForRequest(InvocableHandlerMethod.java:188)
	at org.springframework.web.servlet.mvc.method.annotation.ServletInvocableHandlerMethod.invokeAndHandle(ServletInvocableHandlerMethod.java:118)
	at org.springframework.web.servlet.mvc.method.annotation.RequestMappingHandlerAdapter.invokeHandlerMethod(RequestMappingHandlerAdapter.java:926)
	at org.springframework.web.servlet.mvc.method.annotation.RequestMappingHandlerAdapter.handleInternal(RequestMappingHandlerAdapter.java:831)
	at org.springframework.web.servlet.mvc.method.AbstractHandlerMethodAdapter.handle(AbstractHandlerMethodAdapter.java:87)
	at org.springframework.web.servlet.DispatcherServlet.doDispatch(DispatcherServlet.java:1089)
	at org.springframework.web.servlet.DispatcherServlet.doService(DispatcherServlet.java:979)
	at org.springframework.web.servlet.FrameworkServlet.processRequest(FrameworkServlet.java:1014)
	at org.springframework.web.servlet.FrameworkServlet.doDelete(FrameworkServlet.java:936)
	at jakarta.servlet.http.HttpServlet.service(HttpServlet.java:596)
	at org.springframework.web.servlet.FrameworkServlet.service(FrameworkServlet.java:885)
	at jakarta.servlet.http.HttpServlet.service(HttpServlet.java:658)
	at org.apache.catalina.core.ApplicationFilterChain.internalDoFilter(ApplicationFilterChain.java:195)
	at org.apache.catalina.core.ApplicationFilterChain.doFilter(ApplicationFilterChain.java:140)
	at org.apache.tomcat.websocket.server.WsFilter.doFilter(WsFilter.java:51)
	at org.apache.catalina.core.ApplicationFilterChain.internalDoFilter(ApplicationFilterChain.java:164)
	at org.apache.catalina.core.ApplicationFilterChain.doFilter(ApplicationFilterChain.java:140)
	at org.springframework.web.filter.OncePerRequestFilter.doFilter(OncePerRequestFilter.java:110)
	at org.apache.catalina.core.ApplicationFilterChain.internalDoFilter(ApplicationFilterChain.java:164)
	at org.apache.catalina.core.ApplicationFilterChain.doFilter(ApplicationFilterChain.java:140)
	at com.banking.creditjourney.document.security.CorrelationIdFilter.doFilterInternal(CorrelationIdFilter.java:31)
	at org.springframework.web.filter.OncePerRequestFilter.doFilter(OncePerRequestFilter.java:116)
	at org.apache.catalina.core.ApplicationFilterChain.internalDoFilter(ApplicationFilterChain.java:164)
	at org.apache.catalina.core.ApplicationFilterChain.doFilter(ApplicationFilterChain.java:140)
	at org.springframework.web.filter.CompositeFilter$VirtualFilterChain.doFilter(CompositeFilter.java:108)
	at org.springframework.security.web.FilterChainProxy.lambda$doFilterInternal$3(FilterChainProxy.java:231)
	at org.springframework.security.web.ObservationFilterChainDecorator$FilterObservation$SimpleFilterObservation.lambda$wrap$1(ObservationFilterChainDecorator.java:479)
	at org.springframework.security.web.ObservationFilterChainDecorator$AroundFilterObservation$SimpleAroundFilterObservation.lambda$wrap$1(ObservationFilterChainDecorator.java:340)
	at org.springframework.security.web.ObservationFilterChainDecorator.lambda$wrapSecured$0(ObservationFilterChainDecorator.java:82)
	at org.springframework.security.web.ObservationFilterChainDecorator$VirtualFilterChain.doFilter(ObservationFilterChainDecorator.java:128)
	at org.springframework.security.web.access.intercept.AuthorizationFilter.doFilter(AuthorizationFilter.java:100)
	at org.springframework.security.web.ObservationFilterChainDecorator$ObservationFilter.wrapFilter(ObservationFilterChainDecorator.java:240)
	at org.springframework.security.web.ObservationFilterChainDecorator$ObservationFilter.doFilter(ObservationFilterChainDecorator.java:227)
	at org.springframework.security.web.ObservationFilterChainDecorator$VirtualFilterChain.doFilter(ObservationFilterChainDecorator.java:137)
	at org.springframework.security.web.access.ExceptionTranslationFilter.doFilter(ExceptionTranslationFilter.java:126)
	at org.springframework.security.web.access.ExceptionTranslationFilter.doFilter(ExceptionTranslationFilter.java:120)
	at org.springframework.security.web.ObservationFilterChainDecorator$ObservationFilter.wrapFilter(ObservationFilterChainDecorator.java:240)
	at org.springframework.security.web.ObservationFilterChainDecorator$ObservationFilter.doFilter(ObservationFilterChainDecorator.java:227)
	at org.springframework.security.web.ObservationFilterChainDecorator$VirtualFilterChain.doFilter(ObservationFilterChainDecorator.java:137)
	at org.springframework.security.web.authentication.AnonymousAuthenticationFilter.doFilter(AnonymousAuthenticationFilter.java:100)
	at org.springframework.security.web.ObservationFilterChainDecorator$ObservationFilter.wrapFilter(ObservationFilterChainDecorator.java:240)
	at org.springframework.security.web.ObservationFilterChainDecorator$ObservationFilter.doFilter(ObservationFilterChainDecorator.java:227)
	at org.springframework.security.web.ObservationFilterChainDecorator$VirtualFilterChain.doFilter(ObservationFilterChainDecorator.java:137)
	at org.springframework.security.web.servletapi.SecurityContextHolderAwareRequestFilter.doFilter(SecurityContextHolderAwareRequestFilter.java:179)
	at org.springframework.security.web.ObservationFilterChainDecorator$ObservationFilter.wrapFilter(ObservationFilterChainDecorator.java:240)
	at org.springframework.security.web.ObservationFilterChainDecorator$ObservationFilter.doFilter(ObservationFilterChainDecorator.java:227)
	at org.springframework.security.web.ObservationFilterChainDecorator$VirtualFilterChain.doFilter(ObservationFilterChainDecorator.java:137)
	at org.springframework.security.web.savedrequest.RequestCacheAwareFilter.doFilter(RequestCacheAwareFilter.java:63)
	at org.springframework.security.web.ObservationFilterChainDecorator$ObservationFilter.wrapFilter(ObservationFilterChainDecorator.java:240)
	at org.springframework.security.web.ObservationFilterChainDecorator$ObservationFilter.doFilter(ObservationFilterChainDecorator.java:227)
	at org.springframework.security.web.ObservationFilterChainDecorator$VirtualFilterChain.doFilter(ObservationFilterChainDecorator.java:137)
	at org.springframework.security.web.authentication.www.BasicAuthenticationFilter.doFilterInternal(BasicAuthenticationFilter.java:181)
	at org.springframework.web.filter.OncePerRequestFilter.doFilter(OncePerRequestFilter.java:116)
	at org.springframework.security.web.ObservationFilterChainDecorator$ObservationFilter.wrapFilter(ObservationFilterChainDecorator.java:240)
	at org.springframework.security.web.ObservationFilterChainDecorator$ObservationFilter.doFilter(ObservationFilterChainDecorator.java:227)
	at org.springframework.security.web.ObservationFilterChainDecorator$VirtualFilterChain.doFilter(ObservationFilterChainDecorator.java:137)
	at com.banking.creditjourney.document.security.JwtAuthenticationFilter.doFilterInternal(JwtAuthenticationFilter.java:34)
	at org.springframework.web.filter.OncePerRequestFilter.doFilter(OncePerRequestFilter.java:116)
	at org.springframework.security.web.ObservationFilterChainDecorator$ObservationFilter.wrapFilter(ObservationFilterChainDecorator.java:240)
	at org.springframework.security.web.ObservationFilterChainDecorator$ObservationFilter.doFilter(ObservationFilterChainDecorator.java:227)
	at org.springframework.security.web.ObservationFilterChainDecorator$VirtualFilterChain.doFilter(ObservationFilterChainDecorator.java:137)
	at org.springframework.security.web.authentication.logout.LogoutFilter.doFilter(LogoutFilter.java:107)
	at org.springframework.security.web.authentication.logout.LogoutFilter.doFilter(LogoutFilter.java:93)
	at org.springframework.security.web.ObservationFilterChainDecorator$ObservationFilter.wrapFilter(ObservationFilterChainDecorator.java:240)
	at org.springframework.security.web.ObservationFilterChainDecorator$ObservationFilter.doFilter(ObservationFilterChainDecorator.java:227)
	at org.springframework.security.web.ObservationFilterChainDecorator$VirtualFilterChain.doFilter(ObservationFilterChainDecorator.java:137)
	at org.springframework.web.filter.CorsFilter.doFilterInternal(CorsFilter.java:91)
	at org.springframework.web.filter.OncePerRequestFilter.doFilter(OncePerRequestFilter.java:116)
	at org.springframework.security.web.ObservationFilterChainDecorator$ObservationFilter.wrapFilter(ObservationFilterChainDecorator.java:240)
	at org.springframework.security.web.ObservationFilterChainDecorator$ObservationFilter.doFilter(ObservationFilterChainDecorator.java:227)
	at org.springframework.security.web.ObservationFilterChainDecorator$VirtualFilterChain.doFilter(ObservationFilterChainDecorator.java:137)
	at org.springframework.security.web.header.HeaderWriterFilter.doHeadersAfter(HeaderWriterFilter.java:90)
	at org.springframework.security.web.header.HeaderWriterFilter.doFilterInternal(HeaderWriterFilter.java:75)
	at org.springframework.web.filter.OncePerRequestFilter.doFilter(OncePerRequestFilter.java:116)
	at org.springframework.security.web.ObservationFilterChainDecorator$ObservationFilter.wrapFilter(ObservationFilterChainDecorator.java:240)
	at org.springframework.security.web.ObservationFilterChainDecorator$ObservationFilter.doFilter(ObservationFilterChainDecorator.java:227)
	at org.springframework.security.web.ObservationFilterChainDecorator$VirtualFilterChain.doFilter(ObservationFilterChainDecorator.java:137)
	at org.springframework.security.web.context.SecurityContextHolderFilter.doFilter(SecurityContextHolderFilter.java:82)
	at org.springframework.security.web.context.SecurityContextHolderFilter.doFilter(SecurityContextHolderFilter.java:69)
	at org.springframework.security.web.ObservationFilterChainDecorator$ObservationFilter.wrapFilter(ObservationFilterChainDecorator.java:240)
	at org.springframework.security.web.ObservationFilterChainDecorator$ObservationFilter.doFilter(ObservationFilterChainDecorator.java:227)
	at org.springframework.security.web.ObservationFilterChainDecorator$VirtualFilterChain.doFilter(ObservationFilterChainDecorator.java:137)
	at org.springframework.security.web.context.request.async.WebAsyncManagerIntegrationFilter.doFilterInternal(WebAsyncManagerIntegrationFilter.java:62)
	at org.springframework.web.filter.OncePerRequestFilter.doFilter(OncePerRequestFilter.java:116)
	at org.springframework.security.web.ObservationFilterChainDecorator$ObservationFilter.wrapFilter(ObservationFilterChainDecorator.java:240)
	at org.springframework.security.web.ObservationFilterChainDecorator$ObservationFilter.doFilter(ObservationFilterChainDecorator.java:227)
	at org.springframework.security.web.ObservationFilterChainDecorator$VirtualFilterChain.doFilter(ObservationFilterChainDecorator.java:137)
	at org.springframework.security.web.session.DisableEncodeUrlFilter.doFilterInternal(DisableEncodeUrlFilter.java:42)
	at org.springframework.web.filter.OncePerRequestFilter.doFilter(OncePerRequestFilter.java:116)
	at org.springframework.security.web.ObservationFilterChainDecorator$ObservationFilter.wrapFilter(ObservationFilterChainDecorator.java:240)
	at org.springframework.security.web.ObservationFilterChainDecorator$AroundFilterObservation$SimpleAroundFilterObservation.lambda$wrap$0(ObservationFilterChainDecorator.java:323)
	at org.springframework.security.web.ObservationFilterChainDecorator$ObservationFilter.doFilter(ObservationFilterChainDecorator.java:224)
	at org.springframework.security.web.ObservationFilterChainDecorator$VirtualFilterChain.doFilter(ObservationFilterChainDecorator.java:137)
	at org.springframework.security.web.FilterChainProxy.doFilterInternal(FilterChainProxy.java:233)
	at org.springframework.security.web.FilterChainProxy.doFilter(FilterChainProxy.java:191)
	at org.springframework.web.filter.CompositeFilter$VirtualFilterChain.doFilter(CompositeFilter.java:113)
	at org.springframework.web.servlet.handler.HandlerMappingIntrospector.lambda$createCacheFilter$3(HandlerMappingIntrospector.java:195)
	at org.springframework.web.filter.CompositeFilter$VirtualFilterChain.doFilter(CompositeFilter.java:113)
	at org.springframework.web.filter.CompositeFilter.doFilter(CompositeFilter.java:74)
	at org.springframework.security.config.annotation.web.configuration.WebMvcSecurityConfiguration$CompositeFilterChainProxy.doFilter(WebMvcSecurityConfiguration.java:230)
	at org.springframework.web.filter.DelegatingFilterProxy.invokeDelegate(DelegatingFilterProxy.java:352)
	at org.springframework.web.filter.DelegatingFilterProxy.doFilter(DelegatingFilterProxy.java:268)
	at org.apache.catalina.core.ApplicationFilterChain.internalDoFilter(ApplicationFilterChain.java:164)
	at org.apache.catalina.core.ApplicationFilterChain.doFilter(ApplicationFilterChain.java:140)
	at org.springframework.web.filter.RequestContextFilter.doFilterInternal(RequestContextFilter.java:100)
	at org.springframework.web.filter.OncePerRequestFilter.doFilter(OncePerRequestFilter.java:116)
	at org.apache.catalina.core.ApplicationFilterChain.internalDoFilter(ApplicationFilterChain.java:164)
	at org.apache.catalina.core.ApplicationFilterChain.doFilter(ApplicationFilterChain.java:140)
	at org.springframework.web.filter.FormContentFilter.doFilterInternal(FormContentFilter.java:93)
	at org.springframework.web.filter.OncePerRequestFilter.doFilter(OncePerRequestFilter.java:116)
	at org.apache.catalina.core.ApplicationFilterChain.internalDoFilter(ApplicationFilterChain.java:164)
	at org.apache.catalina.core.ApplicationFilterChain.doFilter(ApplicationFilterChain.java:140)
	at org.springframework.web.filter.ServerHttpObservationFilter.doFilterInternal(ServerHttpObservationFilter.java:107)
	at org.springframework.web.filter.OncePerRequestFilter.doFilter(OncePerRequestFilter.java:116)
	at org.apache.catalina.core.ApplicationFilterChain.internalDoFilter(ApplicationFilterChain.java:164)
	at org.apache.catalina.core.ApplicationFilterChain.doFilter(ApplicationFilterChain.java:140)
	at org.springframework.web.filter.CharacterEncodingFilter.doFilterInternal(CharacterEncodingFilter.java:201)
	at org.springframework.web.filter.OncePerRequestFilter.doFilter(OncePerRequestFilter.java:116)
	at org.apache.catalina.core.ApplicationFilterChain.internalDoFilter(ApplicationFilterChain.java:164)
	at org.apache.catalina.core.ApplicationFilterChain.doFilter(ApplicationFilterChain.java:140)
	at org.apache.catalina.core.StandardWrapperValve.invoke(StandardWrapperValve.java:167)
	at org.apache.catalina.core.StandardContextValve.invoke(StandardContextValve.java:90)
	at org.apache.catalina.authenticator.AuthenticatorBase.invoke(AuthenticatorBase.java:482)
	at org.apache.catalina.core.StandardHostValve.invoke(StandardHostValve.java:115)
	at org.apache.catalina.valves.ErrorReportValve.invoke(ErrorReportValve.java:93)
	at org.apache.catalina.core.StandardEngineValve.invoke(StandardEngineValve.java:74)
	at org.apache.catalina.connector.CoyoteAdapter.service(CoyoteAdapter.java:344)
	at org.apache.coyote.http11.Http11Processor.service(Http11Processor.java:389)
	at org.apache.coyote.AbstractProcessorLight.process(AbstractProcessorLight.java:63)
	at org.apache.coyote.AbstractProtocol$ConnectionHandler.process(AbstractProtocol.java:904)
	at org.apache.tomcat.util.net.NioEndpoint$SocketProcessor.doRun(NioEndpoint.java:1741)
	at org.apache.tomcat.util.net.SocketProcessorBase.run(SocketProcessorBase.java:52)
	at org.apache.tomcat.util.threads.ThreadPoolExecutor.runWorker(ThreadPoolExecutor.java:1190)
	at org.apache.tomcat.util.threads.ThreadPoolExecutor$Worker.run(ThreadPoolExecutor.java:659)
	at org.apache.tomcat.util.threads.TaskThread$WrappingRunnable.run(TaskThread.java:63)
	at java.base/java.lang.Thread.run(Thread.java:1583)
2026-02-02 17:40:06.285 [http-nio-8080-exec-8] INFO  c.b.c.d.c.DocumentController [5d1c78e2-32ff-4b95-aade-c16d47c6116b] - Document delete API starts:  /documentsDelete | requestDeleteDocumentRequest(documentIds=[2], deleteType=SOFT, reason=Not needed further) | userIdsuyogita.shivare@accenture.com
2026-02-02 17:40:06.286 [http-nio-8080-exec-8] INFO  c.b.c.d.service.DocumentServiceImpl [5d1c78e2-32ff-4b95-aade-c16d47c6116b] - Delete document(s) start: deleteDocumentRequest=DeleteDocumentRequest(documentIds=[2], deleteType=SOFT, reason=Not needed further) | user=suyogita.shivare@accenture.com |deleteType=SOFT
2026-02-02 17:40:43.717 [http-nio-8080-exec-8] INFO  c.b.c.d.c.DocumentController [5d1c78e2-32ff-4b95-aade-c16d47c6116b] - Document delete API starts:  /documentsDelete | request=DeleteDocumentRequest(documentIds=[2], deleteType=SOFT, reason=Not needed further) | userId=suyogita.shivare@accenture.com
2026-02-02 17:40:43.718 [http-nio-8080-exec-8] INFO  c.b.c.d.service.DocumentServiceImpl [5d1c78e2-32ff-4b95-aade-c16d47c6116b] - Delete document(s) start: deleteDocumentRequest=DeleteDocumentRequest(documentIds=[2], deleteType=SOFT, reason=Not needed further) | user=suyogita.shivare@accenture.com |deleteType=SOFT
2026-02-02 17:41:01.785 [http-nio-8080-exec-8] DEBUG o.s.jdbc.core.JdbcTemplate [5d1c78e2-32ff-4b95-aade-c16d47c6116b] - Executing prepared SQL query
2026-02-02 17:41:01.787 [http-nio-8080-exec-8] DEBUG o.s.jdbc.core.JdbcTemplate [5d1c78e2-32ff-4b95-aade-c16d47c6116b] - Executing prepared SQL statement [SELECT
 documentid,
 user_id,
 file_name,
 file_type,
 file_size,
 checksum,
 storage_path,
 is_deleted AS file_deleted,created_at,
 updated_at FROM documents
WHERE documentid IN (?)
AND user_id = ?
]
2026-02-02 17:41:01.790 [http-nio-8080-exec-8] DEBUG o.s.jdbc.core.BeanPropertyRowMapper [5d1c78e2-32ff-4b95-aade-c16d47c6116b] - Mapping column 'DOCUMENTID' to property 'documentId' of type 'java.lang.Long'
2026-02-02 17:41:01.791 [http-nio-8080-exec-8] DEBUG o.s.jdbc.core.BeanPropertyRowMapper [5d1c78e2-32ff-4b95-aade-c16d47c6116b] - Mapping column 'USER_ID' to property 'userId' of type 'java.lang.String'
2026-02-02 17:41:01.791 [http-nio-8080-exec-8] DEBUG o.s.jdbc.core.BeanPropertyRowMapper [5d1c78e2-32ff-4b95-aade-c16d47c6116b] - Mapping column 'FILE_NAME' to property 'fileName' of type 'java.lang.String'
2026-02-02 17:41:01.792 [http-nio-8080-exec-8] DEBUG o.s.jdbc.core.BeanPropertyRowMapper [5d1c78e2-32ff-4b95-aade-c16d47c6116b] - Mapping column 'FILE_TYPE' to property 'fileType' of type 'java.lang.String'
2026-02-02 17:41:01.794 [http-nio-8080-exec-8] DEBUG o.s.jdbc.core.BeanPropertyRowMapper [5d1c78e2-32ff-4b95-aade-c16d47c6116b] - Mapping column 'FILE_SIZE' to property 'fileSize' of type 'java.lang.Long'
2026-02-02 17:41:01.794 [http-nio-8080-exec-8] DEBUG o.s.jdbc.core.BeanPropertyRowMapper [5d1c78e2-32ff-4b95-aade-c16d47c6116b] - Mapping column 'CHECKSUM' to property 'checksum' of type 'java.lang.String'
2026-02-02 17:41:01.795 [http-nio-8080-exec-8] DEBUG o.s.jdbc.core.BeanPropertyRowMapper [5d1c78e2-32ff-4b95-aade-c16d47c6116b] - Mapping column 'STORAGE_PATH' to property 'storagePath' of type 'java.lang.String'
2026-02-02 17:41:01.795 [http-nio-8080-exec-8] DEBUG o.s.jdbc.core.BeanPropertyRowMapper [5d1c78e2-32ff-4b95-aade-c16d47c6116b] - Mapping column 'FILE_DELETED' to property 'fileDeleted' of type 'boolean'
2026-02-02 17:41:01.796 [http-nio-8080-exec-8] DEBUG o.s.jdbc.core.BeanPropertyRowMapper [5d1c78e2-32ff-4b95-aade-c16d47c6116b] - Mapping column 'CREATED_AT' to property 'createdAt' of type 'java.time.LocalDateTime'
2026-02-02 17:41:01.797 [http-nio-8080-exec-8] DEBUG o.s.jdbc.core.BeanPropertyRowMapper [5d1c78e2-32ff-4b95-aade-c16d47c6116b] - Mapping column 'UPDATED_AT' to property 'updatedAt' of type 'java.time.LocalDateTime'
2026-02-02 17:41:01.798 [http-nio-8080-exec-8] INFO  c.b.c.d.service.DocumentServiceImpl [5d1c78e2-32ff-4b95-aade-c16d47c6116b] - Fetched documents from DB= | requested=1 | found=1 
2026-02-02 17:41:33.577 [http-nio-8080-exec-8] INFO  c.b.c.d.service.DocumentServiceImpl [5d1c78e2-32ff-4b95-aade-c16d47c6116b] - Document split| active(non-deleted)=1 | softDeleted=0 
2026-02-02 17:41:33.578 [http-nio-8080-exec-8] INFO  c.b.c.d.service.DocumentServiceImpl [5d1c78e2-32ff-4b95-aade-c16d47c6116b] - Soft delete initiared..
2026-02-02 17:41:33.580 [http-nio-8080-exec-8] DEBUG o.s.jdbc.core.JdbcTemplate [5d1c78e2-32ff-4b95-aade-c16d47c6116b] - Executing prepared SQL update
2026-02-02 17:41:33.580 [http-nio-8080-exec-8] DEBUG o.s.jdbc.core.JdbcTemplate [5d1c78e2-32ff-4b95-aade-c16d47c6116b] - Executing prepared SQL statement [INSERT INTO document_audit(documentid,action,performed_by,reason)
VALUES (?, ?, ?, ?)
]
2026-02-02 17:41:33.586 [http-nio-8080-exec-8] INFO  c.b.c.d.service.DocumentServiceImpl [5d1c78e2-32ff-4b95-aade-c16d47c6116b] - Soft delete initiared for DB..
2026-02-02 17:41:33.592 [http-nio-8080-exec-8] DEBUG o.s.jdbc.core.JdbcTemplate [5d1c78e2-32ff-4b95-aade-c16d47c6116b] - Executing prepared SQL update
2026-02-02 17:41:33.593 [http-nio-8080-exec-8] DEBUG o.s.jdbc.core.JdbcTemplate [5d1c78e2-32ff-4b95-aade-c16d47c6116b] - Executing prepared SQL statement [UPDATE documents
SET is_deleted = true,
    deleted_at = CURRENT_TIMESTAMP,
    deleted_by = ?,
    user_id= ?
WHERE documentid IN (?)
]
2026-02-02 17:42:21.054 [http-nio-8080-exec-8] INFO  c.b.c.d.service.DocumentServiceImpl [5d1c78e2-32ff-4b95-aade-c16d47c6116b] - Delete document(s) start: deleteDocumentRequest=DeleteDocumentRequest(documentIds=[2], deleteType=SOFT, reason=Not needed further) | user=suyogita.shivare@accenture.com |deleteType=SOFT
2026-02-02 17:42:28.830 [http-nio-8080-exec-8] DEBUG o.s.jdbc.core.JdbcTemplate [5d1c78e2-32ff-4b95-aade-c16d47c6116b] - Executing prepared SQL query
2026-02-02 17:42:28.831 [http-nio-8080-exec-8] DEBUG o.s.jdbc.core.JdbcTemplate [5d1c78e2-32ff-4b95-aade-c16d47c6116b] - Executing prepared SQL statement [SELECT
 documentid,
 user_id,
 file_name,
 file_type,
 file_size,
 checksum,
 storage_path,
 is_deleted AS file_deleted,created_at,
 updated_at FROM documents
WHERE documentid IN (?)
AND user_id = ?
]
2026-02-02 17:42:28.833 [http-nio-8080-exec-8] DEBUG o.s.jdbc.core.BeanPropertyRowMapper [5d1c78e2-32ff-4b95-aade-c16d47c6116b] - Mapping column 'DOCUMENTID' to property 'documentId' of type 'java.lang.Long'
2026-02-02 17:42:28.834 [http-nio-8080-exec-8] DEBUG o.s.jdbc.core.BeanPropertyRowMapper [5d1c78e2-32ff-4b95-aade-c16d47c6116b] - Mapping column 'USER_ID' to property 'userId' of type 'java.lang.String'
2026-02-02 17:42:28.835 [http-nio-8080-exec-8] DEBUG o.s.jdbc.core.BeanPropertyRowMapper [5d1c78e2-32ff-4b95-aade-c16d47c6116b] - Mapping column 'FILE_NAME' to property 'fileName' of type 'java.lang.String'
2026-02-02 17:42:28.838 [http-nio-8080-exec-8] DEBUG o.s.jdbc.core.BeanPropertyRowMapper [5d1c78e2-32ff-4b95-aade-c16d47c6116b] - Mapping column 'FILE_TYPE' to property 'fileType' of type 'java.lang.String'
2026-02-02 17:42:28.840 [http-nio-8080-exec-8] DEBUG o.s.jdbc.core.BeanPropertyRowMapper [5d1c78e2-32ff-4b95-aade-c16d47c6116b] - Mapping column 'FILE_SIZE' to property 'fileSize' of type 'java.lang.Long'
2026-02-02 17:42:28.841 [http-nio-8080-exec-8] DEBUG o.s.jdbc.core.BeanPropertyRowMapper [5d1c78e2-32ff-4b95-aade-c16d47c6116b] - Mapping column 'CHECKSUM' to property 'checksum' of type 'java.lang.String'
2026-02-02 17:42:28.841 [http-nio-8080-exec-8] DEBUG o.s.jdbc.core.BeanPropertyRowMapper [5d1c78e2-32ff-4b95-aade-c16d47c6116b] - Mapping column 'STORAGE_PATH' to property 'storagePath' of type 'java.lang.String'
2026-02-02 17:42:28.842 [http-nio-8080-exec-8] DEBUG o.s.jdbc.core.BeanPropertyRowMapper [5d1c78e2-32ff-4b95-aade-c16d47c6116b] - Mapping column 'FILE_DELETED' to property 'fileDeleted' of type 'boolean'
2026-02-02 17:42:28.842 [http-nio-8080-exec-8] DEBUG o.s.jdbc.core.BeanPropertyRowMapper [5d1c78e2-32ff-4b95-aade-c16d47c6116b] - Mapping column 'CREATED_AT' to property 'createdAt' of type 'java.time.LocalDateTime'
2026-02-02 17:42:28.844 [http-nio-8080-exec-8] DEBUG o.s.jdbc.core.BeanPropertyRowMapper [5d1c78e2-32ff-4b95-aade-c16d47c6116b] - Mapping column 'UPDATED_AT' to property 'updatedAt' of type 'java.time.LocalDateTime'
2026-02-02 17:42:28.845 [http-nio-8080-exec-8] INFO  c.b.c.d.service.DocumentServiceImpl [5d1c78e2-32ff-4b95-aade-c16d47c6116b] - Fetched documents from DB= | requested=1 | found=1 
2026-02-02 17:42:41.616 [http-nio-8080-exec-8] INFO  c.b.c.d.service.DocumentServiceImpl [5d1c78e2-32ff-4b95-aade-c16d47c6116b] - Document split| active(non-deleted)=0 | softDeleted=+1 
2026-02-02 17:43:04.228 [http-nio-8080-exec-8] INFO  c.b.c.d.service.DocumentServiceImpl [5d1c78e2-32ff-4b95-aade-c16d47c6116b] - Soft delete initiared..
2026-02-02 17:43:25.741 [http-nio-8080-exec-8] ERROR c.b.c.d.e.GlobalExceptionHandler [5d1c78e2-32ff-4b95-aade-c16d47c6116b] - Business exception
java.lang.IllegalArgumentException: All requested documents are already deleted
	at com.banking.creditjourney.document.service.DocumentServiceImpl.documentDeletes(DocumentServiceImpl.java:128)
	at java.base/jdk.internal.reflect.DirectMethodHandleAccessor.invoke(DirectMethodHandleAccessor.java:103)
	at java.base/java.lang.reflect.Method.invoke(Method.java:580)
	at org.springframework.aop.support.AopUtils.invokeJoinpointUsingReflection(AopUtils.java:354)
	at org.springframework.aop.framework.ReflectiveMethodInvocation.invokeJoinpoint(ReflectiveMethodInvocation.java:196)
	at org.springframework.aop.framework.ReflectiveMethodInvocation.proceed(ReflectiveMethodInvocation.java:163)
	at org.springframework.aop.framework.CglibAopProxy$CglibMethodInvocation.proceed(CglibAopProxy.java:768)
	at org.springframework.transaction.interceptor.TransactionInterceptor$1.proceedWithInvocation(TransactionInterceptor.java:123)
	at org.springframework.transaction.interceptor.TransactionAspectSupport.invokeWithinTransaction(TransactionAspectSupport.java:392)
	at org.springframework.transaction.interceptor.TransactionInterceptor.invoke(TransactionInterceptor.java:119)
	at org.springframework.aop.framework.ReflectiveMethodInvocation.proceed(ReflectiveMethodInvocation.java:184)
	at org.springframework.aop.framework.CglibAopProxy$CglibMethodInvocation.proceed(CglibAopProxy.java:768)
	at org.springframework.aop.framework.CglibAopProxy$DynamicAdvisedInterceptor.intercept(CglibAopProxy.java:720)
	at com.banking.creditjourney.document.service.DocumentServiceImpl$$SpringCGLIB$$0.documentDeletes(<generated>)
	at com.banking.creditjourney.document.controller.DocumentController.documentDelete(DocumentController.java:97)
	at java.base/jdk.internal.reflect.DirectMethodHandleAccessor.invoke(DirectMethodHandleAccessor.java:103)
	at java.base/java.lang.reflect.Method.invoke(Method.java:580)
	at org.springframework.web.method.support.InvocableHandlerMethod.doInvoke(InvocableHandlerMethod.java:255)
	at org.springframework.web.method.support.InvocableHandlerMethod.invokeForRequest(InvocableHandlerMethod.java:188)
	at org.springframework.web.servlet.mvc.method.annotation.ServletInvocableHandlerMethod.invokeAndHandle(ServletInvocableHandlerMethod.java:118)
	at org.springframework.web.servlet.mvc.method.annotation.RequestMappingHandlerAdapter.invokeHandlerMethod(RequestMappingHandlerAdapter.java:926)
	at org.springframework.web.servlet.mvc.method.annotation.RequestMappingHandlerAdapter.handleInternal(RequestMappingHandlerAdapter.java:831)
	at org.springframework.web.servlet.mvc.method.AbstractHandlerMethodAdapter.handle(AbstractHandlerMethodAdapter.java:87)
	at org.springframework.web.servlet.DispatcherServlet.doDispatch(DispatcherServlet.java:1089)
	at org.springframework.web.servlet.DispatcherServlet.doService(DispatcherServlet.java:979)
	at org.springframework.web.servlet.FrameworkServlet.processRequest(FrameworkServlet.java:1014)
	at org.springframework.web.servlet.FrameworkServlet.doDelete(FrameworkServlet.java:936)
	at jakarta.servlet.http.HttpServlet.service(HttpServlet.java:596)
	at org.springframework.web.servlet.FrameworkServlet.service(FrameworkServlet.java:885)
	at jakarta.servlet.http.HttpServlet.service(HttpServlet.java:658)
	at org.apache.catalina.core.ApplicationFilterChain.internalDoFilter(ApplicationFilterChain.java:195)
	at org.apache.catalina.core.ApplicationFilterChain.doFilter(ApplicationFilterChain.java:140)
	at org.apache.tomcat.websocket.server.WsFilter.doFilter(WsFilter.java:51)
	at org.apache.catalina.core.ApplicationFilterChain.internalDoFilter(ApplicationFilterChain.java:164)
	at org.apache.catalina.core.ApplicationFilterChain.doFilter(ApplicationFilterChain.java:140)
	at org.springframework.web.filter.OncePerRequestFilter.doFilter(OncePerRequestFilter.java:110)
	at org.apache.catalina.core.ApplicationFilterChain.internalDoFilter(ApplicationFilterChain.java:164)
	at org.apache.catalina.core.ApplicationFilterChain.doFilter(ApplicationFilterChain.java:140)
	at com.banking.creditjourney.document.security.CorrelationIdFilter.doFilterInternal(CorrelationIdFilter.java:31)
	at org.springframework.web.filter.OncePerRequestFilter.doFilter(OncePerRequestFilter.java:116)
	at org.apache.catalina.core.ApplicationFilterChain.internalDoFilter(ApplicationFilterChain.java:164)
	at org.apache.catalina.core.ApplicationFilterChain.doFilter(ApplicationFilterChain.java:140)
	at org.springframework.web.filter.CompositeFilter$VirtualFilterChain.doFilter(CompositeFilter.java:108)
	at org.springframework.security.web.FilterChainProxy.lambda$doFilterInternal$3(FilterChainProxy.java:231)
	at org.springframework.security.web.ObservationFilterChainDecorator$FilterObservation$SimpleFilterObservation.lambda$wrap$1(ObservationFilterChainDecorator.java:479)
	at org.springframework.security.web.ObservationFilterChainDecorator$AroundFilterObservation$SimpleAroundFilterObservation.lambda$wrap$1(ObservationFilterChainDecorator.java:340)
	at org.springframework.security.web.ObservationFilterChainDecorator.lambda$wrapSecured$0(ObservationFilterChainDecorator.java:82)
	at org.springframework.security.web.ObservationFilterChainDecorator$VirtualFilterChain.doFilter(ObservationFilterChainDecorator.java:128)
	at org.springframework.security.web.access.intercept.AuthorizationFilter.doFilter(AuthorizationFilter.java:100)
	at org.springframework.security.web.ObservationFilterChainDecorator$ObservationFilter.wrapFilter(ObservationFilterChainDecorator.java:240)
	at org.springframework.security.web.ObservationFilterChainDecorator$ObservationFilter.doFilter(ObservationFilterChainDecorator.java:227)
	at org.springframework.security.web.ObservationFilterChainDecorator$VirtualFilterChain.doFilter(ObservationFilterChainDecorator.java:137)
	at org.springframework.security.web.access.ExceptionTranslationFilter.doFilter(ExceptionTranslationFilter.java:126)
	at org.springframework.security.web.access.ExceptionTranslationFilter.doFilter(ExceptionTranslationFilter.java:120)
	at org.springframework.security.web.ObservationFilterChainDecorator$ObservationFilter.wrapFilter(ObservationFilterChainDecorator.java:240)
	at org.springframework.security.web.ObservationFilterChainDecorator$ObservationFilter.doFilter(ObservationFilterChainDecorator.java:227)
	at org.springframework.security.web.ObservationFilterChainDecorator$VirtualFilterChain.doFilter(ObservationFilterChainDecorator.java:137)
	at org.springframework.security.web.authentication.AnonymousAuthenticationFilter.doFilter(AnonymousAuthenticationFilter.java:100)
	at org.springframework.security.web.ObservationFilterChainDecorator$ObservationFilter.wrapFilter(ObservationFilterChainDecorator.java:240)
	at org.springframework.security.web.ObservationFilterChainDecorator$ObservationFilter.doFilter(ObservationFilterChainDecorator.java:227)
	at org.springframework.security.web.ObservationFilterChainDecorator$VirtualFilterChain.doFilter(ObservationFilterChainDecorator.java:137)
	at org.springframework.security.web.servletapi.SecurityContextHolderAwareRequestFilter.doFilter(SecurityContextHolderAwareRequestFilter.java:179)
	at org.springframework.security.web.ObservationFilterChainDecorator$ObservationFilter.wrapFilter(ObservationFilterChainDecorator.java:240)
	at org.springframework.security.web.ObservationFilterChainDecorator$ObservationFilter.doFilter(ObservationFilterChainDecorator.java:227)
	at org.springframework.security.web.ObservationFilterChainDecorator$VirtualFilterChain.doFilter(ObservationFilterChainDecorator.java:137)
	at org.springframework.security.web.savedrequest.RequestCacheAwareFilter.doFilter(RequestCacheAwareFilter.java:63)
	at org.springframework.security.web.ObservationFilterChainDecorator$ObservationFilter.wrapFilter(ObservationFilterChainDecorator.java:240)
	at org.springframework.security.web.ObservationFilterChainDecorator$ObservationFilter.doFilter(ObservationFilterChainDecorator.java:227)
	at org.springframework.security.web.ObservationFilterChainDecorator$VirtualFilterChain.doFilter(ObservationFilterChainDecorator.java:137)
	at org.springframework.security.web.authentication.www.BasicAuthenticationFilter.doFilterInternal(BasicAuthenticationFilter.java:181)
	at org.springframework.web.filter.OncePerRequestFilter.doFilter(OncePerRequestFilter.java:116)
	at org.springframework.security.web.ObservationFilterChainDecorator$ObservationFilter.wrapFilter(ObservationFilterChainDecorator.java:240)
	at org.springframework.security.web.ObservationFilterChainDecorator$ObservationFilter.doFilter(ObservationFilterChainDecorator.java:227)
	at org.springframework.security.web.ObservationFilterChainDecorator$VirtualFilterChain.doFilter(ObservationFilterChainDecorator.java:137)
	at com.banking.creditjourney.document.security.JwtAuthenticationFilter.doFilterInternal(JwtAuthenticationFilter.java:34)
	at org.springframework.web.filter.OncePerRequestFilter.doFilter(OncePerRequestFilter.java:116)
	at org.springframework.security.web.ObservationFilterChainDecorator$ObservationFilter.wrapFilter(ObservationFilterChainDecorator.java:240)
	at org.springframework.security.web.ObservationFilterChainDecorator$ObservationFilter.doFilter(ObservationFilterChainDecorator.java:227)
	at org.springframework.security.web.ObservationFilterChainDecorator$VirtualFilterChain.doFilter(ObservationFilterChainDecorator.java:137)
	at org.springframework.security.web.authentication.logout.LogoutFilter.doFilter(LogoutFilter.java:107)
	at org.springframework.security.web.authentication.logout.LogoutFilter.doFilter(LogoutFilter.java:93)
	at org.springframework.security.web.ObservationFilterChainDecorator$ObservationFilter.wrapFilter(ObservationFilterChainDecorator.java:240)
	at org.springframework.security.web.ObservationFilterChainDecorator$ObservationFilter.doFilter(ObservationFilterChainDecorator.java:227)
	at org.springframework.security.web.ObservationFilterChainDecorator$VirtualFilterChain.doFilter(ObservationFilterChainDecorator.java:137)
	at org.springframework.web.filter.CorsFilter.doFilterInternal(CorsFilter.java:91)
	at org.springframework.web.filter.OncePerRequestFilter.doFilter(OncePerRequestFilter.java:116)
	at org.springframework.security.web.ObservationFilterChainDecorator$ObservationFilter.wrapFilter(ObservationFilterChainDecorator.java:240)
	at org.springframework.security.web.ObservationFilterChainDecorator$ObservationFilter.doFilter(ObservationFilterChainDecorator.java:227)
	at org.springframework.security.web.ObservationFilterChainDecorator$VirtualFilterChain.doFilter(ObservationFilterChainDecorator.java:137)
	at org.springframework.security.web.header.HeaderWriterFilter.doHeadersAfter(HeaderWriterFilter.java:90)
	at org.springframework.security.web.header.HeaderWriterFilter.doFilterInternal(HeaderWriterFilter.java:75)
	at org.springframework.web.filter.OncePerRequestFilter.doFilter(OncePerRequestFilter.java:116)
	at org.springframework.security.web.ObservationFilterChainDecorator$ObservationFilter.wrapFilter(ObservationFilterChainDecorator.java:240)
	at org.springframework.security.web.ObservationFilterChainDecorator$ObservationFilter.doFilter(ObservationFilterChainDecorator.java:227)
	at org.springframework.security.web.ObservationFilterChainDecorator$VirtualFilterChain.doFilter(ObservationFilterChainDecorator.java:137)
	at org.springframework.security.web.context.SecurityContextHolderFilter.doFilter(SecurityContextHolderFilter.java:82)
	at org.springframework.security.web.context.SecurityContextHolderFilter.doFilter(SecurityContextHolderFilter.java:69)
	at org.springframework.security.web.ObservationFilterChainDecorator$ObservationFilter.wrapFilter(ObservationFilterChainDecorator.java:240)
	at org.springframework.security.web.ObservationFilterChainDecorator$ObservationFilter.doFilter(ObservationFilterChainDecorator.java:227)
	at org.springframework.security.web.ObservationFilterChainDecorator$VirtualFilterChain.doFilter(ObservationFilterChainDecorator.java:137)
	at org.springframework.security.web.context.request.async.WebAsyncManagerIntegrationFilter.doFilterInternal(WebAsyncManagerIntegrationFilter.java:62)
	at org.springframework.web.filter.OncePerRequestFilter.doFilter(OncePerRequestFilter.java:116)
	at org.springframework.security.web.ObservationFilterChainDecorator$ObservationFilter.wrapFilter(ObservationFilterChainDecorator.java:240)
	at org.springframework.security.web.ObservationFilterChainDecorator$ObservationFilter.doFilter(ObservationFilterChainDecorator.java:227)
	at org.springframework.security.web.ObservationFilterChainDecorator$VirtualFilterChain.doFilter(ObservationFilterChainDecorator.java:137)
	at org.springframework.security.web.session.DisableEncodeUrlFilter.doFilterInternal(DisableEncodeUrlFilter.java:42)
	at org.springframework.web.filter.OncePerRequestFilter.doFilter(OncePerRequestFilter.java:116)
	at org.springframework.security.web.ObservationFilterChainDecorator$ObservationFilter.wrapFilter(ObservationFilterChainDecorator.java:240)
	at org.springframework.security.web.ObservationFilterChainDecorator$AroundFilterObservation$SimpleAroundFilterObservation.lambda$wrap$0(ObservationFilterChainDecorator.java:323)
	at org.springframework.security.web.ObservationFilterChainDecorator$ObservationFilter.doFilter(ObservationFilterChainDecorator.java:224)
	at org.springframework.security.web.ObservationFilterChainDecorator$VirtualFilterChain.doFilter(ObservationFilterChainDecorator.java:137)
	at org.springframework.security.web.FilterChainProxy.doFilterInternal(FilterChainProxy.java:233)
	at org.springframework.security.web.FilterChainProxy.doFilter(FilterChainProxy.java:191)
	at org.springframework.web.filter.CompositeFilter$VirtualFilterChain.doFilter(CompositeFilter.java:113)
	at org.springframework.web.servlet.handler.HandlerMappingIntrospector.lambda$createCacheFilter$3(HandlerMappingIntrospector.java:195)
	at org.springframework.web.filter.CompositeFilter$VirtualFilterChain.doFilter(CompositeFilter.java:113)
	at org.springframework.web.filter.CompositeFilter.doFilter(CompositeFilter.java:74)
	at org.springframework.security.config.annotation.web.configuration.WebMvcSecurityConfiguration$CompositeFilterChainProxy.doFilter(WebMvcSecurityConfiguration.java:230)
	at org.springframework.web.filter.DelegatingFilterProxy.invokeDelegate(DelegatingFilterProxy.java:352)
	at org.springframework.web.filter.DelegatingFilterProxy.doFilter(DelegatingFilterProxy.java:268)
	at org.apache.catalina.core.ApplicationFilterChain.internalDoFilter(ApplicationFilterChain.java:164)
	at org.apache.catalina.core.ApplicationFilterChain.doFilter(ApplicationFilterChain.java:140)
	at org.springframework.web.filter.RequestContextFilter.doFilterInternal(RequestContextFilter.java:100)
	at org.springframework.web.filter.OncePerRequestFilter.doFilter(OncePerRequestFilter.java:116)
	at org.apache.catalina.core.ApplicationFilterChain.internalDoFilter(ApplicationFilterChain.java:164)
	at org.apache.catalina.core.ApplicationFilterChain.doFilter(ApplicationFilterChain.java:140)
	at org.springframework.web.filter.FormContentFilter.doFilterInternal(FormContentFilter.java:93)
	at org.springframework.web.filter.OncePerRequestFilter.doFilter(OncePerRequestFilter.java:116)
	at org.apache.catalina.core.ApplicationFilterChain.internalDoFilter(ApplicationFilterChain.java:164)
	at org.apache.catalina.core.ApplicationFilterChain.doFilter(ApplicationFilterChain.java:140)
	at org.springframework.web.filter.ServerHttpObservationFilter.doFilterInternal(ServerHttpObservationFilter.java:107)
	at org.springframework.web.filter.OncePerRequestFilter.doFilter(OncePerRequestFilter.java:116)
	at org.apache.catalina.core.ApplicationFilterChain.internalDoFilter(ApplicationFilterChain.java:164)
	at org.apache.catalina.core.ApplicationFilterChain.doFilter(ApplicationFilterChain.java:140)
	at org.springframework.web.filter.CharacterEncodingFilter.doFilterInternal(CharacterEncodingFilter.java:201)
	at org.springframework.web.filter.OncePerRequestFilter.doFilter(OncePerRequestFilter.java:116)
	at org.apache.catalina.core.ApplicationFilterChain.internalDoFilter(ApplicationFilterChain.java:164)
	at org.apache.catalina.core.ApplicationFilterChain.doFilter(ApplicationFilterChain.java:140)
	at org.apache.catalina.core.StandardWrapperValve.invoke(StandardWrapperValve.java:167)
	at org.apache.catalina.core.StandardContextValve.invoke(StandardContextValve.java:90)
	at org.apache.catalina.authenticator.AuthenticatorBase.invoke(AuthenticatorBase.java:482)
	at org.apache.catalina.core.StandardHostValve.invoke(StandardHostValve.java:115)
	at org.apache.catalina.valves.ErrorReportValve.invoke(ErrorReportValve.java:93)
	at org.apache.catalina.core.StandardEngineValve.invoke(StandardEngineValve.java:74)
	at org.apache.catalina.connector.CoyoteAdapter.service(CoyoteAdapter.java:344)
	at org.apache.coyote.http11.Http11Processor.service(Http11Processor.java:389)
	at org.apache.coyote.AbstractProcessorLight.process(AbstractProcessorLight.java:63)
	at org.apache.coyote.AbstractProtocol$ConnectionHandler.process(AbstractProtocol.java:904)
	at org.apache.tomcat.util.net.NioEndpoint$SocketProcessor.doRun(NioEndpoint.java:1741)
	at org.apache.tomcat.util.net.SocketProcessorBase.run(SocketProcessorBase.java:52)
	at org.apache.tomcat.util.threads.ThreadPoolExecutor.runWorker(ThreadPoolExecutor.java:1190)
	at org.apache.tomcat.util.threads.ThreadPoolExecutor$Worker.run(ThreadPoolExecutor.java:659)
	at org.apache.tomcat.util.threads.TaskThread$WrappingRunnable.run(TaskThread.java:63)
	at java.base/java.lang.Thread.run(Thread.java:1583)
2026-02-02 17:44:13.298 [http-nio-8080-exec-5] INFO  c.b.c.d.c.DocumentController [c46031d9-de21-4d15-a71a-e848e3466b63] - Document delete API starts:  /documentsDelete | request=DeleteDocumentRequest(documentIds=[2], deleteType=SOFT, reason=Not needed further) | userId=suyogita.shivare@accenture.com
2026-02-02 17:44:13.299 [http-nio-8080-exec-5] INFO  c.b.c.d.service.DocumentServiceImpl [c46031d9-de21-4d15-a71a-e848e3466b63] - Delete document(s) start: deleteDocumentRequest=DeleteDocumentRequest(documentIds=[2], deleteType=SOFT, reason=Not needed further) | user=suyogita.shivare@accenture.com |deleteType=SOFT
2026-02-02 17:44:18.715 [http-nio-8080-exec-5] DEBUG o.s.jdbc.core.JdbcTemplate [c46031d9-de21-4d15-a71a-e848e3466b63] - Executing prepared SQL query
2026-02-02 17:44:18.716 [http-nio-8080-exec-5] DEBUG o.s.jdbc.core.JdbcTemplate [c46031d9-de21-4d15-a71a-e848e3466b63] - Executing prepared SQL statement [SELECT
 documentid,
 user_id,
 file_name,
 file_type,
 file_size,
 checksum,
 storage_path,
 is_deleted AS file_deleted,created_at,
 updated_at FROM documents
WHERE documentid IN (?)
AND user_id = ?
]
2026-02-02 17:44:18.717 [http-nio-8080-exec-5] DEBUG o.s.jdbc.core.BeanPropertyRowMapper [c46031d9-de21-4d15-a71a-e848e3466b63] - Mapping column 'DOCUMENTID' to property 'documentId' of type 'java.lang.Long'
2026-02-02 17:44:18.718 [http-nio-8080-exec-5] DEBUG o.s.jdbc.core.BeanPropertyRowMapper [c46031d9-de21-4d15-a71a-e848e3466b63] - Mapping column 'USER_ID' to property 'userId' of type 'java.lang.String'
2026-02-02 17:44:18.718 [http-nio-8080-exec-5] DEBUG o.s.jdbc.core.BeanPropertyRowMapper [c46031d9-de21-4d15-a71a-e848e3466b63] - Mapping column 'FILE_NAME' to property 'fileName' of type 'java.lang.String'
2026-02-02 17:44:18.718 [http-nio-8080-exec-5] DEBUG o.s.jdbc.core.BeanPropertyRowMapper [c46031d9-de21-4d15-a71a-e848e3466b63] - Mapping column 'FILE_TYPE' to property 'fileType' of type 'java.lang.String'
2026-02-02 17:44:18.719 [http-nio-8080-exec-5] DEBUG o.s.jdbc.core.BeanPropertyRowMapper [c46031d9-de21-4d15-a71a-e848e3466b63] - Mapping column 'FILE_SIZE' to property 'fileSize' of type 'java.lang.Long'
2026-02-02 17:44:18.719 [http-nio-8080-exec-5] DEBUG o.s.jdbc.core.BeanPropertyRowMapper [c46031d9-de21-4d15-a71a-e848e3466b63] - Mapping column 'CHECKSUM' to property 'checksum' of type 'java.lang.String'
2026-02-02 17:44:18.719 [http-nio-8080-exec-5] DEBUG o.s.jdbc.core.BeanPropertyRowMapper [c46031d9-de21-4d15-a71a-e848e3466b63] - Mapping column 'STORAGE_PATH' to property 'storagePath' of type 'java.lang.String'
2026-02-02 17:44:18.719 [http-nio-8080-exec-5] DEBUG o.s.jdbc.core.BeanPropertyRowMapper [c46031d9-de21-4d15-a71a-e848e3466b63] - Mapping column 'FILE_DELETED' to property 'fileDeleted' of type 'boolean'
2026-02-02 17:44:18.719 [http-nio-8080-exec-5] DEBUG o.s.jdbc.core.BeanPropertyRowMapper [c46031d9-de21-4d15-a71a-e848e3466b63] - Mapping column 'CREATED_AT' to property 'createdAt' of type 'java.time.LocalDateTime'
2026-02-02 17:44:18.719 [http-nio-8080-exec-5] DEBUG o.s.jdbc.core.BeanPropertyRowMapper [c46031d9-de21-4d15-a71a-e848e3466b63] - Mapping column 'UPDATED_AT' to property 'updatedAt' of type 'java.time.LocalDateTime'
2026-02-02 17:44:18.719 [http-nio-8080-exec-5] INFO  c.b.c.d.service.DocumentServiceImpl [c46031d9-de21-4d15-a71a-e848e3466b63] - Fetched documents from DB= | requested=1 | found=1 
2026-02-02 17:44:25.097 [http-nio-8080-exec-5] INFO  c.b.c.d.service.DocumentServiceImpl [c46031d9-de21-4d15-a71a-e848e3466b63] - Document split| active(non-deleted)=1 | softDeleted=+0 
2026-02-02 17:45:49.494 [http-nio-8080-exec-5] INFO  c.b.c.d.service.DocumentServiceImpl [c46031d9-de21-4d15-a71a-e848e3466b63] - Soft delete initiared..
2026-02-02 17:46:24.388 [http-nio-8080-exec-5] DEBUG o.s.jdbc.core.JdbcTemplate [c46031d9-de21-4d15-a71a-e848e3466b63] - Executing prepared SQL update
2026-02-02 17:46:24.388 [http-nio-8080-exec-5] DEBUG o.s.jdbc.core.JdbcTemplate [c46031d9-de21-4d15-a71a-e848e3466b63] - Executing prepared SQL statement [INSERT INTO document_audit(documentid,action,performed_by,reason)
VALUES (?, ?, ?, ?)
]
2026-02-02 17:48:42.667 [http-nio-8080-exec-5] INFO  c.b.c.d.service.DocumentServiceImpl [c46031d9-de21-4d15-a71a-e848e3466b63] - Soft delete initiared for DB..
2026-02-02 17:49:42.419 [http-nio-8080-exec-5] DEBUG o.s.jdbc.core.JdbcTemplate [c46031d9-de21-4d15-a71a-e848e3466b63] - Executing prepared SQL update
2026-02-02 17:49:42.420 [http-nio-8080-exec-5] DEBUG o.s.jdbc.core.JdbcTemplate [c46031d9-de21-4d15-a71a-e848e3466b63] - Executing prepared SQL statement [UPDATE documents
SET is_deleted = true,
    deleted_at = CURRENT_TIMESTAMP,
    deleted_by = ?,
    user_id= ?
WHERE documentid IN (?)
]
2026-02-02 17:49:44.435 [http-nio-8080-exec-5] WARN  c.zaxxer.hikari.pool.ProxyConnection [c46031d9-de21-4d15-a71a-e848e3466b63] - HikariPool-1 - Connection conn1: url=jdbc:h2:file:C:/Document_Management/h2/documentdb user=SA marked as broken because of SQLSTATE(HYT00), ErrorCode(50200)
org.h2.jdbc.JdbcSQLTimeoutException: Timeout trying to lock table "DOCUMENTS"; SQL statement:
UPDATE documents
SET is_deleted = true,
    deleted_at = CURRENT_TIMESTAMP,
    deleted_by = ?,
    user_id= ?
WHERE documentid IN (?) [50200-224]
	at org.h2.message.DbException.getJdbcSQLException(DbException.java:572)
	at org.h2.message.DbException.getJdbcSQLException(DbException.java:489)
	at org.h2.message.DbException.get(DbException.java:212)
	at org.h2.mvstore.db.MVTable.convertException(MVTable.java:695)
	at org.h2.mvstore.db.MVTable.convertLockException(MVTable.java:689)
	at org.h2.mvstore.db.MVPrimaryIndex.lockRow(MVPrimaryIndex.java:227)
	at org.h2.mvstore.db.MVPrimaryIndex.lockRow(MVPrimaryIndex.java:220)
	at org.h2.mvstore.db.MVTable.lockRow(MVTable.java:555)
	at org.h2.command.dml.Update.update(Update.java:70)
	at org.h2.command.dml.DataChangeStatement.update(DataChangeStatement.java:74)
	at org.h2.command.CommandContainer.update(CommandContainer.java:169)
	at org.h2.command.Command.executeUpdate(Command.java:256)
	at org.h2.jdbc.JdbcPreparedStatement.executeUpdateInternal(JdbcPreparedStatement.java:216)
	at org.h2.jdbc.JdbcPreparedStatement.executeUpdate(JdbcPreparedStatement.java:174)
	at com.zaxxer.hikari.pool.ProxyPreparedStatement.executeUpdate(ProxyPreparedStatement.java:61)
	at com.zaxxer.hikari.pool.HikariProxyPreparedStatement.executeUpdate(HikariProxyPreparedStatement.java)
	at org.springframework.jdbc.core.JdbcTemplate.lambda$update$2(JdbcTemplate.java:975)
	at org.springframework.jdbc.core.JdbcTemplate.execute(JdbcTemplate.java:658)
	at org.springframework.jdbc.core.JdbcTemplate.update(JdbcTemplate.java:970)
	at org.springframework.jdbc.core.JdbcTemplate.update(JdbcTemplate.java:991)
	at org.springframework.jdbc.core.namedparam.NamedParameterJdbcTemplate.update(NamedParameterJdbcTemplate.java:337)
	at com.banking.creditjourney.document.repository.DocumentRepository.softDeleteByIds(DocumentRepository.java:73)
	at java.base/jdk.internal.reflect.DirectMethodHandleAccessor.invoke(DirectMethodHandleAccessor.java:103)
	at java.base/java.lang.reflect.Method.invoke(Method.java:580)
	at org.springframework.aop.support.AopUtils.invokeJoinpointUsingReflection(AopUtils.java:354)
	at org.springframework.aop.framework.ReflectiveMethodInvocation.invokeJoinpoint(ReflectiveMethodInvocation.java:196)
	at org.springframework.aop.framework.ReflectiveMethodInvocation.proceed(ReflectiveMethodInvocation.java:163)
	at org.springframework.aop.framework.CglibAopProxy$CglibMethodInvocation.proceed(CglibAopProxy.java:768)
	at org.springframework.dao.support.PersistenceExceptionTranslationInterceptor.invoke(PersistenceExceptionTranslationInterceptor.java:138)
	at org.springframework.aop.framework.ReflectiveMethodInvocation.proceed(ReflectiveMethodInvocation.java:184)
	at org.springframework.aop.framework.CglibAopProxy$CglibMethodInvocation.proceed(CglibAopProxy.java:768)
	at org.springframework.aop.framework.CglibAopProxy$DynamicAdvisedInterceptor.intercept(CglibAopProxy.java:720)
	at com.banking.creditjourney.document.repository.DocumentRepository$$SpringCGLIB$$0.softDeleteByIds(<generated>)
	at com.banking.creditjourney.document.service.DocumentServiceImpl.documentDeletes(DocumentServiceImpl.java:138)
	at java.base/jdk.internal.reflect.DirectMethodHandleAccessor.invoke(DirectMethodHandleAccessor.java:103)
	at java.base/java.lang.reflect.Method.invoke(Method.java:580)
	at org.springframework.aop.support.AopUtils.invokeJoinpointUsingReflection(AopUtils.java:354)
	at org.springframework.aop.framework.ReflectiveMethodInvocation.invokeJoinpoint(ReflectiveMethodInvocation.java:196)
	at org.springframework.aop.framework.ReflectiveMethodInvocation.proceed(ReflectiveMethodInvocation.java:163)
	at org.springframework.aop.framework.CglibAopProxy$CglibMethodInvocation.proceed(CglibAopProxy.java:768)
	at org.springframework.transaction.interceptor.TransactionInterceptor$1.proceedWithInvocation(TransactionInterceptor.java:123)
	at org.springframework.transaction.interceptor.TransactionAspectSupport.invokeWithinTransaction(TransactionAspectSupport.java:392)
	at org.springframework.transaction.interceptor.TransactionInterceptor.invoke(TransactionInterceptor.java:119)
	at org.springframework.aop.framework.ReflectiveMethodInvocation.proceed(ReflectiveMethodInvocation.java:184)
	at org.springframework.aop.framework.CglibAopProxy$CglibMethodInvocation.proceed(CglibAopProxy.java:768)
	at org.springframework.aop.framework.CglibAopProxy$DynamicAdvisedInterceptor.intercept(CglibAopProxy.java:720)
	at com.banking.creditjourney.document.service.DocumentServiceImpl$$SpringCGLIB$$0.documentDeletes(<generated>)
	at com.banking.creditjourney.document.controller.DocumentController.documentDelete(DocumentController.java:97)
	at java.base/jdk.internal.reflect.DirectMethodHandleAccessor.invoke(DirectMethodHandleAccessor.java:103)
	at java.base/java.lang.reflect.Method.invoke(Method.java:580)
	at org.springframework.web.method.support.InvocableHandlerMethod.doInvoke(InvocableHandlerMethod.java:255)
	at org.springframework.web.method.support.InvocableHandlerMethod.invokeForRequest(InvocableHandlerMethod.java:188)
	at org.springframework.web.servlet.mvc.method.annotation.ServletInvocableHandlerMethod.invokeAndHandle(ServletInvocableHandlerMethod.java:118)
	at org.springframework.web.servlet.mvc.method.annotation.RequestMappingHandlerAdapter.invokeHandlerMethod(RequestMappingHandlerAdapter.java:926)
	at org.springframework.web.servlet.mvc.method.annotation.RequestMappingHandlerAdapter.handleInternal(RequestMappingHandlerAdapter.java:831)
	at org.springframework.web.servlet.mvc.method.AbstractHandlerMethodAdapter.handle(AbstractHandlerMethodAdapter.java:87)
	at org.springframework.web.servlet.DispatcherServlet.doDispatch(DispatcherServlet.java:1089)
	at org.springframework.web.servlet.DispatcherServlet.doService(DispatcherServlet.java:979)
	at org.springframework.web.servlet.FrameworkServlet.processRequest(FrameworkServlet.java:1014)
	at org.springframework.web.servlet.FrameworkServlet.doDelete(FrameworkServlet.java:936)
	at jakarta.servlet.http.HttpServlet.service(HttpServlet.java:596)
	at org.springframework.web.servlet.FrameworkServlet.service(FrameworkServlet.java:885)
	at jakarta.servlet.http.HttpServlet.service(HttpServlet.java:658)
	at org.apache.catalina.core.ApplicationFilterChain.internalDoFilter(ApplicationFilterChain.java:195)
	at org.apache.catalina.core.ApplicationFilterChain.doFilter(ApplicationFilterChain.java:140)
	at org.apache.tomcat.websocket.server.WsFilter.doFilter(WsFilter.java:51)
	at org.apache.catalina.core.ApplicationFilterChain.internalDoFilter(ApplicationFilterChain.java:164)
	at org.apache.catalina.core.ApplicationFilterChain.doFilter(ApplicationFilterChain.java:140)
	at org.springframework.web.filter.OncePerRequestFilter.doFilter(OncePerRequestFilter.java:110)
	at org.apache.catalina.core.ApplicationFilterChain.internalDoFilter(ApplicationFilterChain.java:164)
	at org.apache.catalina.core.ApplicationFilterChain.doFilter(ApplicationFilterChain.java:140)
	at com.banking.creditjourney.document.security.CorrelationIdFilter.doFilterInternal(CorrelationIdFilter.java:31)
	at org.springframework.web.filter.OncePerRequestFilter.doFilter(OncePerRequestFilter.java:116)
	at org.apache.catalina.core.ApplicationFilterChain.internalDoFilter(ApplicationFilterChain.java:164)
	at org.apache.catalina.core.ApplicationFilterChain.doFilter(ApplicationFilterChain.java:140)
	at org.springframework.web.filter.CompositeFilter$VirtualFilterChain.doFilter(CompositeFilter.java:108)
	at org.springframework.security.web.FilterChainProxy.lambda$doFilterInternal$3(FilterChainProxy.java:231)
	at org.springframework.security.web.ObservationFilterChainDecorator$FilterObservation$SimpleFilterObservation.lambda$wrap$1(ObservationFilterChainDecorator.java:479)
	at org.springframework.security.web.ObservationFilterChainDecorator$AroundFilterObservation$SimpleAroundFilterObservation.lambda$wrap$1(ObservationFilterChainDecorator.java:340)
	at org.springframework.security.web.ObservationFilterChainDecorator.lambda$wrapSecured$0(ObservationFilterChainDecorator.java:82)
	at org.springframework.security.web.ObservationFilterChainDecorator$VirtualFilterChain.doFilter(ObservationFilterChainDecorator.java:128)
	at org.springframework.security.web.access.intercept.AuthorizationFilter.doFilter(AuthorizationFilter.java:100)
	at org.springframework.security.web.ObservationFilterChainDecorator$ObservationFilter.wrapFilter(ObservationFilterChainDecorator.java:240)
	at org.springframework.security.web.ObservationFilterChainDecorator$ObservationFilter.doFilter(ObservationFilterChainDecorator.java:227)
	at org.springframework.security.web.ObservationFilterChainDecorator$VirtualFilterChain.doFilter(ObservationFilterChainDecorator.java:137)
	at org.springframework.security.web.access.ExceptionTranslationFilter.doFilter(ExceptionTranslationFilter.java:126)
	at org.springframework.security.web.access.ExceptionTranslationFilter.doFilter(ExceptionTranslationFilter.java:120)
	at org.springframework.security.web.ObservationFilterChainDecorator$ObservationFilter.wrapFilter(ObservationFilterChainDecorator.java:240)
	at org.springframework.security.web.ObservationFilterChainDecorator$ObservationFilter.doFilter(ObservationFilterChainDecorator.java:227)
	at org.springframework.security.web.ObservationFilterChainDecorator$VirtualFilterChain.doFilter(ObservationFilterChainDecorator.java:137)
	at org.springframework.security.web.authentication.AnonymousAuthenticationFilter.doFilter(AnonymousAuthenticationFilter.java:100)
	at org.springframework.security.web.ObservationFilterChainDecorator$ObservationFilter.wrapFilter(ObservationFilterChainDecorator.java:240)
	at org.springframework.security.web.ObservationFilterChainDecorator$ObservationFilter.doFilter(ObservationFilterChainDecorator.java:227)
	at org.springframework.security.web.ObservationFilterChainDecorator$VirtualFilterChain.doFilter(ObservationFilterChainDecorator.java:137)
	at org.springframework.security.web.servletapi.SecurityContextHolderAwareRequestFilter.doFilter(SecurityContextHolderAwareRequestFilter.java:179)
	at org.springframework.security.web.ObservationFilterChainDecorator$ObservationFilter.wrapFilter(ObservationFilterChainDecorator.java:240)
	at org.springframework.security.web.ObservationFilterChainDecorator$ObservationFilter.doFilter(ObservationFilterChainDecorator.java:227)
	at org.springframework.security.web.ObservationFilterChainDecorator$VirtualFilterChain.doFilter(ObservationFilterChainDecorator.java:137)
	at org.springframework.security.web.savedrequest.RequestCacheAwareFilter.doFilter(RequestCacheAwareFilter.java:63)
	at org.springframework.security.web.ObservationFilterChainDecorator$ObservationFilter.wrapFilter(ObservationFilterChainDecorator.java:240)
	at org.springframework.security.web.ObservationFilterChainDecorator$ObservationFilter.doFilter(ObservationFilterChainDecorator.java:227)
	at org.springframework.security.web.ObservationFilterChainDecorator$VirtualFilterChain.doFilter(ObservationFilterChainDecorator.java:137)
	at org.springframework.security.web.authentication.www.BasicAuthenticationFilter.doFilterInternal(BasicAuthenticationFilter.java:181)
	at org.springframework.web.filter.OncePerRequestFilter.doFilter(OncePerRequestFilter.java:116)
	at org.springframework.security.web.ObservationFilterChainDecorator$ObservationFilter.wrapFilter(ObservationFilterChainDecorator.java:240)
	at org.springframework.security.web.ObservationFilterChainDecorator$ObservationFilter.doFilter(ObservationFilterChainDecorator.java:227)
	at org.springframework.security.web.ObservationFilterChainDecorator$VirtualFilterChain.doFilter(ObservationFilterChainDecorator.java:137)
	at com.banking.creditjourney.document.security.JwtAuthenticationFilter.doFilterInternal(JwtAuthenticationFilter.java:34)
	at org.springframework.web.filter.OncePerRequestFilter.doFilter(OncePerRequestFilter.java:116)
	at org.springframework.security.web.ObservationFilterChainDecorator$ObservationFilter.wrapFilter(ObservationFilterChainDecorator.java:240)
	at org.springframework.security.web.ObservationFilterChainDecorator$ObservationFilter.doFilter(ObservationFilterChainDecorator.java:227)
	at org.springframework.security.web.ObservationFilterChainDecorator$VirtualFilterChain.doFilter(ObservationFilterChainDecorator.java:137)
	at org.springframework.security.web.authentication.logout.LogoutFilter.doFilter(LogoutFilter.java:107)
	at org.springframework.security.web.authentication.logout.LogoutFilter.doFilter(LogoutFilter.java:93)
	at org.springframework.security.web.ObservationFilterChainDecorator$ObservationFilter.wrapFilter(ObservationFilterChainDecorator.java:240)
	at org.springframework.security.web.ObservationFilterChainDecorator$ObservationFilter.doFilter(ObservationFilterChainDecorator.java:227)
	at org.springframework.security.web.ObservationFilterChainDecorator$VirtualFilterChain.doFilter(ObservationFilterChainDecorator.java:137)
	at org.springframework.web.filter.CorsFilter.doFilterInternal(CorsFilter.java:91)
	at org.springframework.web.filter.OncePerRequestFilter.doFilter(OncePerRequestFilter.java:116)
	at org.springframework.security.web.ObservationFilterChainDecorator$ObservationFilter.wrapFilter(ObservationFilterChainDecorator.java:240)
	at org.springframework.security.web.ObservationFilterChainDecorator$ObservationFilter.doFilter(ObservationFilterChainDecorator.java:227)
	at org.springframework.security.web.ObservationFilterChainDecorator$VirtualFilterChain.doFilter(ObservationFilterChainDecorator.java:137)
	at org.springframework.security.web.header.HeaderWriterFilter.doHeadersAfter(HeaderWriterFilter.java:90)
	at org.springframework.security.web.header.HeaderWriterFilter.doFilterInternal(HeaderWriterFilter.java:75)
	at org.springframework.web.filter.OncePerRequestFilter.doFilter(OncePerRequestFilter.java:116)
	at org.springframework.security.web.ObservationFilterChainDecorator$ObservationFilter.wrapFilter(ObservationFilterChainDecorator.java:240)
	at org.springframework.security.web.ObservationFilterChainDecorator$ObservationFilter.doFilter(ObservationFilterChainDecorator.java:227)
	at org.springframework.security.web.ObservationFilterChainDecorator$VirtualFilterChain.doFilter(ObservationFilterChainDecorator.java:137)
	at org.springframework.security.web.context.SecurityContextHolderFilter.doFilter(SecurityContextHolderFilter.java:82)
	at org.springframework.security.web.context.SecurityContextHolderFilter.doFilter(SecurityContextHolderFilter.java:69)
	at org.springframework.security.web.ObservationFilterChainDecorator$ObservationFilter.wrapFilter(ObservationFilterChainDecorator.java:240)
	at org.springframework.security.web.ObservationFilterChainDecorator$ObservationFilter.doFilter(ObservationFilterChainDecorator.java:227)
	at org.springframework.security.web.ObservationFilterChainDecorator$VirtualFilterChain.doFilter(ObservationFilterChainDecorator.java:137)
	at org.springframework.security.web.context.request.async.WebAsyncManagerIntegrationFilter.doFilterInternal(WebAsyncManagerIntegrationFilter.java:62)
	at org.springframework.web.filter.OncePerRequestFilter.doFilter(OncePerRequestFilter.java:116)
	at org.springframework.security.web.ObservationFilterChainDecorator$ObservationFilter.wrapFilter(ObservationFilterChainDecorator.java:240)
	at org.springframework.security.web.ObservationFilterChainDecorator$ObservationFilter.doFilter(ObservationFilterChainDecorator.java:227)
	at org.springframework.security.web.ObservationFilterChainDecorator$VirtualFilterChain.doFilter(ObservationFilterChainDecorator.java:137)
	at org.springframework.security.web.session.DisableEncodeUrlFilter.doFilterInternal(DisableEncodeUrlFilter.java:42)
	at org.springframework.web.filter.OncePerRequestFilter.doFilter(OncePerRequestFilter.java:116)
	at org.springframework.security.web.ObservationFilterChainDecorator$ObservationFilter.wrapFilter(ObservationFilterChainDecorator.java:240)
	at org.springframework.security.web.ObservationFilterChainDecorator$AroundFilterObservation$SimpleAroundFilterObservation.lambda$wrap$0(ObservationFilterChainDecorator.java:323)
	at org.springframework.security.web.ObservationFilterChainDecorator$ObservationFilter.doFilter(ObservationFilterChainDecorator.java:224)
	at org.springframework.security.web.ObservationFilterChainDecorator$VirtualFilterChain.doFilter(ObservationFilterChainDecorator.java:137)
	at org.springframework.security.web.FilterChainProxy.doFilterInternal(FilterChainProxy.java:233)
	at org.springframework.security.web.FilterChainProxy.doFilter(FilterChainProxy.java:191)
	at org.springframework.web.filter.CompositeFilter$VirtualFilterChain.doFilter(CompositeFilter.java:113)
	at org.springframework.web.servlet.handler.HandlerMappingIntrospector.lambda$createCacheFilter$3(HandlerMappingIntrospector.java:195)
	at org.springframework.web.filter.CompositeFilter$VirtualFilterChain.doFilter(CompositeFilter.java:113)
	at org.springframework.web.filter.CompositeFilter.doFilter(CompositeFilter.java:74)
	at org.springframework.security.config.annotation.web.configuration.WebMvcSecurityConfiguration$CompositeFilterChainProxy.doFilter(WebMvcSecurityConfiguration.java:230)
	at org.springframework.web.filter.DelegatingFilterProxy.invokeDelegate(DelegatingFilterProxy.java:352)
	at org.springframework.web.filter.DelegatingFilterProxy.doFilter(DelegatingFilterProxy.java:268)
	at org.apache.catalina.core.ApplicationFilterChain.internalDoFilter(ApplicationFilterChain.java:164)
	at org.apache.catalina.core.ApplicationFilterChain.doFilter(ApplicationFilterChain.java:140)
	at org.springframework.web.filter.RequestContextFilter.doFilterInternal(RequestContextFilter.java:100)
	at org.springframework.web.filter.OncePerRequestFilter.doFilter(OncePerRequestFilter.java:116)
	at org.apache.catalina.core.ApplicationFilterChain.internalDoFilter(ApplicationFilterChain.java:164)
	at org.apache.catalina.core.ApplicationFilterChain.doFilter(ApplicationFilterChain.java:140)
	at org.springframework.web.filter.FormContentFilter.doFilterInternal(FormContentFilter.java:93)
	at org.springframework.web.filter.OncePerRequestFilter.doFilter(OncePerRequestFilter.java:116)
	at org.apache.catalina.core.ApplicationFilterChain.internalDoFilter(ApplicationFilterChain.java:164)
	at org.apache.catalina.core.ApplicationFilterChain.doFilter(ApplicationFilterChain.java:140)
	at org.springframework.web.filter.ServerHttpObservationFilter.doFilterInternal(ServerHttpObservationFilter.java:107)
	at org.springframework.web.filter.OncePerRequestFilter.doFilter(OncePerRequestFilter.java:116)
	at org.apache.catalina.core.ApplicationFilterChain.internalDoFilter(ApplicationFilterChain.java:164)
	at org.apache.catalina.core.ApplicationFilterChain.doFilter(ApplicationFilterChain.java:140)
	at org.springframework.web.filter.CharacterEncodingFilter.doFilterInternal(CharacterEncodingFilter.java:201)
	at org.springframework.web.filter.OncePerRequestFilter.doFilter(OncePerRequestFilter.java:116)
	at org.apache.catalina.core.ApplicationFilterChain.internalDoFilter(ApplicationFilterChain.java:164)
	at org.apache.catalina.core.ApplicationFilterChain.doFilter(ApplicationFilterChain.java:140)
	at org.apache.catalina.core.StandardWrapperValve.invoke(StandardWrapperValve.java:167)
	at org.apache.catalina.core.StandardContextValve.invoke(StandardContextValve.java:90)
	at org.apache.catalina.authenticator.AuthenticatorBase.invoke(AuthenticatorBase.java:482)
	at org.apache.catalina.core.StandardHostValve.invoke(StandardHostValve.java:115)
	at org.apache.catalina.valves.ErrorReportValve.invoke(ErrorReportValve.java:93)
	at org.apache.catalina.core.StandardEngineValve.invoke(StandardEngineValve.java:74)
	at org.apache.catalina.connector.CoyoteAdapter.service(CoyoteAdapter.java:344)
	at org.apache.coyote.http11.Http11Processor.service(Http11Processor.java:389)
	at org.apache.coyote.AbstractProcessorLight.process(AbstractProcessorLight.java:63)
	at org.apache.coyote.AbstractProtocol$ConnectionHandler.process(AbstractProtocol.java:904)
	at org.apache.tomcat.util.net.NioEndpoint$SocketProcessor.doRun(NioEndpoint.java:1741)
	at org.apache.tomcat.util.net.SocketProcessorBase.run(SocketProcessorBase.java:52)
	at org.apache.tomcat.util.threads.ThreadPoolExecutor.runWorker(ThreadPoolExecutor.java:1190)
	at org.apache.tomcat.util.threads.ThreadPoolExecutor$Worker.run(ThreadPoolExecutor.java:659)
	at org.apache.tomcat.util.threads.TaskThread$WrappingRunnable.run(TaskThread.java:63)
	at java.base/java.lang.Thread.run(Thread.java:1583)
Caused by: org.h2.mvstore.MVStoreException: Map entry <table.7> with key <2> and value ( /* key:2 */ CAST(2 AS BIGINT), 'suyogita.shivare@accenture.com', 'Rent_Recipt.pdf', 'application/pdf', CAST(608698 AS BIGINT), 'e7ccb6e13d1028aac9f98cf2cea8888c3be25e5e18951931d7468a5e69c0fcdf', 'C:\Document_Management\PDF_Uploads\Rent_Recipt.pdf', TRUE, TIMESTAMP '2026-02-02 17:38:42.409029', TIMESTAMP '2026-02-02 17:41:33.582116', 'suyogita.shivare@accenture.com', TIMESTAMP '2026-02-02 17:38:42.409029') 1/8 ( /* key:2 */ CAST(2 AS BIGINT), 'suyogita.shivare@accenture.com', 'Rent_Recipt.pdf', 'application/pdf', CAST(608698 AS BIGINT), 'e7ccb6e13d1028aac9f98cf2cea8888c3be25e5e18951931d7468a5e69c0fcdf', 'C:\Document_Management\PDF_Uploads\Rent_Recipt.pdf', FALSE, TIMESTAMP '2026-02-02 17:38:42.409029', TIMESTAMP '2026-02-02 17:38:42.409029', NULL, TIMESTAMP '2026-02-02 17:38:42.409029') is locked by tx 1 and can not be updated by tx 2 within allocated time interval 2000 ms. [2.2.224/101]
	at org.h2.mvstore.DataUtils.newMVStoreException(DataUtils.java:996)
	at org.h2.mvstore.tx.TransactionMap.set(TransactionMap.java:383)
	at org.h2.mvstore.tx.TransactionMap.lock(TransactionMap.java:329)
	at org.h2.mvstore.db.MVPrimaryIndex.lockRow(MVPrimaryIndex.java:225)
	... 181 common frames omitted
2026-02-02 17:49:44.455 [http-nio-8080-exec-5] ERROR o.s.t.i.TransactionInterceptor [c46031d9-de21-4d15-a71a-e848e3466b63] - Application exception overridden by rollback exception
org.springframework.dao.QueryTimeoutException: PreparedStatementCallback; SQL [UPDATE documents
SET is_deleted = true,
    deleted_at = CURRENT_TIMESTAMP,
    deleted_by = ?,
    user_id= ?
WHERE documentid IN (?)
]; Timeout trying to lock table "DOCUMENTS"; SQL statement:
UPDATE documents
SET is_deleted = true,
    deleted_at = CURRENT_TIMESTAMP,
    deleted_by = ?,
    user_id= ?
WHERE documentid IN (?) [50200-224]
	at org.springframework.jdbc.support.SQLExceptionSubclassTranslator.doTranslate(SQLExceptionSubclassTranslator.java:83)
	at org.springframework.jdbc.support.AbstractFallbackSQLExceptionTranslator.translate(AbstractFallbackSQLExceptionTranslator.java:107)
	at org.springframework.jdbc.core.JdbcTemplate.translateException(JdbcTemplate.java:1548)
	at org.springframework.jdbc.core.JdbcTemplate.execute(JdbcTemplate.java:677)
	at org.springframework.jdbc.core.JdbcTemplate.update(JdbcTemplate.java:970)
	at org.springframework.jdbc.core.JdbcTemplate.update(JdbcTemplate.java:991)
	at org.springframework.jdbc.core.namedparam.NamedParameterJdbcTemplate.update(NamedParameterJdbcTemplate.java:337)
	at com.banking.creditjourney.document.repository.DocumentRepository.softDeleteByIds(DocumentRepository.java:73)
	at java.base/jdk.internal.reflect.DirectMethodHandleAccessor.invoke(DirectMethodHandleAccessor.java:103)
	at java.base/java.lang.reflect.Method.invoke(Method.java:580)
	at org.springframework.aop.support.AopUtils.invokeJoinpointUsingReflection(AopUtils.java:354)
	at org.springframework.aop.framework.ReflectiveMethodInvocation.invokeJoinpoint(ReflectiveMethodInvocation.java:196)
	at org.springframework.aop.framework.ReflectiveMethodInvocation.proceed(ReflectiveMethodInvocation.java:163)
	at org.springframework.aop.framework.CglibAopProxy$CglibMethodInvocation.proceed(CglibAopProxy.java:768)
	at org.springframework.dao.support.PersistenceExceptionTranslationInterceptor.invoke(PersistenceExceptionTranslationInterceptor.java:138)
	at org.springframework.aop.framework.ReflectiveMethodInvocation.proceed(ReflectiveMethodInvocation.java:184)
	at org.springframework.aop.framework.CglibAopProxy$CglibMethodInvocation.proceed(CglibAopProxy.java:768)
	at org.springframework.aop.framework.CglibAopProxy$DynamicAdvisedInterceptor.intercept(CglibAopProxy.java:720)
	at com.banking.creditjourney.document.repository.DocumentRepository$$SpringCGLIB$$0.softDeleteByIds(<generated>)
	at com.banking.creditjourney.document.service.DocumentServiceImpl.documentDeletes(DocumentServiceImpl.java:138)
	at java.base/jdk.internal.reflect.DirectMethodHandleAccessor.invoke(DirectMethodHandleAccessor.java:103)
	at java.base/java.lang.reflect.Method.invoke(Method.java:580)
	at org.springframework.aop.support.AopUtils.invokeJoinpointUsingReflection(AopUtils.java:354)
	at org.springframework.aop.framework.ReflectiveMethodInvocation.invokeJoinpoint(ReflectiveMethodInvocation.java:196)
	at org.springframework.aop.framework.ReflectiveMethodInvocation.proceed(ReflectiveMethodInvocation.java:163)
	at org.springframework.aop.framework.CglibAopProxy$CglibMethodInvocation.proceed(CglibAopProxy.java:768)
	at org.springframework.transaction.interceptor.TransactionInterceptor$1.proceedWithInvocation(TransactionInterceptor.java:123)
	at org.springframework.transaction.interceptor.TransactionAspectSupport.invokeWithinTransaction(TransactionAspectSupport.java:392)
	at org.springframework.transaction.interceptor.TransactionInterceptor.invoke(TransactionInterceptor.java:119)
	at org.springframework.aop.framework.ReflectiveMethodInvocation.proceed(ReflectiveMethodInvocation.java:184)
	at org.springframework.aop.framework.CglibAopProxy$CglibMethodInvocation.proceed(CglibAopProxy.java:768)
	at org.springframework.aop.framework.CglibAopProxy$DynamicAdvisedInterceptor.intercept(CglibAopProxy.java:720)
	at com.banking.creditjourney.document.service.DocumentServiceImpl$$SpringCGLIB$$0.documentDeletes(<generated>)
	at com.banking.creditjourney.document.controller.DocumentController.documentDelete(DocumentController.java:97)
	at java.base/jdk.internal.reflect.DirectMethodHandleAccessor.invoke(DirectMethodHandleAccessor.java:103)
	at java.base/java.lang.reflect.Method.invoke(Method.java:580)
	at org.springframework.web.method.support.InvocableHandlerMethod.doInvoke(InvocableHandlerMethod.java:255)
	at org.springframework.web.method.support.InvocableHandlerMethod.invokeForRequest(InvocableHandlerMethod.java:188)
	at org.springframework.web.servlet.mvc.method.annotation.ServletInvocableHandlerMethod.invokeAndHandle(ServletInvocableHandlerMethod.java:118)
	at org.springframework.web.servlet.mvc.method.annotation.RequestMappingHandlerAdapter.invokeHandlerMethod(RequestMappingHandlerAdapter.java:926)
	at org.springframework.web.servlet.mvc.method.annotation.RequestMappingHandlerAdapter.handleInternal(RequestMappingHandlerAdapter.java:831)
	at org.springframework.web.servlet.mvc.method.AbstractHandlerMethodAdapter.handle(AbstractHandlerMethodAdapter.java:87)
	at org.springframework.web.servlet.DispatcherServlet.doDispatch(DispatcherServlet.java:1089)
	at org.springframework.web.servlet.DispatcherServlet.doService(DispatcherServlet.java:979)
	at org.springframework.web.servlet.FrameworkServlet.processRequest(FrameworkServlet.java:1014)
	at org.springframework.web.servlet.FrameworkServlet.doDelete(FrameworkServlet.java:936)
	at jakarta.servlet.http.HttpServlet.service(HttpServlet.java:596)
	at org.springframework.web.servlet.FrameworkServlet.service(FrameworkServlet.java:885)
	at jakarta.servlet.http.HttpServlet.service(HttpServlet.java:658)
	at org.apache.catalina.core.ApplicationFilterChain.internalDoFilter(ApplicationFilterChain.java:195)
	at org.apache.catalina.core.ApplicationFilterChain.doFilter(ApplicationFilterChain.java:140)
	at org.apache.tomcat.websocket.server.WsFilter.doFilter(WsFilter.java:51)
	at org.apache.catalina.core.ApplicationFilterChain.internalDoFilter(ApplicationFilterChain.java:164)
	at org.apache.catalina.core.ApplicationFilterChain.doFilter(ApplicationFilterChain.java:140)
	at org.springframework.web.filter.OncePerRequestFilter.doFilter(OncePerRequestFilter.java:110)
	at org.apache.catalina.core.ApplicationFilterChain.internalDoFilter(ApplicationFilterChain.java:164)
	at org.apache.catalina.core.ApplicationFilterChain.doFilter(ApplicationFilterChain.java:140)
	at com.banking.creditjourney.document.security.CorrelationIdFilter.doFilterInternal(CorrelationIdFilter.java:31)
	at org.springframework.web.filter.OncePerRequestFilter.doFilter(OncePerRequestFilter.java:116)
	at org.apache.catalina.core.ApplicationFilterChain.internalDoFilter(ApplicationFilterChain.java:164)
	at org.apache.catalina.core.ApplicationFilterChain.doFilter(ApplicationFilterChain.java:140)
	at org.springframework.web.filter.CompositeFilter$VirtualFilterChain.doFilter(CompositeFilter.java:108)
	at org.springframework.security.web.FilterChainProxy.lambda$doFilterInternal$3(FilterChainProxy.java:231)
	at org.springframework.security.web.ObservationFilterChainDecorator$FilterObservation$SimpleFilterObservation.lambda$wrap$1(ObservationFilterChainDecorator.java:479)
	at org.springframework.security.web.ObservationFilterChainDecorator$AroundFilterObservation$SimpleAroundFilterObservation.lambda$wrap$1(ObservationFilterChainDecorator.java:340)
	at org.springframework.security.web.ObservationFilterChainDecorator.lambda$wrapSecured$0(ObservationFilterChainDecorator.java:82)
	at org.springframework.security.web.ObservationFilterChainDecorator$VirtualFilterChain.doFilter(ObservationFilterChainDecorator.java:128)
	at org.springframework.security.web.access.intercept.AuthorizationFilter.doFilter(AuthorizationFilter.java:100)
	at org.springframework.security.web.ObservationFilterChainDecorator$ObservationFilter.wrapFilter(ObservationFilterChainDecorator.java:240)
	at org.springframework.security.web.ObservationFilterChainDecorator$ObservationFilter.doFilter(ObservationFilterChainDecorator.java:227)
	at org.springframework.security.web.ObservationFilterChainDecorator$VirtualFilterChain.doFilter(ObservationFilterChainDecorator.java:137)
	at org.springframework.security.web.access.ExceptionTranslationFilter.doFilter(ExceptionTranslationFilter.java:126)
	at org.springframework.security.web.access.ExceptionTranslationFilter.doFilter(ExceptionTranslationFilter.java:120)
	at org.springframework.security.web.ObservationFilterChainDecorator$ObservationFilter.wrapFilter(ObservationFilterChainDecorator.java:240)
	at org.springframework.security.web.ObservationFilterChainDecorator$ObservationFilter.doFilter(ObservationFilterChainDecorator.java:227)
	at org.springframework.security.web.ObservationFilterChainDecorator$VirtualFilterChain.doFilter(ObservationFilterChainDecorator.java:137)
	at org.springframework.security.web.authentication.AnonymousAuthenticationFilter.doFilter(AnonymousAuthenticationFilter.java:100)
	at org.springframework.security.web.ObservationFilterChainDecorator$ObservationFilter.wrapFilter(ObservationFilterChainDecorator.java:240)
	at org.springframework.security.web.ObservationFilterChainDecorator$ObservationFilter.doFilter(ObservationFilterChainDecorator.java:227)
	at org.springframework.security.web.ObservationFilterChainDecorator$VirtualFilterChain.doFilter(ObservationFilterChainDecorator.java:137)
	at org.springframework.security.web.servletapi.SecurityContextHolderAwareRequestFilter.doFilter(SecurityContextHolderAwareRequestFilter.java:179)
	at org.springframework.security.web.ObservationFilterChainDecorator$ObservationFilter.wrapFilter(ObservationFilterChainDecorator.java:240)
	at org.springframework.security.web.ObservationFilterChainDecorator$ObservationFilter.doFilter(ObservationFilterChainDecorator.java:227)
	at org.springframework.security.web.ObservationFilterChainDecorator$VirtualFilterChain.doFilter(ObservationFilterChainDecorator.java:137)
	at org.springframework.security.web.savedrequest.RequestCacheAwareFilter.doFilter(RequestCacheAwareFilter.java:63)
	at org.springframework.security.web.ObservationFilterChainDecorator$ObservationFilter.wrapFilter(ObservationFilterChainDecorator.java:240)
	at org.springframework.security.web.ObservationFilterChainDecorator$ObservationFilter.doFilter(ObservationFilterChainDecorator.java:227)
	at org.springframework.security.web.ObservationFilterChainDecorator$VirtualFilterChain.doFilter(ObservationFilterChainDecorator.java:137)
	at org.springframework.security.web.authentication.www.BasicAuthenticationFilter.doFilterInternal(BasicAuthenticationFilter.java:181)
	at org.springframework.web.filter.OncePerRequestFilter.doFilter(OncePerRequestFilter.java:116)
	at org.springframework.security.web.ObservationFilterChainDecorator$ObservationFilter.wrapFilter(ObservationFilterChainDecorator.java:240)
	at org.springframework.security.web.ObservationFilterChainDecorator$ObservationFilter.doFilter(ObservationFilterChainDecorator.java:227)
	at org.springframework.security.web.ObservationFilterChainDecorator$VirtualFilterChain.doFilter(ObservationFilterChainDecorator.java:137)
	at com.banking.creditjourney.document.security.JwtAuthenticationFilter.doFilterInternal(JwtAuthenticationFilter.java:34)
	at org.springframework.web.filter.OncePerRequestFilter.doFilter(OncePerRequestFilter.java:116)
	at org.springframework.security.web.ObservationFilterChainDecorator$ObservationFilter.wrapFilter(ObservationFilterChainDecorator.java:240)
	at org.springframework.security.web.ObservationFilterChainDecorator$ObservationFilter.doFilter(ObservationFilterChainDecorator.java:227)
	at org.springframework.security.web.ObservationFilterChainDecorator$VirtualFilterChain.doFilter(ObservationFilterChainDecorator.java:137)
	at org.springframework.security.web.authentication.logout.LogoutFilter.doFilter(LogoutFilter.java:107)
	at org.springframework.security.web.authentication.logout.LogoutFilter.doFilter(LogoutFilter.java:93)
	at org.springframework.security.web.ObservationFilterChainDecorator$ObservationFilter.wrapFilter(ObservationFilterChainDecorator.java:240)
	at org.springframework.security.web.ObservationFilterChainDecorator$ObservationFilter.doFilter(ObservationFilterChainDecorator.java:227)
	at org.springframework.security.web.ObservationFilterChainDecorator$VirtualFilterChain.doFilter(ObservationFilterChainDecorator.java:137)
	at org.springframework.web.filter.CorsFilter.doFilterInternal(CorsFilter.java:91)
	at org.springframework.web.filter.OncePerRequestFilter.doFilter(OncePerRequestFilter.java:116)
	at org.springframework.security.web.ObservationFilterChainDecorator$ObservationFilter.wrapFilter(ObservationFilterChainDecorator.java:240)
	at org.springframework.security.web.ObservationFilterChainDecorator$ObservationFilter.doFilter(ObservationFilterChainDecorator.java:227)
	at org.springframework.security.web.ObservationFilterChainDecorator$VirtualFilterChain.doFilter(ObservationFilterChainDecorator.java:137)
	at org.springframework.security.web.header.HeaderWriterFilter.doHeadersAfter(HeaderWriterFilter.java:90)
	at org.springframework.security.web.header.HeaderWriterFilter.doFilterInternal(HeaderWriterFilter.java:75)
	at org.springframework.web.filter.OncePerRequestFilter.doFilter(OncePerRequestFilter.java:116)
	at org.springframework.security.web.ObservationFilterChainDecorator$ObservationFilter.wrapFilter(ObservationFilterChainDecorator.java:240)
	at org.springframework.security.web.ObservationFilterChainDecorator$ObservationFilter.doFilter(ObservationFilterChainDecorator.java:227)
	at org.springframework.security.web.ObservationFilterChainDecorator$VirtualFilterChain.doFilter(ObservationFilterChainDecorator.java:137)
	at org.springframework.security.web.context.SecurityContextHolderFilter.doFilter(SecurityContextHolderFilter.java:82)
	at org.springframework.security.web.context.SecurityContextHolderFilter.doFilter(SecurityContextHolderFilter.java:69)
	at org.springframework.security.web.ObservationFilterChainDecorator$ObservationFilter.wrapFilter(ObservationFilterChainDecorator.java:240)
	at org.springframework.security.web.ObservationFilterChainDecorator$ObservationFilter.doFilter(ObservationFilterChainDecorator.java:227)
	at org.springframework.security.web.ObservationFilterChainDecorator$VirtualFilterChain.doFilter(ObservationFilterChainDecorator.java:137)
	at org.springframework.security.web.context.request.async.WebAsyncManagerIntegrationFilter.doFilterInternal(WebAsyncManagerIntegrationFilter.java:62)
	at org.springframework.web.filter.OncePerRequestFilter.doFilter(OncePerRequestFilter.java:116)
	at org.springframework.security.web.ObservationFilterChainDecorator$ObservationFilter.wrapFilter(ObservationFilterChainDecorator.java:240)
	at org.springframework.security.web.ObservationFilterChainDecorator$ObservationFilter.doFilter(ObservationFilterChainDecorator.java:227)
	at org.springframework.security.web.ObservationFilterChainDecorator$VirtualFilterChain.doFilter(ObservationFilterChainDecorator.java:137)
	at org.springframework.security.web.session.DisableEncodeUrlFilter.doFilterInternal(DisableEncodeUrlFilter.java:42)
	at org.springframework.web.filter.OncePerRequestFilter.doFilter(OncePerRequestFilter.java:116)
	at org.springframework.security.web.ObservationFilterChainDecorator$ObservationFilter.wrapFilter(ObservationFilterChainDecorator.java:240)
	at org.springframework.security.web.ObservationFilterChainDecorator$AroundFilterObservation$SimpleAroundFilterObservation.lambda$wrap$0(ObservationFilterChainDecorator.java:323)
	at org.springframework.security.web.ObservationFilterChainDecorator$ObservationFilter.doFilter(ObservationFilterChainDecorator.java:224)
	at org.springframework.security.web.ObservationFilterChainDecorator$VirtualFilterChain.doFilter(ObservationFilterChainDecorator.java:137)
	at org.springframework.security.web.FilterChainProxy.doFilterInternal(FilterChainProxy.java:233)
	at org.springframework.security.web.FilterChainProxy.doFilter(FilterChainProxy.java:191)
	at org.springframework.web.filter.CompositeFilter$VirtualFilterChain.doFilter(CompositeFilter.java:113)
	at org.springframework.web.servlet.handler.HandlerMappingIntrospector.lambda$createCacheFilter$3(HandlerMappingIntrospector.java:195)
	at org.springframework.web.filter.CompositeFilter$VirtualFilterChain.doFilter(CompositeFilter.java:113)
	at org.springframework.web.filter.CompositeFilter.doFilter(CompositeFilter.java:74)
	at org.springframework.security.config.annotation.web.configuration.WebMvcSecurityConfiguration$CompositeFilterChainProxy.doFilter(WebMvcSecurityConfiguration.java:230)
	at org.springframework.web.filter.DelegatingFilterProxy.invokeDelegate(DelegatingFilterProxy.java:352)
	at org.springframework.web.filter.DelegatingFilterProxy.doFilter(DelegatingFilterProxy.java:268)
	at org.apache.catalina.core.ApplicationFilterChain.internalDoFilter(ApplicationFilterChain.java:164)
	at org.apache.catalina.core.ApplicationFilterChain.doFilter(ApplicationFilterChain.java:140)
	at org.springframework.web.filter.RequestContextFilter.doFilterInternal(RequestContextFilter.java:100)
	at org.springframework.web.filter.OncePerRequestFilter.doFilter(OncePerRequestFilter.java:116)
	at org.apache.catalina.core.ApplicationFilterChain.internalDoFilter(ApplicationFilterChain.java:164)
	at org.apache.catalina.core.ApplicationFilterChain.doFilter(ApplicationFilterChain.java:140)
	at org.springframework.web.filter.FormContentFilter.doFilterInternal(FormContentFilter.java:93)
	at org.springframework.web.filter.OncePerRequestFilter.doFilter(OncePerRequestFilter.java:116)
	at org.apache.catalina.core.ApplicationFilterChain.internalDoFilter(ApplicationFilterChain.java:164)
	at org.apache.catalina.core.ApplicationFilterChain.doFilter(ApplicationFilterChain.java:140)
	at org.springframework.web.filter.ServerHttpObservationFilter.doFilterInternal(ServerHttpObservationFilter.java:107)
	at org.springframework.web.filter.OncePerRequestFilter.doFilter(OncePerRequestFilter.java:116)
	at org.apache.catalina.core.ApplicationFilterChain.internalDoFilter(ApplicationFilterChain.java:164)
	at org.apache.catalina.core.ApplicationFilterChain.doFilter(ApplicationFilterChain.java:140)
	at org.springframework.web.filter.CharacterEncodingFilter.doFilterInternal(CharacterEncodingFilter.java:201)
	at org.springframework.web.filter.OncePerRequestFilter.doFilter(OncePerRequestFilter.java:116)
	at org.apache.catalina.core.ApplicationFilterChain.internalDoFilter(ApplicationFilterChain.java:164)
	at org.apache.catalina.core.ApplicationFilterChain.doFilter(ApplicationFilterChain.java:140)
	at org.apache.catalina.core.StandardWrapperValve.invoke(StandardWrapperValve.java:167)
	at org.apache.catalina.core.StandardContextValve.invoke(StandardContextValve.java:90)
	at org.apache.catalina.authenticator.AuthenticatorBase.invoke(AuthenticatorBase.java:482)
	at org.apache.catalina.core.StandardHostValve.invoke(StandardHostValve.java:115)
	at org.apache.catalina.valves.ErrorReportValve.invoke(ErrorReportValve.java:93)
	at org.apache.catalina.core.StandardEngineValve.invoke(StandardEngineValve.java:74)
	at org.apache.catalina.connector.CoyoteAdapter.service(CoyoteAdapter.java:344)
	at org.apache.coyote.http11.Http11Processor.service(Http11Processor.java:389)
	at org.apache.coyote.AbstractProcessorLight.process(AbstractProcessorLight.java:63)
	at org.apache.coyote.AbstractProtocol$ConnectionHandler.process(AbstractProtocol.java:904)
	at org.apache.tomcat.util.net.NioEndpoint$SocketProcessor.doRun(NioEndpoint.java:1741)
	at org.apache.tomcat.util.net.SocketProcessorBase.run(SocketProcessorBase.java:52)
	at org.apache.tomcat.util.threads.ThreadPoolExecutor.runWorker(ThreadPoolExecutor.java:1190)
	at org.apache.tomcat.util.threads.ThreadPoolExecutor$Worker.run(ThreadPoolExecutor.java:659)
	at org.apache.tomcat.util.threads.TaskThread$WrappingRunnable.run(TaskThread.java:63)
	at java.base/java.lang.Thread.run(Thread.java:1583)
Caused by: org.h2.jdbc.JdbcSQLTimeoutException: Timeout trying to lock table "DOCUMENTS"; SQL statement:
UPDATE documents
SET is_deleted = true,
    deleted_at = CURRENT_TIMESTAMP,
    deleted_by = ?,
    user_id= ?
WHERE documentid IN (?) [50200-224]
	at org.h2.message.DbException.getJdbcSQLException(DbException.java:572)
	at org.h2.message.DbException.getJdbcSQLException(DbException.java:489)
	at org.h2.message.DbException.get(DbException.java:212)
	at org.h2.mvstore.db.MVTable.convertException(MVTable.java:695)
	at org.h2.mvstore.db.MVTable.convertLockException(MVTable.java:689)
	at org.h2.mvstore.db.MVPrimaryIndex.lockRow(MVPrimaryIndex.java:227)
	at org.h2.mvstore.db.MVPrimaryIndex.lockRow(MVPrimaryIndex.java:220)
	at org.h2.mvstore.db.MVTable.lockRow(MVTable.java:555)
	at org.h2.command.dml.Update.update(Update.java:70)
	at org.h2.command.dml.DataChangeStatement.update(DataChangeStatement.java:74)
	at org.h2.command.CommandContainer.update(CommandContainer.java:169)
	at org.h2.command.Command.executeUpdate(Command.java:256)
	at org.h2.jdbc.JdbcPreparedStatement.executeUpdateInternal(JdbcPreparedStatement.java:216)
	at org.h2.jdbc.JdbcPreparedStatement.executeUpdate(JdbcPreparedStatement.java:174)
	at com.zaxxer.hikari.pool.ProxyPreparedStatement.executeUpdate(ProxyPreparedStatement.java:61)
	at com.zaxxer.hikari.pool.HikariProxyPreparedStatement.executeUpdate(HikariProxyPreparedStatement.java)
	at org.springframework.jdbc.core.JdbcTemplate.lambda$update$2(JdbcTemplate.java:975)
	at org.springframework.jdbc.core.JdbcTemplate.execute(JdbcTemplate.java:658)
	... 169 common frames omitted
Caused by: org.h2.mvstore.MVStoreException: Map entry <table.7> with key <2> and value ( /* key:2 */ CAST(2 AS BIGINT), 'suyogita.shivare@accenture.com', 'Rent_Recipt.pdf', 'application/pdf', CAST(608698 AS BIGINT), 'e7ccb6e13d1028aac9f98cf2cea8888c3be25e5e18951931d7468a5e69c0fcdf', 'C:\Document_Management\PDF_Uploads\Rent_Recipt.pdf', TRUE, TIMESTAMP '2026-02-02 17:38:42.409029', TIMESTAMP '2026-02-02 17:41:33.582116', 'suyogita.shivare@accenture.com', TIMESTAMP '2026-02-02 17:38:42.409029') 1/8 ( /* key:2 */ CAST(2 AS BIGINT), 'suyogita.shivare@accenture.com', 'Rent_Recipt.pdf', 'application/pdf', CAST(608698 AS BIGINT), 'e7ccb6e13d1028aac9f98cf2cea8888c3be25e5e18951931d7468a5e69c0fcdf', 'C:\Document_Management\PDF_Uploads\Rent_Recipt.pdf', FALSE, TIMESTAMP '2026-02-02 17:38:42.409029', TIMESTAMP '2026-02-02 17:38:42.409029', NULL, TIMESTAMP '2026-02-02 17:38:42.409029') is locked by tx 1 and can not be updated by tx 2 within allocated time interval 2000 ms. [2.2.224/101]
	at org.h2.mvstore.DataUtils.newMVStoreException(DataUtils.java:996)
	at org.h2.mvstore.tx.TransactionMap.set(TransactionMap.java:383)
	at org.h2.mvstore.tx.TransactionMap.lock(TransactionMap.java:329)
	at org.h2.mvstore.db.MVPrimaryIndex.lockRow(MVPrimaryIndex.java:225)
	... 181 common frames omitted
2026-02-02 17:49:44.457 [http-nio-8080-exec-5] ERROR c.b.c.d.e.GlobalExceptionHandler [c46031d9-de21-4d15-a71a-e848e3466b63] - Unhandled exception
org.springframework.transaction.TransactionSystemException: JDBC rollback failed
	at org.springframework.jdbc.datasource.DataSourceTransactionManager.translateException(DataSourceTransactionManager.java:439)
	at org.springframework.jdbc.support.JdbcTransactionManager.translateException(JdbcTransactionManager.java:184)
	at org.springframework.jdbc.datasource.DataSourceTransactionManager.doRollback(DataSourceTransactionManager.java:355)
	at org.springframework.transaction.support.AbstractPlatformTransactionManager.processRollback(AbstractPlatformTransactionManager.java:897)
	at org.springframework.transaction.support.AbstractPlatformTransactionManager.rollback(AbstractPlatformTransactionManager.java:866)
	at org.springframework.transaction.interceptor.TransactionAspectSupport.completeTransactionAfterThrowing(TransactionAspectSupport.java:694)
	at org.springframework.transaction.interceptor.TransactionAspectSupport.invokeWithinTransaction(TransactionAspectSupport.java:396)
	at org.springframework.transaction.interceptor.TransactionInterceptor.invoke(TransactionInterceptor.java:119)
	at org.springframework.aop.framework.ReflectiveMethodInvocation.proceed(ReflectiveMethodInvocation.java:184)
	at org.springframework.aop.framework.CglibAopProxy$CglibMethodInvocation.proceed(CglibAopProxy.java:768)
	at org.springframework.aop.framework.CglibAopProxy$DynamicAdvisedInterceptor.intercept(CglibAopProxy.java:720)
	at com.banking.creditjourney.document.service.DocumentServiceImpl$$SpringCGLIB$$0.documentDeletes(<generated>)
	at com.banking.creditjourney.document.controller.DocumentController.documentDelete(DocumentController.java:97)
	at java.base/jdk.internal.reflect.DirectMethodHandleAccessor.invoke(DirectMethodHandleAccessor.java:103)
	at java.base/java.lang.reflect.Method.invoke(Method.java:580)
	at org.springframework.web.method.support.InvocableHandlerMethod.doInvoke(InvocableHandlerMethod.java:255)
	at org.springframework.web.method.support.InvocableHandlerMethod.invokeForRequest(InvocableHandlerMethod.java:188)
	at org.springframework.web.servlet.mvc.method.annotation.ServletInvocableHandlerMethod.invokeAndHandle(ServletInvocableHandlerMethod.java:118)
	at org.springframework.web.servlet.mvc.method.annotation.RequestMappingHandlerAdapter.invokeHandlerMethod(RequestMappingHandlerAdapter.java:926)
	at org.springframework.web.servlet.mvc.method.annotation.RequestMappingHandlerAdapter.handleInternal(RequestMappingHandlerAdapter.java:831)
	at org.springframework.web.servlet.mvc.method.AbstractHandlerMethodAdapter.handle(AbstractHandlerMethodAdapter.java:87)
	at org.springframework.web.servlet.DispatcherServlet.doDispatch(DispatcherServlet.java:1089)
	at org.springframework.web.servlet.DispatcherServlet.doService(DispatcherServlet.java:979)
	at org.springframework.web.servlet.FrameworkServlet.processRequest(FrameworkServlet.java:1014)
	at org.springframework.web.servlet.FrameworkServlet.doDelete(FrameworkServlet.java:936)
	at jakarta.servlet.http.HttpServlet.service(HttpServlet.java:596)
	at org.springframework.web.servlet.FrameworkServlet.service(FrameworkServlet.java:885)
	at jakarta.servlet.http.HttpServlet.service(HttpServlet.java:658)
	at org.apache.catalina.core.ApplicationFilterChain.internalDoFilter(ApplicationFilterChain.java:195)
	at org.apache.catalina.core.ApplicationFilterChain.doFilter(ApplicationFilterChain.java:140)
	at org.apache.tomcat.websocket.server.WsFilter.doFilter(WsFilter.java:51)
	at org.apache.catalina.core.ApplicationFilterChain.internalDoFilter(ApplicationFilterChain.java:164)
	at org.apache.catalina.core.ApplicationFilterChain.doFilter(ApplicationFilterChain.java:140)
	at org.springframework.web.filter.OncePerRequestFilter.doFilter(OncePerRequestFilter.java:110)
	at org.apache.catalina.core.ApplicationFilterChain.internalDoFilter(ApplicationFilterChain.java:164)
	at org.apache.catalina.core.ApplicationFilterChain.doFilter(ApplicationFilterChain.java:140)
	at com.banking.creditjourney.document.security.CorrelationIdFilter.doFilterInternal(CorrelationIdFilter.java:31)
	at org.springframework.web.filter.OncePerRequestFilter.doFilter(OncePerRequestFilter.java:116)
	at org.apache.catalina.core.ApplicationFilterChain.internalDoFilter(ApplicationFilterChain.java:164)
	at org.apache.catalina.core.ApplicationFilterChain.doFilter(ApplicationFilterChain.java:140)
	at org.springframework.web.filter.CompositeFilter$VirtualFilterChain.doFilter(CompositeFilter.java:108)
	at org.springframework.security.web.FilterChainProxy.lambda$doFilterInternal$3(FilterChainProxy.java:231)
	at org.springframework.security.web.ObservationFilterChainDecorator$FilterObservation$SimpleFilterObservation.lambda$wrap$1(ObservationFilterChainDecorator.java:479)
	at org.springframework.security.web.ObservationFilterChainDecorator$AroundFilterObservation$SimpleAroundFilterObservation.lambda$wrap$1(ObservationFilterChainDecorator.java:340)
	at org.springframework.security.web.ObservationFilterChainDecorator.lambda$wrapSecured$0(ObservationFilterChainDecorator.java:82)
	at org.springframework.security.web.ObservationFilterChainDecorator$VirtualFilterChain.doFilter(ObservationFilterChainDecorator.java:128)
	at org.springframework.security.web.access.intercept.AuthorizationFilter.doFilter(AuthorizationFilter.java:100)
	at org.springframework.security.web.ObservationFilterChainDecorator$ObservationFilter.wrapFilter(ObservationFilterChainDecorator.java:240)
	at org.springframework.security.web.ObservationFilterChainDecorator$ObservationFilter.doFilter(ObservationFilterChainDecorator.java:227)
	at org.springframework.security.web.ObservationFilterChainDecorator$VirtualFilterChain.doFilter(ObservationFilterChainDecorator.java:137)
	at org.springframework.security.web.access.ExceptionTranslationFilter.doFilter(ExceptionTranslationFilter.java:126)
	at org.springframework.security.web.access.ExceptionTranslationFilter.doFilter(ExceptionTranslationFilter.java:120)
	at org.springframework.security.web.ObservationFilterChainDecorator$ObservationFilter.wrapFilter(ObservationFilterChainDecorator.java:240)
	at org.springframework.security.web.ObservationFilterChainDecorator$ObservationFilter.doFilter(ObservationFilterChainDecorator.java:227)
	at org.springframework.security.web.ObservationFilterChainDecorator$VirtualFilterChain.doFilter(ObservationFilterChainDecorator.java:137)
	at org.springframework.security.web.authentication.AnonymousAuthenticationFilter.doFilter(AnonymousAuthenticationFilter.java:100)
	at org.springframework.security.web.ObservationFilterChainDecorator$ObservationFilter.wrapFilter(ObservationFilterChainDecorator.java:240)
	at org.springframework.security.web.ObservationFilterChainDecorator$ObservationFilter.doFilter(ObservationFilterChainDecorator.java:227)
	at org.springframework.security.web.ObservationFilterChainDecorator$VirtualFilterChain.doFilter(ObservationFilterChainDecorator.java:137)
	at org.springframework.security.web.servletapi.SecurityContextHolderAwareRequestFilter.doFilter(SecurityContextHolderAwareRequestFilter.java:179)
	at org.springframework.security.web.ObservationFilterChainDecorator$ObservationFilter.wrapFilter(ObservationFilterChainDecorator.java:240)
	at org.springframework.security.web.ObservationFilterChainDecorator$ObservationFilter.doFilter(ObservationFilterChainDecorator.java:227)
	at org.springframework.security.web.ObservationFilterChainDecorator$VirtualFilterChain.doFilter(ObservationFilterChainDecorator.java:137)
	at org.springframework.security.web.savedrequest.RequestCacheAwareFilter.doFilter(RequestCacheAwareFilter.java:63)
	at org.springframework.security.web.ObservationFilterChainDecorator$ObservationFilter.wrapFilter(ObservationFilterChainDecorator.java:240)
	at org.springframework.security.web.ObservationFilterChainDecorator$ObservationFilter.doFilter(ObservationFilterChainDecorator.java:227)
	at org.springframework.security.web.ObservationFilterChainDecorator$VirtualFilterChain.doFilter(ObservationFilterChainDecorator.java:137)
	at org.springframework.security.web.authentication.www.BasicAuthenticationFilter.doFilterInternal(BasicAuthenticationFilter.java:181)
	at org.springframework.web.filter.OncePerRequestFilter.doFilter(OncePerRequestFilter.java:116)
	at org.springframework.security.web.ObservationFilterChainDecorator$ObservationFilter.wrapFilter(ObservationFilterChainDecorator.java:240)
	at org.springframework.security.web.ObservationFilterChainDecorator$ObservationFilter.doFilter(ObservationFilterChainDecorator.java:227)
	at org.springframework.security.web.ObservationFilterChainDecorator$VirtualFilterChain.doFilter(ObservationFilterChainDecorator.java:137)
	at com.banking.creditjourney.document.security.JwtAuthenticationFilter.doFilterInternal(JwtAuthenticationFilter.java:34)
	at org.springframework.web.filter.OncePerRequestFilter.doFilter(OncePerRequestFilter.java:116)
	at org.springframework.security.web.ObservationFilterChainDecorator$ObservationFilter.wrapFilter(ObservationFilterChainDecorator.java:240)
	at org.springframework.security.web.ObservationFilterChainDecorator$ObservationFilter.doFilter(ObservationFilterChainDecorator.java:227)
	at org.springframework.security.web.ObservationFilterChainDecorator$VirtualFilterChain.doFilter(ObservationFilterChainDecorator.java:137)
	at org.springframework.security.web.authentication.logout.LogoutFilter.doFilter(LogoutFilter.java:107)
	at org.springframework.security.web.authentication.logout.LogoutFilter.doFilter(LogoutFilter.java:93)
	at org.springframework.security.web.ObservationFilterChainDecorator$ObservationFilter.wrapFilter(ObservationFilterChainDecorator.java:240)
	at org.springframework.security.web.ObservationFilterChainDecorator$ObservationFilter.doFilter(ObservationFilterChainDecorator.java:227)
	at org.springframework.security.web.ObservationFilterChainDecorator$VirtualFilterChain.doFilter(ObservationFilterChainDecorator.java:137)
	at org.springframework.web.filter.CorsFilter.doFilterInternal(CorsFilter.java:91)
	at org.springframework.web.filter.OncePerRequestFilter.doFilter(OncePerRequestFilter.java:116)
	at org.springframework.security.web.ObservationFilterChainDecorator$ObservationFilter.wrapFilter(ObservationFilterChainDecorator.java:240)
	at org.springframework.security.web.ObservationFilterChainDecorator$ObservationFilter.doFilter(ObservationFilterChainDecorator.java:227)
	at org.springframework.security.web.ObservationFilterChainDecorator$VirtualFilterChain.doFilter(ObservationFilterChainDecorator.java:137)
	at org.springframework.security.web.header.HeaderWriterFilter.doHeadersAfter(HeaderWriterFilter.java:90)
	at org.springframework.security.web.header.HeaderWriterFilter.doFilterInternal(HeaderWriterFilter.java:75)
	at org.springframework.web.filter.OncePerRequestFilter.doFilter(OncePerRequestFilter.java:116)
	at org.springframework.security.web.ObservationFilterChainDecorator$ObservationFilter.wrapFilter(ObservationFilterChainDecorator.java:240)
	at org.springframework.security.web.ObservationFilterChainDecorator$ObservationFilter.doFilter(ObservationFilterChainDecorator.java:227)
	at org.springframework.security.web.ObservationFilterChainDecorator$VirtualFilterChain.doFilter(ObservationFilterChainDecorator.java:137)
	at org.springframework.security.web.context.SecurityContextHolderFilter.doFilter(SecurityContextHolderFilter.java:82)
	at org.springframework.security.web.context.SecurityContextHolderFilter.doFilter(SecurityContextHolderFilter.java:69)
	at org.springframework.security.web.ObservationFilterChainDecorator$ObservationFilter.wrapFilter(ObservationFilterChainDecorator.java:240)
	at org.springframework.security.web.ObservationFilterChainDecorator$ObservationFilter.doFilter(ObservationFilterChainDecorator.java:227)
	at org.springframework.security.web.ObservationFilterChainDecorator$VirtualFilterChain.doFilter(ObservationFilterChainDecorator.java:137)
	at org.springframework.security.web.context.request.async.WebAsyncManagerIntegrationFilter.doFilterInternal(WebAsyncManagerIntegrationFilter.java:62)
	at org.springframework.web.filter.OncePerRequestFilter.doFilter(OncePerRequestFilter.java:116)
	at org.springframework.security.web.ObservationFilterChainDecorator$ObservationFilter.wrapFilter(ObservationFilterChainDecorator.java:240)
	at org.springframework.security.web.ObservationFilterChainDecorator$ObservationFilter.doFilter(ObservationFilterChainDecorator.java:227)
	at org.springframework.security.web.ObservationFilterChainDecorator$VirtualFilterChain.doFilter(ObservationFilterChainDecorator.java:137)
	at org.springframework.security.web.session.DisableEncodeUrlFilter.doFilterInternal(DisableEncodeUrlFilter.java:42)
	at org.springframework.web.filter.OncePerRequestFilter.doFilter(OncePerRequestFilter.java:116)
	at org.springframework.security.web.ObservationFilterChainDecorator$ObservationFilter.wrapFilter(ObservationFilterChainDecorator.java:240)
	at org.springframework.security.web.ObservationFilterChainDecorator$AroundFilterObservation$SimpleAroundFilterObservation.lambda$wrap$0(ObservationFilterChainDecorator.java:323)
	at org.springframework.security.web.ObservationFilterChainDecorator$ObservationFilter.doFilter(ObservationFilterChainDecorator.java:224)
	at org.springframework.security.web.ObservationFilterChainDecorator$VirtualFilterChain.doFilter(ObservationFilterChainDecorator.java:137)
	at org.springframework.security.web.FilterChainProxy.doFilterInternal(FilterChainProxy.java:233)
	at org.springframework.security.web.FilterChainProxy.doFilter(FilterChainProxy.java:191)
	at org.springframework.web.filter.CompositeFilter$VirtualFilterChain.doFilter(CompositeFilter.java:113)
	at org.springframework.web.servlet.handler.HandlerMappingIntrospector.lambda$createCacheFilter$3(HandlerMappingIntrospector.java:195)
	at org.springframework.web.filter.CompositeFilter$VirtualFilterChain.doFilter(CompositeFilter.java:113)
	at org.springframework.web.filter.CompositeFilter.doFilter(CompositeFilter.java:74)
	at org.springframework.security.config.annotation.web.configuration.WebMvcSecurityConfiguration$CompositeFilterChainProxy.doFilter(WebMvcSecurityConfiguration.java:230)
	at org.springframework.web.filter.DelegatingFilterProxy.invokeDelegate(DelegatingFilterProxy.java:352)
	at org.springframework.web.filter.DelegatingFilterProxy.doFilter(DelegatingFilterProxy.java:268)
	at org.apache.catalina.core.ApplicationFilterChain.internalDoFilter(ApplicationFilterChain.java:164)
	at org.apache.catalina.core.ApplicationFilterChain.doFilter(ApplicationFilterChain.java:140)
	at org.springframework.web.filter.RequestContextFilter.doFilterInternal(RequestContextFilter.java:100)
	at org.springframework.web.filter.OncePerRequestFilter.doFilter(OncePerRequestFilter.java:116)
	at org.apache.catalina.core.ApplicationFilterChain.internalDoFilter(ApplicationFilterChain.java:164)
	at org.apache.catalina.core.ApplicationFilterChain.doFilter(ApplicationFilterChain.java:140)
	at org.springframework.web.filter.FormContentFilter.doFilterInternal(FormContentFilter.java:93)
	at org.springframework.web.filter.OncePerRequestFilter.doFilter(OncePerRequestFilter.java:116)
	at org.apache.catalina.core.ApplicationFilterChain.internalDoFilter(ApplicationFilterChain.java:164)
	at org.apache.catalina.core.ApplicationFilterChain.doFilter(ApplicationFilterChain.java:140)
	at org.springframework.web.filter.ServerHttpObservationFilter.doFilterInternal(ServerHttpObservationFilter.java:107)
	at org.springframework.web.filter.OncePerRequestFilter.doFilter(OncePerRequestFilter.java:116)
	at org.apache.catalina.core.ApplicationFilterChain.internalDoFilter(ApplicationFilterChain.java:164)
	at org.apache.catalina.core.ApplicationFilterChain.doFilter(ApplicationFilterChain.java:140)
	at org.springframework.web.filter.CharacterEncodingFilter.doFilterInternal(CharacterEncodingFilter.java:201)
	at org.springframework.web.filter.OncePerRequestFilter.doFilter(OncePerRequestFilter.java:116)
	at org.apache.catalina.core.ApplicationFilterChain.internalDoFilter(ApplicationFilterChain.java:164)
	at org.apache.catalina.core.ApplicationFilterChain.doFilter(ApplicationFilterChain.java:140)
	at org.apache.catalina.core.StandardWrapperValve.invoke(StandardWrapperValve.java:167)
	at org.apache.catalina.core.StandardContextValve.invoke(StandardContextValve.java:90)
	at org.apache.catalina.authenticator.AuthenticatorBase.invoke(AuthenticatorBase.java:482)
	at org.apache.catalina.core.StandardHostValve.invoke(StandardHostValve.java:115)
	at org.apache.catalina.valves.ErrorReportValve.invoke(ErrorReportValve.java:93)
	at org.apache.catalina.core.StandardEngineValve.invoke(StandardEngineValve.java:74)
	at org.apache.catalina.connector.CoyoteAdapter.service(CoyoteAdapter.java:344)
	at org.apache.coyote.http11.Http11Processor.service(Http11Processor.java:389)
	at org.apache.coyote.AbstractProcessorLight.process(AbstractProcessorLight.java:63)
	at org.apache.coyote.AbstractProtocol$ConnectionHandler.process(AbstractProtocol.java:904)
	at org.apache.tomcat.util.net.NioEndpoint$SocketProcessor.doRun(NioEndpoint.java:1741)
	at org.apache.tomcat.util.net.SocketProcessorBase.run(SocketProcessorBase.java:52)
	at org.apache.tomcat.util.threads.ThreadPoolExecutor.runWorker(ThreadPoolExecutor.java:1190)
	at org.apache.tomcat.util.threads.ThreadPoolExecutor$Worker.run(ThreadPoolExecutor.java:659)
	at org.apache.tomcat.util.threads.TaskThread$WrappingRunnable.run(TaskThread.java:63)
	at java.base/java.lang.Thread.run(Thread.java:1583)
Caused by: java.sql.SQLException: Connection is closed
	at com.zaxxer.hikari.pool.ProxyConnection$ClosedConnection.lambda$getClosedConnection$0(ProxyConnection.java:503)
	at jdk.proxy3/jdk.proxy3.$Proxy97.rollback(Unknown Source)
	at com.zaxxer.hikari.pool.ProxyConnection.rollback(ProxyConnection.java:386)
	at com.zaxxer.hikari.pool.HikariProxyConnection.rollback(HikariProxyConnection.java)
	at org.springframework.jdbc.datasource.DataSourceTransactionManager.doRollback(DataSourceTransactionManager.java:352)
	... 149 common frames omitted
2026-02-02 17:51:31.253 [http-nio-8080-exec-9] INFO  c.b.c.d.c.DocumentController [c9cd9dd6-52a6-4aa7-ac35-42f7adcc1a14] - Document delete API starts:  /documentsDelete | request=DeleteDocumentRequest(documentIds=[2], deleteType=SOFT, reason=Not needed further) | userId=suyogita.shivare@accenture.com
2026-02-02 17:51:31.253 [http-nio-8080-exec-9] INFO  c.b.c.d.service.DocumentServiceImpl [c9cd9dd6-52a6-4aa7-ac35-42f7adcc1a14] - Delete document(s) start: deleteDocumentRequest=DeleteDocumentRequest(documentIds=[2], deleteType=SOFT, reason=Not needed further) | user=suyogita.shivare@accenture.com |deleteType=SOFT
2026-02-02 17:51:38.115 [http-nio-8080-exec-9] DEBUG o.s.jdbc.core.JdbcTemplate [c9cd9dd6-52a6-4aa7-ac35-42f7adcc1a14] - Executing prepared SQL query
2026-02-02 17:51:38.116 [http-nio-8080-exec-9] DEBUG o.s.jdbc.core.JdbcTemplate [c9cd9dd6-52a6-4aa7-ac35-42f7adcc1a14] - Executing prepared SQL statement [SELECT
 documentid,
 user_id,
 file_name,
 file_type,
 file_size,
 checksum,
 storage_path,
 is_deleted AS file_deleted,created_at,
 updated_at FROM documents
WHERE documentid IN (?)
AND user_id = ?
]
2026-02-02 17:51:38.117 [http-nio-8080-exec-9] DEBUG o.s.jdbc.core.BeanPropertyRowMapper [c9cd9dd6-52a6-4aa7-ac35-42f7adcc1a14] - Mapping column 'DOCUMENTID' to property 'documentId' of type 'java.lang.Long'
2026-02-02 17:51:38.117 [http-nio-8080-exec-9] DEBUG o.s.jdbc.core.BeanPropertyRowMapper [c9cd9dd6-52a6-4aa7-ac35-42f7adcc1a14] - Mapping column 'USER_ID' to property 'userId' of type 'java.lang.String'
2026-02-02 17:51:38.118 [http-nio-8080-exec-9] DEBUG o.s.jdbc.core.BeanPropertyRowMapper [c9cd9dd6-52a6-4aa7-ac35-42f7adcc1a14] - Mapping column 'FILE_NAME' to property 'fileName' of type 'java.lang.String'
2026-02-02 17:51:38.118 [http-nio-8080-exec-9] DEBUG o.s.jdbc.core.BeanPropertyRowMapper [c9cd9dd6-52a6-4aa7-ac35-42f7adcc1a14] - Mapping column 'FILE_TYPE' to property 'fileType' of type 'java.lang.String'
2026-02-02 17:51:38.118 [http-nio-8080-exec-9] DEBUG o.s.jdbc.core.BeanPropertyRowMapper [c9cd9dd6-52a6-4aa7-ac35-42f7adcc1a14] - Mapping column 'FILE_SIZE' to property 'fileSize' of type 'java.lang.Long'
2026-02-02 17:51:38.118 [http-nio-8080-exec-9] DEBUG o.s.jdbc.core.BeanPropertyRowMapper [c9cd9dd6-52a6-4aa7-ac35-42f7adcc1a14] - Mapping column 'CHECKSUM' to property 'checksum' of type 'java.lang.String'
2026-02-02 17:51:38.118 [http-nio-8080-exec-9] DEBUG o.s.jdbc.core.BeanPropertyRowMapper [c9cd9dd6-52a6-4aa7-ac35-42f7adcc1a14] - Mapping column 'STORAGE_PATH' to property 'storagePath' of type 'java.lang.String'
2026-02-02 17:51:38.118 [http-nio-8080-exec-9] DEBUG o.s.jdbc.core.BeanPropertyRowMapper [c9cd9dd6-52a6-4aa7-ac35-42f7adcc1a14] - Mapping column 'FILE_DELETED' to property 'fileDeleted' of type 'boolean'
2026-02-02 17:51:38.119 [http-nio-8080-exec-9] DEBUG o.s.jdbc.core.BeanPropertyRowMapper [c9cd9dd6-52a6-4aa7-ac35-42f7adcc1a14] - Mapping column 'CREATED_AT' to property 'createdAt' of type 'java.time.LocalDateTime'
2026-02-02 17:51:38.119 [http-nio-8080-exec-9] DEBUG o.s.jdbc.core.BeanPropertyRowMapper [c9cd9dd6-52a6-4aa7-ac35-42f7adcc1a14] - Mapping column 'UPDATED_AT' to property 'updatedAt' of type 'java.time.LocalDateTime'
2026-02-02 17:51:38.119 [http-nio-8080-exec-9] INFO  c.b.c.d.service.DocumentServiceImpl [c9cd9dd6-52a6-4aa7-ac35-42f7adcc1a14] - Fetched documents from DB= | requested=1 | found=1 
2026-02-02 17:51:43.321 [http-nio-8080-exec-9] INFO  c.b.c.d.service.DocumentServiceImpl [c9cd9dd6-52a6-4aa7-ac35-42f7adcc1a14] - Document split| active(non-deleted)=1 | softDeleted=+0 
2026-02-02 17:51:44.652 [http-nio-8080-exec-9] INFO  c.b.c.d.service.DocumentServiceImpl [c9cd9dd6-52a6-4aa7-ac35-42f7adcc1a14] - Soft delete initiared..
2026-02-02 17:51:56.480 [http-nio-8080-exec-9] DEBUG o.s.jdbc.core.JdbcTemplate [c9cd9dd6-52a6-4aa7-ac35-42f7adcc1a14] - Executing prepared SQL update
2026-02-02 17:51:56.481 [http-nio-8080-exec-9] DEBUG o.s.jdbc.core.JdbcTemplate [c9cd9dd6-52a6-4aa7-ac35-42f7adcc1a14] - Executing prepared SQL statement [INSERT INTO document_audit(documentid,action,performed_by,reason)
VALUES (?, ?, ?, ?)
]
2026-02-02 17:52:24.651 [http-nio-8080-exec-9] INFO  c.b.c.d.service.DocumentServiceImpl [c9cd9dd6-52a6-4aa7-ac35-42f7adcc1a14] - Soft delete initiared for DB..
2026-02-02 17:52:27.488 [http-nio-8080-exec-9] DEBUG o.s.jdbc.core.JdbcTemplate [c9cd9dd6-52a6-4aa7-ac35-42f7adcc1a14] - Executing prepared SQL update
2026-02-02 17:52:27.488 [http-nio-8080-exec-9] DEBUG o.s.jdbc.core.JdbcTemplate [c9cd9dd6-52a6-4aa7-ac35-42f7adcc1a14] - Executing prepared SQL statement [UPDATE documents
SET is_deleted = true,
    deleted_at = CURRENT_TIMESTAMP,
    deleted_by = ?,
    user_id= ?
WHERE documentid IN (?)
]
2026-02-02 17:52:29.496 [http-nio-8080-exec-9] WARN  c.zaxxer.hikari.pool.ProxyConnection [c9cd9dd6-52a6-4aa7-ac35-42f7adcc1a14] - HikariPool-1 - Connection conn2: url=jdbc:h2:file:C:/Document_Management/h2/documentdb user=SA marked as broken because of SQLSTATE(HYT00), ErrorCode(50200)
org.h2.jdbc.JdbcSQLTimeoutException: Timeout trying to lock table "DOCUMENTS"; SQL statement:
UPDATE documents
SET is_deleted = true,
    deleted_at = CURRENT_TIMESTAMP,
    deleted_by = ?,
    user_id= ?
WHERE documentid IN (?) [50200-224]
	at org.h2.message.DbException.getJdbcSQLException(DbException.java:572)
	at org.h2.message.DbException.getJdbcSQLException(DbException.java:489)
	at org.h2.message.DbException.get(DbException.java:212)
	at org.h2.mvstore.db.MVTable.convertException(MVTable.java:695)
	at org.h2.mvstore.db.MVTable.convertLockException(MVTable.java:689)
	at org.h2.mvstore.db.MVPrimaryIndex.lockRow(MVPrimaryIndex.java:227)
	at org.h2.mvstore.db.MVPrimaryIndex.lockRow(MVPrimaryIndex.java:220)
	at org.h2.mvstore.db.MVTable.lockRow(MVTable.java:555)
	at org.h2.command.dml.Update.update(Update.java:70)
	at org.h2.command.dml.DataChangeStatement.update(DataChangeStatement.java:74)
	at org.h2.command.CommandContainer.update(CommandContainer.java:169)
	at org.h2.command.Command.executeUpdate(Command.java:256)
	at org.h2.jdbc.JdbcPreparedStatement.executeUpdateInternal(JdbcPreparedStatement.java:216)
	at org.h2.jdbc.JdbcPreparedStatement.executeUpdate(JdbcPreparedStatement.java:174)
	at com.zaxxer.hikari.pool.ProxyPreparedStatement.executeUpdate(ProxyPreparedStatement.java:61)
	at com.zaxxer.hikari.pool.HikariProxyPreparedStatement.executeUpdate(HikariProxyPreparedStatement.java)
	at org.springframework.jdbc.core.JdbcTemplate.lambda$update$2(JdbcTemplate.java:975)
	at org.springframework.jdbc.core.JdbcTemplate.execute(JdbcTemplate.java:658)
	at org.springframework.jdbc.core.JdbcTemplate.update(JdbcTemplate.java:970)
	at org.springframework.jdbc.core.JdbcTemplate.update(JdbcTemplate.java:991)
	at org.springframework.jdbc.core.namedparam.NamedParameterJdbcTemplate.update(NamedParameterJdbcTemplate.java:337)
	at com.banking.creditjourney.document.repository.DocumentRepository.softDeleteByIds(DocumentRepository.java:73)
	at java.base/jdk.internal.reflect.DirectMethodHandleAccessor.invoke(DirectMethodHandleAccessor.java:103)
	at java.base/java.lang.reflect.Method.invoke(Method.java:580)
	at org.springframework.aop.support.AopUtils.invokeJoinpointUsingReflection(AopUtils.java:354)
	at org.springframework.aop.framework.ReflectiveMethodInvocation.invokeJoinpoint(ReflectiveMethodInvocation.java:196)
	at org.springframework.aop.framework.ReflectiveMethodInvocation.proceed(ReflectiveMethodInvocation.java:163)
	at org.springframework.aop.framework.CglibAopProxy$CglibMethodInvocation.proceed(CglibAopProxy.java:768)
	at org.springframework.dao.support.PersistenceExceptionTranslationInterceptor.invoke(PersistenceExceptionTranslationInterceptor.java:138)
	at org.springframework.aop.framework.ReflectiveMethodInvocation.proceed(ReflectiveMethodInvocation.java:184)
	at org.springframework.aop.framework.CglibAopProxy$CglibMethodInvocation.proceed(CglibAopProxy.java:768)
	at org.springframework.aop.framework.CglibAopProxy$DynamicAdvisedInterceptor.intercept(CglibAopProxy.java:720)
	at com.banking.creditjourney.document.repository.DocumentRepository$$SpringCGLIB$$0.softDeleteByIds(<generated>)
	at com.banking.creditjourney.document.service.DocumentServiceImpl.documentDeletes(DocumentServiceImpl.java:138)
	at java.base/jdk.internal.reflect.DirectMethodHandleAccessor.invoke(DirectMethodHandleAccessor.java:103)
	at java.base/java.lang.reflect.Method.invoke(Method.java:580)
	at org.springframework.aop.support.AopUtils.invokeJoinpointUsingReflection(AopUtils.java:354)
	at org.springframework.aop.framework.ReflectiveMethodInvocation.invokeJoinpoint(ReflectiveMethodInvocation.java:196)
	at org.springframework.aop.framework.ReflectiveMethodInvocation.proceed(ReflectiveMethodInvocation.java:163)
	at org.springframework.aop.framework.CglibAopProxy$CglibMethodInvocation.proceed(CglibAopProxy.java:768)
	at org.springframework.transaction.interceptor.TransactionInterceptor$1.proceedWithInvocation(TransactionInterceptor.java:123)
	at org.springframework.transaction.interceptor.TransactionAspectSupport.invokeWithinTransaction(TransactionAspectSupport.java:392)
	at org.springframework.transaction.interceptor.TransactionInterceptor.invoke(TransactionInterceptor.java:119)
	at org.springframework.aop.framework.ReflectiveMethodInvocation.proceed(ReflectiveMethodInvocation.java:184)
	at org.springframework.aop.framework.CglibAopProxy$CglibMethodInvocation.proceed(CglibAopProxy.java:768)
	at org.springframework.aop.framework.CglibAopProxy$DynamicAdvisedInterceptor.intercept(CglibAopProxy.java:720)
	at com.banking.creditjourney.document.service.DocumentServiceImpl$$SpringCGLIB$$0.documentDeletes(<generated>)
	at com.banking.creditjourney.document.controller.DocumentController.documentDelete(DocumentController.java:97)
	at java.base/jdk.internal.reflect.DirectMethodHandleAccessor.invoke(DirectMethodHandleAccessor.java:103)
	at java.base/java.lang.reflect.Method.invoke(Method.java:580)
	at org.springframework.web.method.support.InvocableHandlerMethod.doInvoke(InvocableHandlerMethod.java:255)
	at org.springframework.web.method.support.InvocableHandlerMethod.invokeForRequest(InvocableHandlerMethod.java:188)
	at org.springframework.web.servlet.mvc.method.annotation.ServletInvocableHandlerMethod.invokeAndHandle(ServletInvocableHandlerMethod.java:118)
	at org.springframework.web.servlet.mvc.method.annotation.RequestMappingHandlerAdapter.invokeHandlerMethod(RequestMappingHandlerAdapter.java:926)
	at org.springframework.web.servlet.mvc.method.annotation.RequestMappingHandlerAdapter.handleInternal(RequestMappingHandlerAdapter.java:831)
	at org.springframework.web.servlet.mvc.method.AbstractHandlerMethodAdapter.handle(AbstractHandlerMethodAdapter.java:87)
	at org.springframework.web.servlet.DispatcherServlet.doDispatch(DispatcherServlet.java:1089)
	at org.springframework.web.servlet.DispatcherServlet.doService(DispatcherServlet.java:979)
	at org.springframework.web.servlet.FrameworkServlet.processRequest(FrameworkServlet.java:1014)
	at org.springframework.web.servlet.FrameworkServlet.doDelete(FrameworkServlet.java:936)
	at jakarta.servlet.http.HttpServlet.service(HttpServlet.java:596)
	at org.springframework.web.servlet.FrameworkServlet.service(FrameworkServlet.java:885)
	at jakarta.servlet.http.HttpServlet.service(HttpServlet.java:658)
	at org.apache.catalina.core.ApplicationFilterChain.internalDoFilter(ApplicationFilterChain.java:195)
	at org.apache.catalina.core.ApplicationFilterChain.doFilter(ApplicationFilterChain.java:140)
	at org.apache.tomcat.websocket.server.WsFilter.doFilter(WsFilter.java:51)
	at org.apache.catalina.core.ApplicationFilterChain.internalDoFilter(ApplicationFilterChain.java:164)
	at org.apache.catalina.core.ApplicationFilterChain.doFilter(ApplicationFilterChain.java:140)
	at org.springframework.web.filter.OncePerRequestFilter.doFilter(OncePerRequestFilter.java:110)
	at org.apache.catalina.core.ApplicationFilterChain.internalDoFilter(ApplicationFilterChain.java:164)
	at org.apache.catalina.core.ApplicationFilterChain.doFilter(ApplicationFilterChain.java:140)
	at com.banking.creditjourney.document.security.CorrelationIdFilter.doFilterInternal(CorrelationIdFilter.java:31)
	at org.springframework.web.filter.OncePerRequestFilter.doFilter(OncePerRequestFilter.java:116)
	at org.apache.catalina.core.ApplicationFilterChain.internalDoFilter(ApplicationFilterChain.java:164)
	at org.apache.catalina.core.ApplicationFilterChain.doFilter(ApplicationFilterChain.java:140)
	at org.springframework.web.filter.CompositeFilter$VirtualFilterChain.doFilter(CompositeFilter.java:108)
	at org.springframework.security.web.FilterChainProxy.lambda$doFilterInternal$3(FilterChainProxy.java:231)
	at org.springframework.security.web.ObservationFilterChainDecorator$FilterObservation$SimpleFilterObservation.lambda$wrap$1(ObservationFilterChainDecorator.java:479)
	at org.springframework.security.web.ObservationFilterChainDecorator$AroundFilterObservation$SimpleAroundFilterObservation.lambda$wrap$1(ObservationFilterChainDecorator.java:340)
	at org.springframework.security.web.ObservationFilterChainDecorator.lambda$wrapSecured$0(ObservationFilterChainDecorator.java:82)
	at org.springframework.security.web.ObservationFilterChainDecorator$VirtualFilterChain.doFilter(ObservationFilterChainDecorator.java:128)
	at org.springframework.security.web.access.intercept.AuthorizationFilter.doFilter(AuthorizationFilter.java:100)
	at org.springframework.security.web.ObservationFilterChainDecorator$ObservationFilter.wrapFilter(ObservationFilterChainDecorator.java:240)
	at org.springframework.security.web.ObservationFilterChainDecorator$ObservationFilter.doFilter(ObservationFilterChainDecorator.java:227)
	at org.springframework.security.web.ObservationFilterChainDecorator$VirtualFilterChain.doFilter(ObservationFilterChainDecorator.java:137)
	at org.springframework.security.web.access.ExceptionTranslationFilter.doFilter(ExceptionTranslationFilter.java:126)
	at org.springframework.security.web.access.ExceptionTranslationFilter.doFilter(ExceptionTranslationFilter.java:120)
	at org.springframework.security.web.ObservationFilterChainDecorator$ObservationFilter.wrapFilter(ObservationFilterChainDecorator.java:240)
	at org.springframework.security.web.ObservationFilterChainDecorator$ObservationFilter.doFilter(ObservationFilterChainDecorator.java:227)
	at org.springframework.security.web.ObservationFilterChainDecorator$VirtualFilterChain.doFilter(ObservationFilterChainDecorator.java:137)
	at org.springframework.security.web.authentication.AnonymousAuthenticationFilter.doFilter(AnonymousAuthenticationFilter.java:100)
	at org.springframework.security.web.ObservationFilterChainDecorator$ObservationFilter.wrapFilter(ObservationFilterChainDecorator.java:240)
	at org.springframework.security.web.ObservationFilterChainDecorator$ObservationFilter.doFilter(ObservationFilterChainDecorator.java:227)
	at org.springframework.security.web.ObservationFilterChainDecorator$VirtualFilterChain.doFilter(ObservationFilterChainDecorator.java:137)
	at org.springframework.security.web.servletapi.SecurityContextHolderAwareRequestFilter.doFilter(SecurityContextHolderAwareRequestFilter.java:179)
	at org.springframework.security.web.ObservationFilterChainDecorator$ObservationFilter.wrapFilter(ObservationFilterChainDecorator.java:240)
	at org.springframework.security.web.ObservationFilterChainDecorator$ObservationFilter.doFilter(ObservationFilterChainDecorator.java:227)
	at org.springframework.security.web.ObservationFilterChainDecorator$VirtualFilterChain.doFilter(ObservationFilterChainDecorator.java:137)
	at org.springframework.security.web.savedrequest.RequestCacheAwareFilter.doFilter(RequestCacheAwareFilter.java:63)
	at org.springframework.security.web.ObservationFilterChainDecorator$ObservationFilter.wrapFilter(ObservationFilterChainDecorator.java:240)
	at org.springframework.security.web.ObservationFilterChainDecorator$ObservationFilter.doFilter(ObservationFilterChainDecorator.java:227)
	at org.springframework.security.web.ObservationFilterChainDecorator$VirtualFilterChain.doFilter(ObservationFilterChainDecorator.java:137)
	at org.springframework.security.web.authentication.www.BasicAuthenticationFilter.doFilterInternal(BasicAuthenticationFilter.java:181)
	at org.springframework.web.filter.OncePerRequestFilter.doFilter(OncePerRequestFilter.java:116)
	at org.springframework.security.web.ObservationFilterChainDecorator$ObservationFilter.wrapFilter(ObservationFilterChainDecorator.java:240)
	at org.springframework.security.web.ObservationFilterChainDecorator$ObservationFilter.doFilter(ObservationFilterChainDecorator.java:227)
	at org.springframework.security.web.ObservationFilterChainDecorator$VirtualFilterChain.doFilter(ObservationFilterChainDecorator.java:137)
	at com.banking.creditjourney.document.security.JwtAuthenticationFilter.doFilterInternal(JwtAuthenticationFilter.java:34)
	at org.springframework.web.filter.OncePerRequestFilter.doFilter(OncePerRequestFilter.java:116)
	at org.springframework.security.web.ObservationFilterChainDecorator$ObservationFilter.wrapFilter(ObservationFilterChainDecorator.java:240)
	at org.springframework.security.web.ObservationFilterChainDecorator$ObservationFilter.doFilter(ObservationFilterChainDecorator.java:227)
	at org.springframework.security.web.ObservationFilterChainDecorator$VirtualFilterChain.doFilter(ObservationFilterChainDecorator.java:137)
	at org.springframework.security.web.authentication.logout.LogoutFilter.doFilter(LogoutFilter.java:107)
	at org.springframework.security.web.authentication.logout.LogoutFilter.doFilter(LogoutFilter.java:93)
	at org.springframework.security.web.ObservationFilterChainDecorator$ObservationFilter.wrapFilter(ObservationFilterChainDecorator.java:240)
	at org.springframework.security.web.ObservationFilterChainDecorator$ObservationFilter.doFilter(ObservationFilterChainDecorator.java:227)
	at org.springframework.security.web.ObservationFilterChainDecorator$VirtualFilterChain.doFilter(ObservationFilterChainDecorator.java:137)
	at org.springframework.web.filter.CorsFilter.doFilterInternal(CorsFilter.java:91)
	at org.springframework.web.filter.OncePerRequestFilter.doFilter(OncePerRequestFilter.java:116)
	at org.springframework.security.web.ObservationFilterChainDecorator$ObservationFilter.wrapFilter(ObservationFilterChainDecorator.java:240)
	at org.springframework.security.web.ObservationFilterChainDecorator$ObservationFilter.doFilter(ObservationFilterChainDecorator.java:227)
	at org.springframework.security.web.ObservationFilterChainDecorator$VirtualFilterChain.doFilter(ObservationFilterChainDecorator.java:137)
	at org.springframework.security.web.header.HeaderWriterFilter.doHeadersAfter(HeaderWriterFilter.java:90)
	at org.springframework.security.web.header.HeaderWriterFilter.doFilterInternal(HeaderWriterFilter.java:75)
	at org.springframework.web.filter.OncePerRequestFilter.doFilter(OncePerRequestFilter.java:116)
	at org.springframework.security.web.ObservationFilterChainDecorator$ObservationFilter.wrapFilter(ObservationFilterChainDecorator.java:240)
	at org.springframework.security.web.ObservationFilterChainDecorator$ObservationFilter.doFilter(ObservationFilterChainDecorator.java:227)
	at org.springframework.security.web.ObservationFilterChainDecorator$VirtualFilterChain.doFilter(ObservationFilterChainDecorator.java:137)
	at org.springframework.security.web.context.SecurityContextHolderFilter.doFilter(SecurityContextHolderFilter.java:82)
	at org.springframework.security.web.context.SecurityContextHolderFilter.doFilter(SecurityContextHolderFilter.java:69)
	at org.springframework.security.web.ObservationFilterChainDecorator$ObservationFilter.wrapFilter(ObservationFilterChainDecorator.java:240)
	at org.springframework.security.web.ObservationFilterChainDecorator$ObservationFilter.doFilter(ObservationFilterChainDecorator.java:227)
	at org.springframework.security.web.ObservationFilterChainDecorator$VirtualFilterChain.doFilter(ObservationFilterChainDecorator.java:137)
	at org.springframework.security.web.context.request.async.WebAsyncManagerIntegrationFilter.doFilterInternal(WebAsyncManagerIntegrationFilter.java:62)
	at org.springframework.web.filter.OncePerRequestFilter.doFilter(OncePerRequestFilter.java:116)
	at org.springframework.security.web.ObservationFilterChainDecorator$ObservationFilter.wrapFilter(ObservationFilterChainDecorator.java:240)
	at org.springframework.security.web.ObservationFilterChainDecorator$ObservationFilter.doFilter(ObservationFilterChainDecorator.java:227)
	at org.springframework.security.web.ObservationFilterChainDecorator$VirtualFilterChain.doFilter(ObservationFilterChainDecorator.java:137)
	at org.springframework.security.web.session.DisableEncodeUrlFilter.doFilterInternal(DisableEncodeUrlFilter.java:42)
	at org.springframework.web.filter.OncePerRequestFilter.doFilter(OncePerRequestFilter.java:116)
	at org.springframework.security.web.ObservationFilterChainDecorator$ObservationFilter.wrapFilter(ObservationFilterChainDecorator.java:240)
	at org.springframework.security.web.ObservationFilterChainDecorator$AroundFilterObservation$SimpleAroundFilterObservation.lambda$wrap$0(ObservationFilterChainDecorator.java:323)
	at org.springframework.security.web.ObservationFilterChainDecorator$ObservationFilter.doFilter(ObservationFilterChainDecorator.java:224)
	at org.springframework.security.web.ObservationFilterChainDecorator$VirtualFilterChain.doFilter(ObservationFilterChainDecorator.java:137)
	at org.springframework.security.web.FilterChainProxy.doFilterInternal(FilterChainProxy.java:233)
	at org.springframework.security.web.FilterChainProxy.doFilter(FilterChainProxy.java:191)
	at org.springframework.web.filter.CompositeFilter$VirtualFilterChain.doFilter(CompositeFilter.java:113)
	at org.springframework.web.servlet.handler.HandlerMappingIntrospector.lambda$createCacheFilter$3(HandlerMappingIntrospector.java:195)
	at org.springframework.web.filter.CompositeFilter$VirtualFilterChain.doFilter(CompositeFilter.java:113)
	at org.springframework.web.filter.CompositeFilter.doFilter(CompositeFilter.java:74)
	at org.springframework.security.config.annotation.web.configuration.WebMvcSecurityConfiguration$CompositeFilterChainProxy.doFilter(WebMvcSecurityConfiguration.java:230)
	at org.springframework.web.filter.DelegatingFilterProxy.invokeDelegate(DelegatingFilterProxy.java:352)
	at org.springframework.web.filter.DelegatingFilterProxy.doFilter(DelegatingFilterProxy.java:268)
	at org.apache.catalina.core.ApplicationFilterChain.internalDoFilter(ApplicationFilterChain.java:164)
	at org.apache.catalina.core.ApplicationFilterChain.doFilter(ApplicationFilterChain.java:140)
	at org.springframework.web.filter.RequestContextFilter.doFilterInternal(RequestContextFilter.java:100)
	at org.springframework.web.filter.OncePerRequestFilter.doFilter(OncePerRequestFilter.java:116)
	at org.apache.catalina.core.ApplicationFilterChain.internalDoFilter(ApplicationFilterChain.java:164)
	at org.apache.catalina.core.ApplicationFilterChain.doFilter(ApplicationFilterChain.java:140)
	at org.springframework.web.filter.FormContentFilter.doFilterInternal(FormContentFilter.java:93)
	at org.springframework.web.filter.OncePerRequestFilter.doFilter(OncePerRequestFilter.java:116)
	at org.apache.catalina.core.ApplicationFilterChain.internalDoFilter(ApplicationFilterChain.java:164)
	at org.apache.catalina.core.ApplicationFilterChain.doFilter(ApplicationFilterChain.java:140)
	at org.springframework.web.filter.ServerHttpObservationFilter.doFilterInternal(ServerHttpObservationFilter.java:107)
	at org.springframework.web.filter.OncePerRequestFilter.doFilter(OncePerRequestFilter.java:116)
	at org.apache.catalina.core.ApplicationFilterChain.internalDoFilter(ApplicationFilterChain.java:164)
	at org.apache.catalina.core.ApplicationFilterChain.doFilter(ApplicationFilterChain.java:140)
	at org.springframework.web.filter.CharacterEncodingFilter.doFilterInternal(CharacterEncodingFilter.java:201)
	at org.springframework.web.filter.OncePerRequestFilter.doFilter(OncePerRequestFilter.java:116)
	at org.apache.catalina.core.ApplicationFilterChain.internalDoFilter(ApplicationFilterChain.java:164)
	at org.apache.catalina.core.ApplicationFilterChain.doFilter(ApplicationFilterChain.java:140)
	at org.apache.catalina.core.StandardWrapperValve.invoke(StandardWrapperValve.java:167)
	at org.apache.catalina.core.StandardContextValve.invoke(StandardContextValve.java:90)
	at org.apache.catalina.authenticator.AuthenticatorBase.invoke(AuthenticatorBase.java:482)
	at org.apache.catalina.core.StandardHostValve.invoke(StandardHostValve.java:115)
	at org.apache.catalina.valves.ErrorReportValve.invoke(ErrorReportValve.java:93)
	at org.apache.catalina.core.StandardEngineValve.invoke(StandardEngineValve.java:74)
	at org.apache.catalina.connector.CoyoteAdapter.service(CoyoteAdapter.java:344)
	at org.apache.coyote.http11.Http11Processor.service(Http11Processor.java:389)
	at org.apache.coyote.AbstractProcessorLight.process(AbstractProcessorLight.java:63)
	at org.apache.coyote.AbstractProtocol$ConnectionHandler.process(AbstractProtocol.java:904)
	at org.apache.tomcat.util.net.NioEndpoint$SocketProcessor.doRun(NioEndpoint.java:1741)
	at org.apache.tomcat.util.net.SocketProcessorBase.run(SocketProcessorBase.java:52)
	at org.apache.tomcat.util.threads.ThreadPoolExecutor.runWorker(ThreadPoolExecutor.java:1190)
	at org.apache.tomcat.util.threads.ThreadPoolExecutor$Worker.run(ThreadPoolExecutor.java:659)
	at org.apache.tomcat.util.threads.TaskThread$WrappingRunnable.run(TaskThread.java:63)
	at java.base/java.lang.Thread.run(Thread.java:1583)
Caused by: org.h2.mvstore.MVStoreException: Map entry <table.7> with key <2> and value ( /* key:2 */ CAST(2 AS BIGINT), 'suyogita.shivare@accenture.com', 'Rent_Recipt.pdf', 'application/pdf', CAST(608698 AS BIGINT), 'e7ccb6e13d1028aac9f98cf2cea8888c3be25e5e18951931d7468a5e69c0fcdf', 'C:\Document_Management\PDF_Uploads\Rent_Recipt.pdf', TRUE, TIMESTAMP '2026-02-02 17:38:42.409029', TIMESTAMP '2026-02-02 17:41:33.582116', 'suyogita.shivare@accenture.com', TIMESTAMP '2026-02-02 17:38:42.409029') 1/8 ( /* key:2 */ CAST(2 AS BIGINT), 'suyogita.shivare@accenture.com', 'Rent_Recipt.pdf', 'application/pdf', CAST(608698 AS BIGINT), 'e7ccb6e13d1028aac9f98cf2cea8888c3be25e5e18951931d7468a5e69c0fcdf', 'C:\Document_Management\PDF_Uploads\Rent_Recipt.pdf', FALSE, TIMESTAMP '2026-02-02 17:38:42.409029', TIMESTAMP '2026-02-02 17:38:42.409029', NULL, TIMESTAMP '2026-02-02 17:38:42.409029') is locked by tx 1 and can not be updated by tx 2 within allocated time interval 2000 ms. [2.2.224/101]
	at org.h2.mvstore.DataUtils.newMVStoreException(DataUtils.java:996)
	at org.h2.mvstore.tx.TransactionMap.set(TransactionMap.java:383)
	at org.h2.mvstore.tx.TransactionMap.lock(TransactionMap.java:329)
	at org.h2.mvstore.db.MVPrimaryIndex.lockRow(MVPrimaryIndex.java:225)
	... 181 common frames omitted
2026-02-02 17:52:29.499 [http-nio-8080-exec-9] ERROR o.s.t.i.TransactionInterceptor [c9cd9dd6-52a6-4aa7-ac35-42f7adcc1a14] - Application exception overridden by rollback exception
org.springframework.dao.QueryTimeoutException: PreparedStatementCallback; SQL [UPDATE documents
SET is_deleted = true,
    deleted_at = CURRENT_TIMESTAMP,
    deleted_by = ?,
    user_id= ?
WHERE documentid IN (?)
]; Timeout trying to lock table "DOCUMENTS"; SQL statement:
UPDATE documents
SET is_deleted = true,
    deleted_at = CURRENT_TIMESTAMP,
    deleted_by = ?,
    user_id= ?
WHERE documentid IN (?) [50200-224]
	at org.springframework.jdbc.support.SQLExceptionSubclassTranslator.doTranslate(SQLExceptionSubclassTranslator.java:83)
	at org.springframework.jdbc.support.AbstractFallbackSQLExceptionTranslator.translate(AbstractFallbackSQLExceptionTranslator.java:107)
	at org.springframework.jdbc.core.JdbcTemplate.translateException(JdbcTemplate.java:1548)
	at org.springframework.jdbc.core.JdbcTemplate.execute(JdbcTemplate.java:677)
	at org.springframework.jdbc.core.JdbcTemplate.update(JdbcTemplate.java:970)
	at org.springframework.jdbc.core.JdbcTemplate.update(JdbcTemplate.java:991)
	at org.springframework.jdbc.core.namedparam.NamedParameterJdbcTemplate.update(NamedParameterJdbcTemplate.java:337)
	at com.banking.creditjourney.document.repository.DocumentRepository.softDeleteByIds(DocumentRepository.java:73)
	at java.base/jdk.internal.reflect.DirectMethodHandleAccessor.invoke(DirectMethodHandleAccessor.java:103)
	at java.base/java.lang.reflect.Method.invoke(Method.java:580)
	at org.springframework.aop.support.AopUtils.invokeJoinpointUsingReflection(AopUtils.java:354)
	at org.springframework.aop.framework.ReflectiveMethodInvocation.invokeJoinpoint(ReflectiveMethodInvocation.java:196)
	at org.springframework.aop.framework.ReflectiveMethodInvocation.proceed(ReflectiveMethodInvocation.java:163)
	at org.springframework.aop.framework.CglibAopProxy$CglibMethodInvocation.proceed(CglibAopProxy.java:768)
	at org.springframework.dao.support.PersistenceExceptionTranslationInterceptor.invoke(PersistenceExceptionTranslationInterceptor.java:138)
	at org.springframework.aop.framework.ReflectiveMethodInvocation.proceed(ReflectiveMethodInvocation.java:184)
	at org.springframework.aop.framework.CglibAopProxy$CglibMethodInvocation.proceed(CglibAopProxy.java:768)
	at org.springframework.aop.framework.CglibAopProxy$DynamicAdvisedInterceptor.intercept(CglibAopProxy.java:720)
	at com.banking.creditjourney.document.repository.DocumentRepository$$SpringCGLIB$$0.softDeleteByIds(<generated>)
	at com.banking.creditjourney.document.service.DocumentServiceImpl.documentDeletes(DocumentServiceImpl.java:138)
	at java.base/jdk.internal.reflect.DirectMethodHandleAccessor.invoke(DirectMethodHandleAccessor.java:103)
	at java.base/java.lang.reflect.Method.invoke(Method.java:580)
	at org.springframework.aop.support.AopUtils.invokeJoinpointUsingReflection(AopUtils.java:354)
	at org.springframework.aop.framework.ReflectiveMethodInvocation.invokeJoinpoint(ReflectiveMethodInvocation.java:196)
	at org.springframework.aop.framework.ReflectiveMethodInvocation.proceed(ReflectiveMethodInvocation.java:163)
	at org.springframework.aop.framework.CglibAopProxy$CglibMethodInvocation.proceed(CglibAopProxy.java:768)
	at org.springframework.transaction.interceptor.TransactionInterceptor$1.proceedWithInvocation(TransactionInterceptor.java:123)
	at org.springframework.transaction.interceptor.TransactionAspectSupport.invokeWithinTransaction(TransactionAspectSupport.java:392)
	at org.springframework.transaction.interceptor.TransactionInterceptor.invoke(TransactionInterceptor.java:119)
	at org.springframework.aop.framework.ReflectiveMethodInvocation.proceed(ReflectiveMethodInvocation.java:184)
	at org.springframework.aop.framework.CglibAopProxy$CglibMethodInvocation.proceed(CglibAopProxy.java:768)
	at org.springframework.aop.framework.CglibAopProxy$DynamicAdvisedInterceptor.intercept(CglibAopProxy.java:720)
	at com.banking.creditjourney.document.service.DocumentServiceImpl$$SpringCGLIB$$0.documentDeletes(<generated>)
	at com.banking.creditjourney.document.controller.DocumentController.documentDelete(DocumentController.java:97)
	at java.base/jdk.internal.reflect.DirectMethodHandleAccessor.invoke(DirectMethodHandleAccessor.java:103)
	at java.base/java.lang.reflect.Method.invoke(Method.java:580)
	at org.springframework.web.method.support.InvocableHandlerMethod.doInvoke(InvocableHandlerMethod.java:255)
	at org.springframework.web.method.support.InvocableHandlerMethod.invokeForRequest(InvocableHandlerMethod.java:188)
	at org.springframework.web.servlet.mvc.method.annotation.ServletInvocableHandlerMethod.invokeAndHandle(ServletInvocableHandlerMethod.java:118)
	at org.springframework.web.servlet.mvc.method.annotation.RequestMappingHandlerAdapter.invokeHandlerMethod(RequestMappingHandlerAdapter.java:926)
	at org.springframework.web.servlet.mvc.method.annotation.RequestMappingHandlerAdapter.handleInternal(RequestMappingHandlerAdapter.java:831)
	at org.springframework.web.servlet.mvc.method.AbstractHandlerMethodAdapter.handle(AbstractHandlerMethodAdapter.java:87)
	at org.springframework.web.servlet.DispatcherServlet.doDispatch(DispatcherServlet.java:1089)
	at org.springframework.web.servlet.DispatcherServlet.doService(DispatcherServlet.java:979)
	at org.springframework.web.servlet.FrameworkServlet.processRequest(FrameworkServlet.java:1014)
	at org.springframework.web.servlet.FrameworkServlet.doDelete(FrameworkServlet.java:936)
	at jakarta.servlet.http.HttpServlet.service(HttpServlet.java:596)
	at org.springframework.web.servlet.FrameworkServlet.service(FrameworkServlet.java:885)
	at jakarta.servlet.http.HttpServlet.service(HttpServlet.java:658)
	at org.apache.catalina.core.ApplicationFilterChain.internalDoFilter(ApplicationFilterChain.java:195)
	at org.apache.catalina.core.ApplicationFilterChain.doFilter(ApplicationFilterChain.java:140)
	at org.apache.tomcat.websocket.server.WsFilter.doFilter(WsFilter.java:51)
	at org.apache.catalina.core.ApplicationFilterChain.internalDoFilter(ApplicationFilterChain.java:164)
	at org.apache.catalina.core.ApplicationFilterChain.doFilter(ApplicationFilterChain.java:140)
	at org.springframework.web.filter.OncePerRequestFilter.doFilter(OncePerRequestFilter.java:110)
	at org.apache.catalina.core.ApplicationFilterChain.internalDoFilter(ApplicationFilterChain.java:164)
	at org.apache.catalina.core.ApplicationFilterChain.doFilter(ApplicationFilterChain.java:140)
	at com.banking.creditjourney.document.security.CorrelationIdFilter.doFilterInternal(CorrelationIdFilter.java:31)
	at org.springframework.web.filter.OncePerRequestFilter.doFilter(OncePerRequestFilter.java:116)
	at org.apache.catalina.core.ApplicationFilterChain.internalDoFilter(ApplicationFilterChain.java:164)
	at org.apache.catalina.core.ApplicationFilterChain.doFilter(ApplicationFilterChain.java:140)
	at org.springframework.web.filter.CompositeFilter$VirtualFilterChain.doFilter(CompositeFilter.java:108)
	at org.springframework.security.web.FilterChainProxy.lambda$doFilterInternal$3(FilterChainProxy.java:231)
	at org.springframework.security.web.ObservationFilterChainDecorator$FilterObservation$SimpleFilterObservation.lambda$wrap$1(ObservationFilterChainDecorator.java:479)
	at org.springframework.security.web.ObservationFilterChainDecorator$AroundFilterObservation$SimpleAroundFilterObservation.lambda$wrap$1(ObservationFilterChainDecorator.java:340)
	at org.springframework.security.web.ObservationFilterChainDecorator.lambda$wrapSecured$0(ObservationFilterChainDecorator.java:82)
	at org.springframework.security.web.ObservationFilterChainDecorator$VirtualFilterChain.doFilter(ObservationFilterChainDecorator.java:128)
	at org.springframework.security.web.access.intercept.AuthorizationFilter.doFilter(AuthorizationFilter.java:100)
	at org.springframework.security.web.ObservationFilterChainDecorator$ObservationFilter.wrapFilter(ObservationFilterChainDecorator.java:240)
	at org.springframework.security.web.ObservationFilterChainDecorator$ObservationFilter.doFilter(ObservationFilterChainDecorator.java:227)
	at org.springframework.security.web.ObservationFilterChainDecorator$VirtualFilterChain.doFilter(ObservationFilterChainDecorator.java:137)
	at org.springframework.security.web.access.ExceptionTranslationFilter.doFilter(ExceptionTranslationFilter.java:126)
	at org.springframework.security.web.access.ExceptionTranslationFilter.doFilter(ExceptionTranslationFilter.java:120)
	at org.springframework.security.web.ObservationFilterChainDecorator$ObservationFilter.wrapFilter(ObservationFilterChainDecorator.java:240)
	at org.springframework.security.web.ObservationFilterChainDecorator$ObservationFilter.doFilter(ObservationFilterChainDecorator.java:227)
	at org.springframework.security.web.ObservationFilterChainDecorator$VirtualFilterChain.doFilter(ObservationFilterChainDecorator.java:137)
	at org.springframework.security.web.authentication.AnonymousAuthenticationFilter.doFilter(AnonymousAuthenticationFilter.java:100)
	at org.springframework.security.web.ObservationFilterChainDecorator$ObservationFilter.wrapFilter(ObservationFilterChainDecorator.java:240)
	at org.springframework.security.web.ObservationFilterChainDecorator$ObservationFilter.doFilter(ObservationFilterChainDecorator.java:227)
	at org.springframework.security.web.ObservationFilterChainDecorator$VirtualFilterChain.doFilter(ObservationFilterChainDecorator.java:137)
	at org.springframework.security.web.servletapi.SecurityContextHolderAwareRequestFilter.doFilter(SecurityContextHolderAwareRequestFilter.java:179)
	at org.springframework.security.web.ObservationFilterChainDecorator$ObservationFilter.wrapFilter(ObservationFilterChainDecorator.java:240)
	at org.springframework.security.web.ObservationFilterChainDecorator$ObservationFilter.doFilter(ObservationFilterChainDecorator.java:227)
	at org.springframework.security.web.ObservationFilterChainDecorator$VirtualFilterChain.doFilter(ObservationFilterChainDecorator.java:137)
	at org.springframework.security.web.savedrequest.RequestCacheAwareFilter.doFilter(RequestCacheAwareFilter.java:63)
	at org.springframework.security.web.ObservationFilterChainDecorator$ObservationFilter.wrapFilter(ObservationFilterChainDecorator.java:240)
	at org.springframework.security.web.ObservationFilterChainDecorator$ObservationFilter.doFilter(ObservationFilterChainDecorator.java:227)
	at org.springframework.security.web.ObservationFilterChainDecorator$VirtualFilterChain.doFilter(ObservationFilterChainDecorator.java:137)
	at org.springframework.security.web.authentication.www.BasicAuthenticationFilter.doFilterInternal(BasicAuthenticationFilter.java:181)
	at org.springframework.web.filter.OncePerRequestFilter.doFilter(OncePerRequestFilter.java:116)
	at org.springframework.security.web.ObservationFilterChainDecorator$ObservationFilter.wrapFilter(ObservationFilterChainDecorator.java:240)
	at org.springframework.security.web.ObservationFilterChainDecorator$ObservationFilter.doFilter(ObservationFilterChainDecorator.java:227)
	at org.springframework.security.web.ObservationFilterChainDecorator$VirtualFilterChain.doFilter(ObservationFilterChainDecorator.java:137)
	at com.banking.creditjourney.document.security.JwtAuthenticationFilter.doFilterInternal(JwtAuthenticationFilter.java:34)
	at org.springframework.web.filter.OncePerRequestFilter.doFilter(OncePerRequestFilter.java:116)
	at org.springframework.security.web.ObservationFilterChainDecorator$ObservationFilter.wrapFilter(ObservationFilterChainDecorator.java:240)
	at org.springframework.security.web.ObservationFilterChainDecorator$ObservationFilter.doFilter(ObservationFilterChainDecorator.java:227)
	at org.springframework.security.web.ObservationFilterChainDecorator$VirtualFilterChain.doFilter(ObservationFilterChainDecorator.java:137)
	at org.springframework.security.web.authentication.logout.LogoutFilter.doFilter(LogoutFilter.java:107)
	at org.springframework.security.web.authentication.logout.LogoutFilter.doFilter(LogoutFilter.java:93)
	at org.springframework.security.web.ObservationFilterChainDecorator$ObservationFilter.wrapFilter(ObservationFilterChainDecorator.java:240)
	at org.springframework.security.web.ObservationFilterChainDecorator$ObservationFilter.doFilter(ObservationFilterChainDecorator.java:227)
	at org.springframework.security.web.ObservationFilterChainDecorator$VirtualFilterChain.doFilter(ObservationFilterChainDecorator.java:137)
	at org.springframework.web.filter.CorsFilter.doFilterInternal(CorsFilter.java:91)
	at org.springframework.web.filter.OncePerRequestFilter.doFilter(OncePerRequestFilter.java:116)
	at org.springframework.security.web.ObservationFilterChainDecorator$ObservationFilter.wrapFilter(ObservationFilterChainDecorator.java:240)
	at org.springframework.security.web.ObservationFilterChainDecorator$ObservationFilter.doFilter(ObservationFilterChainDecorator.java:227)
	at org.springframework.security.web.ObservationFilterChainDecorator$VirtualFilterChain.doFilter(ObservationFilterChainDecorator.java:137)
	at org.springframework.security.web.header.HeaderWriterFilter.doHeadersAfter(HeaderWriterFilter.java:90)
	at org.springframework.security.web.header.HeaderWriterFilter.doFilterInternal(HeaderWriterFilter.java:75)
	at org.springframework.web.filter.OncePerRequestFilter.doFilter(OncePerRequestFilter.java:116)
	at org.springframework.security.web.ObservationFilterChainDecorator$ObservationFilter.wrapFilter(ObservationFilterChainDecorator.java:240)
	at org.springframework.security.web.ObservationFilterChainDecorator$ObservationFilter.doFilter(ObservationFilterChainDecorator.java:227)
	at org.springframework.security.web.ObservationFilterChainDecorator$VirtualFilterChain.doFilter(ObservationFilterChainDecorator.java:137)
	at org.springframework.security.web.context.SecurityContextHolderFilter.doFilter(SecurityContextHolderFilter.java:82)
	at org.springframework.security.web.context.SecurityContextHolderFilter.doFilter(SecurityContextHolderFilter.java:69)
	at org.springframework.security.web.ObservationFilterChainDecorator$ObservationFilter.wrapFilter(ObservationFilterChainDecorator.java:240)
	at org.springframework.security.web.ObservationFilterChainDecorator$ObservationFilter.doFilter(ObservationFilterChainDecorator.java:227)
	at org.springframework.security.web.ObservationFilterChainDecorator$VirtualFilterChain.doFilter(ObservationFilterChainDecorator.java:137)
	at org.springframework.security.web.context.request.async.WebAsyncManagerIntegrationFilter.doFilterInternal(WebAsyncManagerIntegrationFilter.java:62)
	at org.springframework.web.filter.OncePerRequestFilter.doFilter(OncePerRequestFilter.java:116)
	at org.springframework.security.web.ObservationFilterChainDecorator$ObservationFilter.wrapFilter(ObservationFilterChainDecorator.java:240)
	at org.springframework.security.web.ObservationFilterChainDecorator$ObservationFilter.doFilter(ObservationFilterChainDecorator.java:227)
	at org.springframework.security.web.ObservationFilterChainDecorator$VirtualFilterChain.doFilter(ObservationFilterChainDecorator.java:137)
	at org.springframework.security.web.session.DisableEncodeUrlFilter.doFilterInternal(DisableEncodeUrlFilter.java:42)
	at org.springframework.web.filter.OncePerRequestFilter.doFilter(OncePerRequestFilter.java:116)
	at org.springframework.security.web.ObservationFilterChainDecorator$ObservationFilter.wrapFilter(ObservationFilterChainDecorator.java:240)
	at org.springframework.security.web.ObservationFilterChainDecorator$AroundFilterObservation$SimpleAroundFilterObservation.lambda$wrap$0(ObservationFilterChainDecorator.java:323)
	at org.springframework.security.web.ObservationFilterChainDecorator$ObservationFilter.doFilter(ObservationFilterChainDecorator.java:224)
	at org.springframework.security.web.ObservationFilterChainDecorator$VirtualFilterChain.doFilter(ObservationFilterChainDecorator.java:137)
	at org.springframework.security.web.FilterChainProxy.doFilterInternal(FilterChainProxy.java:233)
	at org.springframework.security.web.FilterChainProxy.doFilter(FilterChainProxy.java:191)
	at org.springframework.web.filter.CompositeFilter$VirtualFilterChain.doFilter(CompositeFilter.java:113)
	at org.springframework.web.servlet.handler.HandlerMappingIntrospector.lambda$createCacheFilter$3(HandlerMappingIntrospector.java:195)
	at org.springframework.web.filter.CompositeFilter$VirtualFilterChain.doFilter(CompositeFilter.java:113)
	at org.springframework.web.filter.CompositeFilter.doFilter(CompositeFilter.java:74)
	at org.springframework.security.config.annotation.web.configuration.WebMvcSecurityConfiguration$CompositeFilterChainProxy.doFilter(WebMvcSecurityConfiguration.java:230)
	at org.springframework.web.filter.DelegatingFilterProxy.invokeDelegate(DelegatingFilterProxy.java:352)
	at org.springframework.web.filter.DelegatingFilterProxy.doFilter(DelegatingFilterProxy.java:268)
	at org.apache.catalina.core.ApplicationFilterChain.internalDoFilter(ApplicationFilterChain.java:164)
	at org.apache.catalina.core.ApplicationFilterChain.doFilter(ApplicationFilterChain.java:140)
	at org.springframework.web.filter.RequestContextFilter.doFilterInternal(RequestContextFilter.java:100)
	at org.springframework.web.filter.OncePerRequestFilter.doFilter(OncePerRequestFilter.java:116)
	at org.apache.catalina.core.ApplicationFilterChain.internalDoFilter(ApplicationFilterChain.java:164)
	at org.apache.catalina.core.ApplicationFilterChain.doFilter(ApplicationFilterChain.java:140)
	at org.springframework.web.filter.FormContentFilter.doFilterInternal(FormContentFilter.java:93)
	at org.springframework.web.filter.OncePerRequestFilter.doFilter(OncePerRequestFilter.java:116)
	at org.apache.catalina.core.ApplicationFilterChain.internalDoFilter(ApplicationFilterChain.java:164)
	at org.apache.catalina.core.ApplicationFilterChain.doFilter(ApplicationFilterChain.java:140)
	at org.springframework.web.filter.ServerHttpObservationFilter.doFilterInternal(ServerHttpObservationFilter.java:107)
	at org.springframework.web.filter.OncePerRequestFilter.doFilter(OncePerRequestFilter.java:116)
	at org.apache.catalina.core.ApplicationFilterChain.internalDoFilter(ApplicationFilterChain.java:164)
	at org.apache.catalina.core.ApplicationFilterChain.doFilter(ApplicationFilterChain.java:140)
	at org.springframework.web.filter.CharacterEncodingFilter.doFilterInternal(CharacterEncodingFilter.java:201)
	at org.springframework.web.filter.OncePerRequestFilter.doFilter(OncePerRequestFilter.java:116)
	at org.apache.catalina.core.ApplicationFilterChain.internalDoFilter(ApplicationFilterChain.java:164)
	at org.apache.catalina.core.ApplicationFilterChain.doFilter(ApplicationFilterChain.java:140)
	at org.apache.catalina.core.StandardWrapperValve.invoke(StandardWrapperValve.java:167)
	at org.apache.catalina.core.StandardContextValve.invoke(StandardContextValve.java:90)
	at org.apache.catalina.authenticator.AuthenticatorBase.invoke(AuthenticatorBase.java:482)
	at org.apache.catalina.core.StandardHostValve.invoke(StandardHostValve.java:115)
	at org.apache.catalina.valves.ErrorReportValve.invoke(ErrorReportValve.java:93)
	at org.apache.catalina.core.StandardEngineValve.invoke(StandardEngineValve.java:74)
	at org.apache.catalina.connector.CoyoteAdapter.service(CoyoteAdapter.java:344)
	at org.apache.coyote.http11.Http11Processor.service(Http11Processor.java:389)
	at org.apache.coyote.AbstractProcessorLight.process(AbstractProcessorLight.java:63)
	at org.apache.coyote.AbstractProtocol$ConnectionHandler.process(AbstractProtocol.java:904)
	at org.apache.tomcat.util.net.NioEndpoint$SocketProcessor.doRun(NioEndpoint.java:1741)
	at org.apache.tomcat.util.net.SocketProcessorBase.run(SocketProcessorBase.java:52)
	at org.apache.tomcat.util.threads.ThreadPoolExecutor.runWorker(ThreadPoolExecutor.java:1190)
	at org.apache.tomcat.util.threads.ThreadPoolExecutor$Worker.run(ThreadPoolExecutor.java:659)
	at org.apache.tomcat.util.threads.TaskThread$WrappingRunnable.run(TaskThread.java:63)
	at java.base/java.lang.Thread.run(Thread.java:1583)
Caused by: org.h2.jdbc.JdbcSQLTimeoutException: Timeout trying to lock table "DOCUMENTS"; SQL statement:
UPDATE documents
SET is_deleted = true,
    deleted_at = CURRENT_TIMESTAMP,
    deleted_by = ?,
    user_id= ?
WHERE documentid IN (?) [50200-224]
	at org.h2.message.DbException.getJdbcSQLException(DbException.java:572)
	at org.h2.message.DbException.getJdbcSQLException(DbException.java:489)
	at org.h2.message.DbException.get(DbException.java:212)
	at org.h2.mvstore.db.MVTable.convertException(MVTable.java:695)
	at org.h2.mvstore.db.MVTable.convertLockException(MVTable.java:689)
	at org.h2.mvstore.db.MVPrimaryIndex.lockRow(MVPrimaryIndex.java:227)
	at org.h2.mvstore.db.MVPrimaryIndex.lockRow(MVPrimaryIndex.java:220)
	at org.h2.mvstore.db.MVTable.lockRow(MVTable.java:555)
	at org.h2.command.dml.Update.update(Update.java:70)
	at org.h2.command.dml.DataChangeStatement.update(DataChangeStatement.java:74)
	at org.h2.command.CommandContainer.update(CommandContainer.java:169)
	at org.h2.command.Command.executeUpdate(Command.java:256)
	at org.h2.jdbc.JdbcPreparedStatement.executeUpdateInternal(JdbcPreparedStatement.java:216)
	at org.h2.jdbc.JdbcPreparedStatement.executeUpdate(JdbcPreparedStatement.java:174)
	at com.zaxxer.hikari.pool.ProxyPreparedStatement.executeUpdate(ProxyPreparedStatement.java:61)
	at com.zaxxer.hikari.pool.HikariProxyPreparedStatement.executeUpdate(HikariProxyPreparedStatement.java)
	at org.springframework.jdbc.core.JdbcTemplate.lambda$update$2(JdbcTemplate.java:975)
	at org.springframework.jdbc.core.JdbcTemplate.execute(JdbcTemplate.java:658)
	... 169 common frames omitted
Caused by: org.h2.mvstore.MVStoreException: Map entry <table.7> with key <2> and value ( /* key:2 */ CAST(2 AS BIGINT), 'suyogita.shivare@accenture.com', 'Rent_Recipt.pdf', 'application/pdf', CAST(608698 AS BIGINT), 'e7ccb6e13d1028aac9f98cf2cea8888c3be25e5e18951931d7468a5e69c0fcdf', 'C:\Document_Management\PDF_Uploads\Rent_Recipt.pdf', TRUE, TIMESTAMP '2026-02-02 17:38:42.409029', TIMESTAMP '2026-02-02 17:41:33.582116', 'suyogita.shivare@accenture.com', TIMESTAMP '2026-02-02 17:38:42.409029') 1/8 ( /* key:2 */ CAST(2 AS BIGINT), 'suyogita.shivare@accenture.com', 'Rent_Recipt.pdf', 'application/pdf', CAST(608698 AS BIGINT), 'e7ccb6e13d1028aac9f98cf2cea8888c3be25e5e18951931d7468a5e69c0fcdf', 'C:\Document_Management\PDF_Uploads\Rent_Recipt.pdf', FALSE, TIMESTAMP '2026-02-02 17:38:42.409029', TIMESTAMP '2026-02-02 17:38:42.409029', NULL, TIMESTAMP '2026-02-02 17:38:42.409029') is locked by tx 1 and can not be updated by tx 2 within allocated time interval 2000 ms. [2.2.224/101]
	at org.h2.mvstore.DataUtils.newMVStoreException(DataUtils.java:996)
	at org.h2.mvstore.tx.TransactionMap.set(TransactionMap.java:383)
	at org.h2.mvstore.tx.TransactionMap.lock(TransactionMap.java:329)
	at org.h2.mvstore.db.MVPrimaryIndex.lockRow(MVPrimaryIndex.java:225)
	... 181 common frames omitted
2026-02-02 17:52:29.501 [http-nio-8080-exec-9] ERROR c.b.c.d.e.GlobalExceptionHandler [c9cd9dd6-52a6-4aa7-ac35-42f7adcc1a14] - Unhandled exception
org.springframework.transaction.TransactionSystemException: JDBC rollback failed
	at org.springframework.jdbc.datasource.DataSourceTransactionManager.translateException(DataSourceTransactionManager.java:439)
	at org.springframework.jdbc.support.JdbcTransactionManager.translateException(JdbcTransactionManager.java:184)
	at org.springframework.jdbc.datasource.DataSourceTransactionManager.doRollback(DataSourceTransactionManager.java:355)
	at org.springframework.transaction.support.AbstractPlatformTransactionManager.processRollback(AbstractPlatformTransactionManager.java:897)
	at org.springframework.transaction.support.AbstractPlatformTransactionManager.rollback(AbstractPlatformTransactionManager.java:866)
	at org.springframework.transaction.interceptor.TransactionAspectSupport.completeTransactionAfterThrowing(TransactionAspectSupport.java:694)
	at org.springframework.transaction.interceptor.TransactionAspectSupport.invokeWithinTransaction(TransactionAspectSupport.java:396)
	at org.springframework.transaction.interceptor.TransactionInterceptor.invoke(TransactionInterceptor.java:119)
	at org.springframework.aop.framework.ReflectiveMethodInvocation.proceed(ReflectiveMethodInvocation.java:184)
	at org.springframework.aop.framework.CglibAopProxy$CglibMethodInvocation.proceed(CglibAopProxy.java:768)
	at org.springframework.aop.framework.CglibAopProxy$DynamicAdvisedInterceptor.intercept(CglibAopProxy.java:720)
	at com.banking.creditjourney.document.service.DocumentServiceImpl$$SpringCGLIB$$0.documentDeletes(<generated>)
	at com.banking.creditjourney.document.controller.DocumentController.documentDelete(DocumentController.java:97)
	at java.base/jdk.internal.reflect.DirectMethodHandleAccessor.invoke(DirectMethodHandleAccessor.java:103)
	at java.base/java.lang.reflect.Method.invoke(Method.java:580)
	at org.springframework.web.method.support.InvocableHandlerMethod.doInvoke(InvocableHandlerMethod.java:255)
	at org.springframework.web.method.support.InvocableHandlerMethod.invokeForRequest(InvocableHandlerMethod.java:188)
	at org.springframework.web.servlet.mvc.method.annotation.ServletInvocableHandlerMethod.invokeAndHandle(ServletInvocableHandlerMethod.java:118)
	at org.springframework.web.servlet.mvc.method.annotation.RequestMappingHandlerAdapter.invokeHandlerMethod(RequestMappingHandlerAdapter.java:926)
	at org.springframework.web.servlet.mvc.method.annotation.RequestMappingHandlerAdapter.handleInternal(RequestMappingHandlerAdapter.java:831)
	at org.springframework.web.servlet.mvc.method.AbstractHandlerMethodAdapter.handle(AbstractHandlerMethodAdapter.java:87)
	at org.springframework.web.servlet.DispatcherServlet.doDispatch(DispatcherServlet.java:1089)
	at org.springframework.web.servlet.DispatcherServlet.doService(DispatcherServlet.java:979)
	at org.springframework.web.servlet.FrameworkServlet.processRequest(FrameworkServlet.java:1014)
	at org.springframework.web.servlet.FrameworkServlet.doDelete(FrameworkServlet.java:936)
	at jakarta.servlet.http.HttpServlet.service(HttpServlet.java:596)
	at org.springframework.web.servlet.FrameworkServlet.service(FrameworkServlet.java:885)
	at jakarta.servlet.http.HttpServlet.service(HttpServlet.java:658)
	at org.apache.catalina.core.ApplicationFilterChain.internalDoFilter(ApplicationFilterChain.java:195)
	at org.apache.catalina.core.ApplicationFilterChain.doFilter(ApplicationFilterChain.java:140)
	at org.apache.tomcat.websocket.server.WsFilter.doFilter(WsFilter.java:51)
	at org.apache.catalina.core.ApplicationFilterChain.internalDoFilter(ApplicationFilterChain.java:164)
	at org.apache.catalina.core.ApplicationFilterChain.doFilter(ApplicationFilterChain.java:140)
	at org.springframework.web.filter.OncePerRequestFilter.doFilter(OncePerRequestFilter.java:110)
	at org.apache.catalina.core.ApplicationFilterChain.internalDoFilter(ApplicationFilterChain.java:164)
	at org.apache.catalina.core.ApplicationFilterChain.doFilter(ApplicationFilterChain.java:140)
	at com.banking.creditjourney.document.security.CorrelationIdFilter.doFilterInternal(CorrelationIdFilter.java:31)
	at org.springframework.web.filter.OncePerRequestFilter.doFilter(OncePerRequestFilter.java:116)
	at org.apache.catalina.core.ApplicationFilterChain.internalDoFilter(ApplicationFilterChain.java:164)
	at org.apache.catalina.core.ApplicationFilterChain.doFilter(ApplicationFilterChain.java:140)
	at org.springframework.web.filter.CompositeFilter$VirtualFilterChain.doFilter(CompositeFilter.java:108)
	at org.springframework.security.web.FilterChainProxy.lambda$doFilterInternal$3(FilterChainProxy.java:231)
	at org.springframework.security.web.ObservationFilterChainDecorator$FilterObservation$SimpleFilterObservation.lambda$wrap$1(ObservationFilterChainDecorator.java:479)
	at org.springframework.security.web.ObservationFilterChainDecorator$AroundFilterObservation$SimpleAroundFilterObservation.lambda$wrap$1(ObservationFilterChainDecorator.java:340)
	at org.springframework.security.web.ObservationFilterChainDecorator.lambda$wrapSecured$0(ObservationFilterChainDecorator.java:82)
	at org.springframework.security.web.ObservationFilterChainDecorator$VirtualFilterChain.doFilter(ObservationFilterChainDecorator.java:128)
	at org.springframework.security.web.access.intercept.AuthorizationFilter.doFilter(AuthorizationFilter.java:100)
	at org.springframework.security.web.ObservationFilterChainDecorator$ObservationFilter.wrapFilter(ObservationFilterChainDecorator.java:240)
	at org.springframework.security.web.ObservationFilterChainDecorator$ObservationFilter.doFilter(ObservationFilterChainDecorator.java:227)
	at org.springframework.security.web.ObservationFilterChainDecorator$VirtualFilterChain.doFilter(ObservationFilterChainDecorator.java:137)
	at org.springframework.security.web.access.ExceptionTranslationFilter.doFilter(ExceptionTranslationFilter.java:126)
	at org.springframework.security.web.access.ExceptionTranslationFilter.doFilter(ExceptionTranslationFilter.java:120)
	at org.springframework.security.web.ObservationFilterChainDecorator$ObservationFilter.wrapFilter(ObservationFilterChainDecorator.java:240)
	at org.springframework.security.web.ObservationFilterChainDecorator$ObservationFilter.doFilter(ObservationFilterChainDecorator.java:227)
	at org.springframework.security.web.ObservationFilterChainDecorator$VirtualFilterChain.doFilter(ObservationFilterChainDecorator.java:137)
	at org.springframework.security.web.authentication.AnonymousAuthenticationFilter.doFilter(AnonymousAuthenticationFilter.java:100)
	at org.springframework.security.web.ObservationFilterChainDecorator$ObservationFilter.wrapFilter(ObservationFilterChainDecorator.java:240)
	at org.springframework.security.web.ObservationFilterChainDecorator$ObservationFilter.doFilter(ObservationFilterChainDecorator.java:227)
	at org.springframework.security.web.ObservationFilterChainDecorator$VirtualFilterChain.doFilter(ObservationFilterChainDecorator.java:137)
	at org.springframework.security.web.servletapi.SecurityContextHolderAwareRequestFilter.doFilter(SecurityContextHolderAwareRequestFilter.java:179)
	at org.springframework.security.web.ObservationFilterChainDecorator$ObservationFilter.wrapFilter(ObservationFilterChainDecorator.java:240)
	at org.springframework.security.web.ObservationFilterChainDecorator$ObservationFilter.doFilter(ObservationFilterChainDecorator.java:227)
	at org.springframework.security.web.ObservationFilterChainDecorator$VirtualFilterChain.doFilter(ObservationFilterChainDecorator.java:137)
	at org.springframework.security.web.savedrequest.RequestCacheAwareFilter.doFilter(RequestCacheAwareFilter.java:63)
	at org.springframework.security.web.ObservationFilterChainDecorator$ObservationFilter.wrapFilter(ObservationFilterChainDecorator.java:240)
	at org.springframework.security.web.ObservationFilterChainDecorator$ObservationFilter.doFilter(ObservationFilterChainDecorator.java:227)
	at org.springframework.security.web.ObservationFilterChainDecorator$VirtualFilterChain.doFilter(ObservationFilterChainDecorator.java:137)
	at org.springframework.security.web.authentication.www.BasicAuthenticationFilter.doFilterInternal(BasicAuthenticationFilter.java:181)
	at org.springframework.web.filter.OncePerRequestFilter.doFilter(OncePerRequestFilter.java:116)
	at org.springframework.security.web.ObservationFilterChainDecorator$ObservationFilter.wrapFilter(ObservationFilterChainDecorator.java:240)
	at org.springframework.security.web.ObservationFilterChainDecorator$ObservationFilter.doFilter(ObservationFilterChainDecorator.java:227)
	at org.springframework.security.web.ObservationFilterChainDecorator$VirtualFilterChain.doFilter(ObservationFilterChainDecorator.java:137)
	at com.banking.creditjourney.document.security.JwtAuthenticationFilter.doFilterInternal(JwtAuthenticationFilter.java:34)
	at org.springframework.web.filter.OncePerRequestFilter.doFilter(OncePerRequestFilter.java:116)
	at org.springframework.security.web.ObservationFilterChainDecorator$ObservationFilter.wrapFilter(ObservationFilterChainDecorator.java:240)
	at org.springframework.security.web.ObservationFilterChainDecorator$ObservationFilter.doFilter(ObservationFilterChainDecorator.java:227)
	at org.springframework.security.web.ObservationFilterChainDecorator$VirtualFilterChain.doFilter(ObservationFilterChainDecorator.java:137)
	at org.springframework.security.web.authentication.logout.LogoutFilter.doFilter(LogoutFilter.java:107)
	at org.springframework.security.web.authentication.logout.LogoutFilter.doFilter(LogoutFilter.java:93)
	at org.springframework.security.web.ObservationFilterChainDecorator$ObservationFilter.wrapFilter(ObservationFilterChainDecorator.java:240)
	at org.springframework.security.web.ObservationFilterChainDecorator$ObservationFilter.doFilter(ObservationFilterChainDecorator.java:227)
	at org.springframework.security.web.ObservationFilterChainDecorator$VirtualFilterChain.doFilter(ObservationFilterChainDecorator.java:137)
	at org.springframework.web.filter.CorsFilter.doFilterInternal(CorsFilter.java:91)
	at org.springframework.web.filter.OncePerRequestFilter.doFilter(OncePerRequestFilter.java:116)
	at org.springframework.security.web.ObservationFilterChainDecorator$ObservationFilter.wrapFilter(ObservationFilterChainDecorator.java:240)
	at org.springframework.security.web.ObservationFilterChainDecorator$ObservationFilter.doFilter(ObservationFilterChainDecorator.java:227)
	at org.springframework.security.web.ObservationFilterChainDecorator$VirtualFilterChain.doFilter(ObservationFilterChainDecorator.java:137)
	at org.springframework.security.web.header.HeaderWriterFilter.doHeadersAfter(HeaderWriterFilter.java:90)
	at org.springframework.security.web.header.HeaderWriterFilter.doFilterInternal(HeaderWriterFilter.java:75)
	at org.springframework.web.filter.OncePerRequestFilter.doFilter(OncePerRequestFilter.java:116)
	at org.springframework.security.web.ObservationFilterChainDecorator$ObservationFilter.wrapFilter(ObservationFilterChainDecorator.java:240)
	at org.springframework.security.web.ObservationFilterChainDecorator$ObservationFilter.doFilter(ObservationFilterChainDecorator.java:227)
	at org.springframework.security.web.ObservationFilterChainDecorator$VirtualFilterChain.doFilter(ObservationFilterChainDecorator.java:137)
	at org.springframework.security.web.context.SecurityContextHolderFilter.doFilter(SecurityContextHolderFilter.java:82)
	at org.springframework.security.web.context.SecurityContextHolderFilter.doFilter(SecurityContextHolderFilter.java:69)
	at org.springframework.security.web.ObservationFilterChainDecorator$ObservationFilter.wrapFilter(ObservationFilterChainDecorator.java:240)
	at org.springframework.security.web.ObservationFilterChainDecorator$ObservationFilter.doFilter(ObservationFilterChainDecorator.java:227)
	at org.springframework.security.web.ObservationFilterChainDecorator$VirtualFilterChain.doFilter(ObservationFilterChainDecorator.java:137)
	at org.springframework.security.web.context.request.async.WebAsyncManagerIntegrationFilter.doFilterInternal(WebAsyncManagerIntegrationFilter.java:62)
	at org.springframework.web.filter.OncePerRequestFilter.doFilter(OncePerRequestFilter.java:116)
	at org.springframework.security.web.ObservationFilterChainDecorator$ObservationFilter.wrapFilter(ObservationFilterChainDecorator.java:240)
	at org.springframework.security.web.ObservationFilterChainDecorator$ObservationFilter.doFilter(ObservationFilterChainDecorator.java:227)
	at org.springframework.security.web.ObservationFilterChainDecorator$VirtualFilterChain.doFilter(ObservationFilterChainDecorator.java:137)
	at org.springframework.security.web.session.DisableEncodeUrlFilter.doFilterInternal(DisableEncodeUrlFilter.java:42)
	at org.springframework.web.filter.OncePerRequestFilter.doFilter(OncePerRequestFilter.java:116)
	at org.springframework.security.web.ObservationFilterChainDecorator$ObservationFilter.wrapFilter(ObservationFilterChainDecorator.java:240)
	at org.springframework.security.web.ObservationFilterChainDecorator$AroundFilterObservation$SimpleAroundFilterObservation.lambda$wrap$0(ObservationFilterChainDecorator.java:323)
	at org.springframework.security.web.ObservationFilterChainDecorator$ObservationFilter.doFilter(ObservationFilterChainDecorator.java:224)
	at org.springframework.security.web.ObservationFilterChainDecorator$VirtualFilterChain.doFilter(ObservationFilterChainDecorator.java:137)
	at org.springframework.security.web.FilterChainProxy.doFilterInternal(FilterChainProxy.java:233)
	at org.springframework.security.web.FilterChainProxy.doFilter(FilterChainProxy.java:191)
	at org.springframework.web.filter.CompositeFilter$VirtualFilterChain.doFilter(CompositeFilter.java:113)
	at org.springframework.web.servlet.handler.HandlerMappingIntrospector.lambda$createCacheFilter$3(HandlerMappingIntrospector.java:195)
	at org.springframework.web.filter.CompositeFilter$VirtualFilterChain.doFilter(CompositeFilter.java:113)
	at org.springframework.web.filter.CompositeFilter.doFilter(CompositeFilter.java:74)
	at org.springframework.security.config.annotation.web.configuration.WebMvcSecurityConfiguration$CompositeFilterChainProxy.doFilter(WebMvcSecurityConfiguration.java:230)
	at org.springframework.web.filter.DelegatingFilterProxy.invokeDelegate(DelegatingFilterProxy.java:352)
	at org.springframework.web.filter.DelegatingFilterProxy.doFilter(DelegatingFilterProxy.java:268)
	at org.apache.catalina.core.ApplicationFilterChain.internalDoFilter(ApplicationFilterChain.java:164)
	at org.apache.catalina.core.ApplicationFilterChain.doFilter(ApplicationFilterChain.java:140)
	at org.springframework.web.filter.RequestContextFilter.doFilterInternal(RequestContextFilter.java:100)
	at org.springframework.web.filter.OncePerRequestFilter.doFilter(OncePerRequestFilter.java:116)
	at org.apache.catalina.core.ApplicationFilterChain.internalDoFilter(ApplicationFilterChain.java:164)
	at org.apache.catalina.core.ApplicationFilterChain.doFilter(ApplicationFilterChain.java:140)
	at org.springframework.web.filter.FormContentFilter.doFilterInternal(FormContentFilter.java:93)
	at org.springframework.web.filter.OncePerRequestFilter.doFilter(OncePerRequestFilter.java:116)
	at org.apache.catalina.core.ApplicationFilterChain.internalDoFilter(ApplicationFilterChain.java:164)
	at org.apache.catalina.core.ApplicationFilterChain.doFilter(ApplicationFilterChain.java:140)
	at org.springframework.web.filter.ServerHttpObservationFilter.doFilterInternal(ServerHttpObservationFilter.java:107)
	at org.springframework.web.filter.OncePerRequestFilter.doFilter(OncePerRequestFilter.java:116)
	at org.apache.catalina.core.ApplicationFilterChain.internalDoFilter(ApplicationFilterChain.java:164)
	at org.apache.catalina.core.ApplicationFilterChain.doFilter(ApplicationFilterChain.java:140)
	at org.springframework.web.filter.CharacterEncodingFilter.doFilterInternal(CharacterEncodingFilter.java:201)
	at org.springframework.web.filter.OncePerRequestFilter.doFilter(OncePerRequestFilter.java:116)
	at org.apache.catalina.core.ApplicationFilterChain.internalDoFilter(ApplicationFilterChain.java:164)
	at org.apache.catalina.core.ApplicationFilterChain.doFilter(ApplicationFilterChain.java:140)
	at org.apache.catalina.core.StandardWrapperValve.invoke(StandardWrapperValve.java:167)
	at org.apache.catalina.core.StandardContextValve.invoke(StandardContextValve.java:90)
	at org.apache.catalina.authenticator.AuthenticatorBase.invoke(AuthenticatorBase.java:482)
	at org.apache.catalina.core.StandardHostValve.invoke(StandardHostValve.java:115)
	at org.apache.catalina.valves.ErrorReportValve.invoke(ErrorReportValve.java:93)
	at org.apache.catalina.core.StandardEngineValve.invoke(StandardEngineValve.java:74)
	at org.apache.catalina.connector.CoyoteAdapter.service(CoyoteAdapter.java:344)
	at org.apache.coyote.http11.Http11Processor.service(Http11Processor.java:389)
	at org.apache.coyote.AbstractProcessorLight.process(AbstractProcessorLight.java:63)
	at org.apache.coyote.AbstractProtocol$ConnectionHandler.process(AbstractProtocol.java:904)
	at org.apache.tomcat.util.net.NioEndpoint$SocketProcessor.doRun(NioEndpoint.java:1741)
	at org.apache.tomcat.util.net.SocketProcessorBase.run(SocketProcessorBase.java:52)
	at org.apache.tomcat.util.threads.ThreadPoolExecutor.runWorker(ThreadPoolExecutor.java:1190)
	at org.apache.tomcat.util.threads.ThreadPoolExecutor$Worker.run(ThreadPoolExecutor.java:659)
	at org.apache.tomcat.util.threads.TaskThread$WrappingRunnable.run(TaskThread.java:63)
	at java.base/java.lang.Thread.run(Thread.java:1583)
Caused by: java.sql.SQLException: Connection is closed
	at com.zaxxer.hikari.pool.ProxyConnection$ClosedConnection.lambda$getClosedConnection$0(ProxyConnection.java:503)
	at jdk.proxy3/jdk.proxy3.$Proxy97.rollback(Unknown Source)
	at com.zaxxer.hikari.pool.ProxyConnection.rollback(ProxyConnection.java:386)
	at com.zaxxer.hikari.pool.HikariProxyConnection.rollback(HikariProxyConnection.java)
	at org.springframework.jdbc.datasource.DataSourceTransactionManager.doRollback(DataSourceTransactionManager.java:352)
	... 149 common frames omitted
2026-02-02 18:00:20.892 [background-preinit] INFO  o.h.validator.internal.util.Version [] - HV000001: Hibernate Validator 8.0.1.Final
2026-02-02 18:00:20.945 [main] INFO  c.b.c.d.DocumentManagementApplication [] - Starting DocumentManagementApplication using Java 21.0.10 with PID 27880 (C:\Workspace_IP\document-managment\bin\main started by suyogita.shivare in C:\Workspace_IP\document-managment)
2026-02-02 18:00:20.947 [main] INFO  c.b.c.d.DocumentManagementApplication [] - No active profile set, falling back to 1 default profile: "default"
2026-02-02 18:00:22.310 [main] INFO  o.s.d.r.c.RepositoryConfigurationDelegate [] - Bootstrapping Spring Data JDBC repositories in DEFAULT mode.
2026-02-02 18:00:22.340 [main] INFO  o.s.d.r.c.RepositoryConfigurationDelegate [] - Finished Spring Data repository scanning in 23 ms. Found 0 JDBC repository interfaces.
2026-02-02 18:00:22.907 [main] INFO  o.s.b.w.e.tomcat.TomcatWebServer [] - Tomcat initialized with port 8080 (http)
2026-02-02 18:00:22.929 [main] INFO  o.a.coyote.http11.Http11NioProtocol [] - Initializing ProtocolHandler ["http-nio-8080"]
2026-02-02 18:00:22.931 [main] INFO  o.a.catalina.core.StandardService [] - Starting service [Tomcat]
2026-02-02 18:00:22.932 [main] INFO  o.a.catalina.core.StandardEngine [] - Starting Servlet engine: [Apache Tomcat/10.1.25]
2026-02-02 18:00:23.021 [main] INFO  o.a.c.c.C.[Tomcat].[localhost].[/] [] - Initializing Spring embedded WebApplicationContext
2026-02-02 18:00:23.022 [main] INFO  o.s.b.w.s.c.ServletWebServerApplicationContext [] - Root WebApplicationContext: initialization completed in 2013 ms
2026-02-02 18:00:23.128 [main] INFO  com.zaxxer.hikari.HikariDataSource [] - HikariPool-1 - Starting...
2026-02-02 18:00:23.521 [main] INFO  com.zaxxer.hikari.pool.HikariPool [] - HikariPool-1 - Added connection conn0: url=jdbc:h2:file:C:/Document_Management/h2/documentdb user=SA
2026-02-02 18:00:23.524 [main] INFO  com.zaxxer.hikari.HikariDataSource [] - HikariPool-1 - Start completed.
2026-02-02 18:00:23.541 [main] INFO  o.s.b.a.h.H2ConsoleAutoConfiguration [] - H2 console available at '/h2-console'. Database available at 'jdbc:h2:file:C:/Document_Management/h2/documentdb'
2026-02-02 18:00:23.908 [main] INFO  org.flywaydb.core.FlywayExecutor [] - Database: jdbc:h2:file:C:/Document_Management/h2/documentdb (H2 2.2)
2026-02-02 18:00:23.917 [main] WARN  o.f.c.i.database.base.Database [] - Flyway upgrade recommended: H2 2.2.224 is newer than this version of Flyway and support has not been tested. The latest supported version of H2 is 2.2.220.
2026-02-02 18:00:23.960 [main] INFO  o.f.core.internal.command.DbValidate [] - Successfully validated 1 migration (execution time 00:00.031s)
2026-02-02 18:00:23.974 [main] INFO  o.f.core.internal.command.DbMigrate [] - Current version of schema "PUBLIC": 1
2026-02-02 18:00:23.977 [main] INFO  o.f.core.internal.command.DbMigrate [] - Schema "PUBLIC" is up to date. No migration necessary.
2026-02-02 18:00:24.231 [main] WARN  o.s.b.a.s.s.UserDetailsServiceAutoConfiguration [] - 

Using generated security password: 3b87142e-8036-459a-b3d6-7ab9c1beb3f2

This generated password is for development use only. Your security configuration must be updated before running your application in production.

2026-02-02 18:00:24.267 [main] INFO  o.s.s.c.a.a.c.InitializeUserDetailsBeanManagerConfigurer$InitializeUserDetailsManagerConfigurer [] - Global AuthenticationManager configured with UserDetailsService bean with name inMemoryUserDetailsManager
2026-02-02 18:00:24.734 [main] INFO  o.s.b.a.e.web.EndpointLinksResolver [] - Exposing 1 endpoint beneath base path '/actuator'
2026-02-02 18:00:25.470 [main] INFO  o.a.coyote.http11.Http11NioProtocol [] - Starting ProtocolHandler ["http-nio-8080"]
2026-02-02 18:00:25.552 [main] INFO  o.s.b.w.e.tomcat.TomcatWebServer [] - Tomcat started on port 8080 (http) with context path '/'
2026-02-02 18:00:25.568 [main] INFO  c.b.c.d.DocumentManagementApplication [] - Started DocumentManagementApplication in 5.158 seconds (process running for 6.367)
2026-02-02 18:00:26.057 [RMI TCP Connection(4)-127.0.0.1] INFO  o.a.c.c.C.[Tomcat].[localhost].[/] [] - Initializing Spring DispatcherServlet 'dispatcherServlet'
2026-02-02 18:00:26.058 [RMI TCP Connection(4)-127.0.0.1] INFO  o.s.web.servlet.DispatcherServlet [] - Initializing Servlet 'dispatcherServlet'
2026-02-02 18:00:26.059 [RMI TCP Connection(4)-127.0.0.1] INFO  o.s.web.servlet.DispatcherServlet [] - Completed initialization in 1 ms
2026-02-02 18:01:14.413 [http-nio-8080-exec-3] INFO  c.b.c.d.c.DocumentController [41310692-bb2b-4c6a-bd38-15824c686c19] - Document delete API starts:  /documentsDelete | request=DeleteDocumentRequest(documentIds=[2], deleteType=SOFT, reason=Not needed further) | userId=suyogita.shivare@accenture.com
2026-02-02 18:01:14.451 [http-nio-8080-exec-3] INFO  c.b.c.d.service.DocumentServiceImpl [41310692-bb2b-4c6a-bd38-15824c686c19] - Delete document(s) start: deleteDocumentRequest=DeleteDocumentRequest(documentIds=[2], deleteType=SOFT, reason=Not needed further) | user=suyogita.shivare@accenture.com |deleteType=SOFT
2026-02-02 18:01:14.465 [http-nio-8080-exec-3] DEBUG o.s.jdbc.core.JdbcTemplate [41310692-bb2b-4c6a-bd38-15824c686c19] - Executing prepared SQL query
2026-02-02 18:01:14.468 [http-nio-8080-exec-3] DEBUG o.s.jdbc.core.JdbcTemplate [41310692-bb2b-4c6a-bd38-15824c686c19] - Executing prepared SQL statement [SELECT
 documentid,
 user_id,
 file_name,
 file_type,
 file_size,
 checksum,
 storage_path,
 is_deleted AS file_deleted,created_at,
 updated_at FROM documents
WHERE documentid IN (?)
AND user_id = ?
]
2026-02-02 18:01:14.481 [http-nio-8080-exec-3] DEBUG o.s.jdbc.core.BeanPropertyRowMapper [41310692-bb2b-4c6a-bd38-15824c686c19] - Mapping column 'DOCUMENTID' to property 'documentId' of type 'java.lang.Long'
2026-02-02 18:01:14.482 [http-nio-8080-exec-3] DEBUG o.s.jdbc.core.BeanPropertyRowMapper [41310692-bb2b-4c6a-bd38-15824c686c19] - Mapping column 'USER_ID' to property 'userId' of type 'java.lang.String'
2026-02-02 18:01:14.485 [http-nio-8080-exec-3] DEBUG o.s.jdbc.core.BeanPropertyRowMapper [41310692-bb2b-4c6a-bd38-15824c686c19] - Mapping column 'FILE_NAME' to property 'fileName' of type 'java.lang.String'
2026-02-02 18:01:14.485 [http-nio-8080-exec-3] DEBUG o.s.jdbc.core.BeanPropertyRowMapper [41310692-bb2b-4c6a-bd38-15824c686c19] - Mapping column 'FILE_TYPE' to property 'fileType' of type 'java.lang.String'
2026-02-02 18:01:14.486 [http-nio-8080-exec-3] DEBUG o.s.jdbc.core.BeanPropertyRowMapper [41310692-bb2b-4c6a-bd38-15824c686c19] - Mapping column 'FILE_SIZE' to property 'fileSize' of type 'java.lang.Long'
2026-02-02 18:01:14.488 [http-nio-8080-exec-3] DEBUG o.s.jdbc.core.BeanPropertyRowMapper [41310692-bb2b-4c6a-bd38-15824c686c19] - Mapping column 'CHECKSUM' to property 'checksum' of type 'java.lang.String'
2026-02-02 18:01:14.489 [http-nio-8080-exec-3] DEBUG o.s.jdbc.core.BeanPropertyRowMapper [41310692-bb2b-4c6a-bd38-15824c686c19] - Mapping column 'STORAGE_PATH' to property 'storagePath' of type 'java.lang.String'
2026-02-02 18:01:14.490 [http-nio-8080-exec-3] DEBUG o.s.jdbc.core.BeanPropertyRowMapper [41310692-bb2b-4c6a-bd38-15824c686c19] - Mapping column 'FILE_DELETED' to property 'fileDeleted' of type 'boolean'
2026-02-02 18:01:14.495 [http-nio-8080-exec-3] DEBUG o.s.jdbc.core.BeanPropertyRowMapper [41310692-bb2b-4c6a-bd38-15824c686c19] - Mapping column 'CREATED_AT' to property 'createdAt' of type 'java.time.LocalDateTime'
2026-02-02 18:01:14.496 [http-nio-8080-exec-3] DEBUG o.s.jdbc.core.BeanPropertyRowMapper [41310692-bb2b-4c6a-bd38-15824c686c19] - Mapping column 'UPDATED_AT' to property 'updatedAt' of type 'java.time.LocalDateTime'
2026-02-02 18:01:14.498 [http-nio-8080-exec-3] INFO  c.b.c.d.service.DocumentServiceImpl [41310692-bb2b-4c6a-bd38-15824c686c19] - Fetched documents from DB= | requested=1 | found=1 
2026-02-02 18:01:14.500 [http-nio-8080-exec-3] INFO  c.b.c.d.service.DocumentServiceImpl [41310692-bb2b-4c6a-bd38-15824c686c19] - Document split| active(non-deleted)=1 | softDeleted=+0 
2026-02-02 18:01:14.500 [http-nio-8080-exec-3] INFO  c.b.c.d.service.DocumentServiceImpl [41310692-bb2b-4c6a-bd38-15824c686c19] - Soft delete initiared..
2026-02-02 18:01:14.504 [http-nio-8080-exec-3] DEBUG o.s.jdbc.core.JdbcTemplate [41310692-bb2b-4c6a-bd38-15824c686c19] - Executing prepared SQL update
2026-02-02 18:01:14.505 [http-nio-8080-exec-3] DEBUG o.s.jdbc.core.JdbcTemplate [41310692-bb2b-4c6a-bd38-15824c686c19] - Executing prepared SQL statement [INSERT INTO document_audit(documentid,action,performed_by,reason)
VALUES (?, ?, ?, ?)
]
2026-02-02 18:01:14.510 [http-nio-8080-exec-3] INFO  c.b.c.d.service.DocumentServiceImpl [41310692-bb2b-4c6a-bd38-15824c686c19] - Soft delete initiared for DB..
2026-02-02 18:01:14.512 [http-nio-8080-exec-3] DEBUG o.s.jdbc.core.JdbcTemplate [41310692-bb2b-4c6a-bd38-15824c686c19] - Executing prepared SQL update
2026-02-02 18:01:14.512 [http-nio-8080-exec-3] DEBUG o.s.jdbc.core.JdbcTemplate [41310692-bb2b-4c6a-bd38-15824c686c19] - Executing prepared SQL statement [UPDATE documents
SET is_deleted = true,
    deleted_at = CURRENT_TIMESTAMP,
    deleted_by = ?,
    user_id= ?
WHERE documentid IN (?)
]
2026-02-02 18:02:01.794 [http-nio-8080-exec-1] INFO  c.b.c.d.c.DocumentController [b771644d-cad2-4ce3-aa88-365dd7c65520] - Document delete API starts:  /documentsDelete | request=DeleteDocumentRequest(documentIds=[2], deleteType=SOFT, reason=Not needed further) | userId=suyogita.shivare@accenture.com
2026-02-02 18:02:01.795 [http-nio-8080-exec-1] INFO  c.b.c.d.service.DocumentServiceImpl [b771644d-cad2-4ce3-aa88-365dd7c65520] - Delete document(s) start: deleteDocumentRequest=DeleteDocumentRequest(documentIds=[2], deleteType=SOFT, reason=Not needed further) | user=suyogita.shivare@accenture.com |deleteType=SOFT
2026-02-02 18:02:01.795 [http-nio-8080-exec-1] DEBUG o.s.jdbc.core.JdbcTemplate [b771644d-cad2-4ce3-aa88-365dd7c65520] - Executing prepared SQL query
2026-02-02 18:02:01.796 [http-nio-8080-exec-1] DEBUG o.s.jdbc.core.JdbcTemplate [b771644d-cad2-4ce3-aa88-365dd7c65520] - Executing prepared SQL statement [SELECT
 documentid,
 user_id,
 file_name,
 file_type,
 file_size,
 checksum,
 storage_path,
 is_deleted AS file_deleted,created_at,
 updated_at FROM documents
WHERE documentid IN (?)
AND user_id = ?
]
2026-02-02 18:02:01.796 [http-nio-8080-exec-1] DEBUG o.s.jdbc.core.BeanPropertyRowMapper [b771644d-cad2-4ce3-aa88-365dd7c65520] - Mapping column 'DOCUMENTID' to property 'documentId' of type 'java.lang.Long'
2026-02-02 18:02:01.797 [http-nio-8080-exec-1] DEBUG o.s.jdbc.core.BeanPropertyRowMapper [b771644d-cad2-4ce3-aa88-365dd7c65520] - Mapping column 'USER_ID' to property 'userId' of type 'java.lang.String'
2026-02-02 18:02:01.797 [http-nio-8080-exec-1] DEBUG o.s.jdbc.core.BeanPropertyRowMapper [b771644d-cad2-4ce3-aa88-365dd7c65520] - Mapping column 'FILE_NAME' to property 'fileName' of type 'java.lang.String'
2026-02-02 18:02:01.797 [http-nio-8080-exec-1] DEBUG o.s.jdbc.core.BeanPropertyRowMapper [b771644d-cad2-4ce3-aa88-365dd7c65520] - Mapping column 'FILE_TYPE' to property 'fileType' of type 'java.lang.String'
2026-02-02 18:02:01.798 [http-nio-8080-exec-1] DEBUG o.s.jdbc.core.BeanPropertyRowMapper [b771644d-cad2-4ce3-aa88-365dd7c65520] - Mapping column 'FILE_SIZE' to property 'fileSize' of type 'java.lang.Long'
2026-02-02 18:02:01.798 [http-nio-8080-exec-1] DEBUG o.s.jdbc.core.BeanPropertyRowMapper [b771644d-cad2-4ce3-aa88-365dd7c65520] - Mapping column 'CHECKSUM' to property 'checksum' of type 'java.lang.String'
2026-02-02 18:02:01.798 [http-nio-8080-exec-1] DEBUG o.s.jdbc.core.BeanPropertyRowMapper [b771644d-cad2-4ce3-aa88-365dd7c65520] - Mapping column 'STORAGE_PATH' to property 'storagePath' of type 'java.lang.String'
2026-02-02 18:02:01.798 [http-nio-8080-exec-1] DEBUG o.s.jdbc.core.BeanPropertyRowMapper [b771644d-cad2-4ce3-aa88-365dd7c65520] - Mapping column 'FILE_DELETED' to property 'fileDeleted' of type 'boolean'
2026-02-02 18:02:01.798 [http-nio-8080-exec-1] DEBUG o.s.jdbc.core.BeanPropertyRowMapper [b771644d-cad2-4ce3-aa88-365dd7c65520] - Mapping column 'CREATED_AT' to property 'createdAt' of type 'java.time.LocalDateTime'
2026-02-02 18:02:01.799 [http-nio-8080-exec-1] DEBUG o.s.jdbc.core.BeanPropertyRowMapper [b771644d-cad2-4ce3-aa88-365dd7c65520] - Mapping column 'UPDATED_AT' to property 'updatedAt' of type 'java.time.LocalDateTime'
2026-02-02 18:02:01.799 [http-nio-8080-exec-1] INFO  c.b.c.d.service.DocumentServiceImpl [b771644d-cad2-4ce3-aa88-365dd7c65520] - Fetched documents from DB= | requested=1 | found=1 
2026-02-02 18:02:01.799 [http-nio-8080-exec-1] INFO  c.b.c.d.service.DocumentServiceImpl [b771644d-cad2-4ce3-aa88-365dd7c65520] - Document split| active(non-deleted)=0 | softDeleted=+1 
2026-02-02 18:02:01.799 [http-nio-8080-exec-1] INFO  c.b.c.d.service.DocumentServiceImpl [b771644d-cad2-4ce3-aa88-365dd7c65520] - Soft delete initiared..
2026-02-02 18:02:01.807 [http-nio-8080-exec-1] ERROR c.b.c.d.e.GlobalExceptionHandler [b771644d-cad2-4ce3-aa88-365dd7c65520] - Business exception
java.lang.IllegalArgumentException: All requested documents are already deleted
	at com.banking.creditjourney.document.service.DocumentServiceImpl.documentDeletes(DocumentServiceImpl.java:128)
	at java.base/jdk.internal.reflect.DirectMethodHandleAccessor.invoke(DirectMethodHandleAccessor.java:103)
	at java.base/java.lang.reflect.Method.invoke(Method.java:580)
	at org.springframework.aop.support.AopUtils.invokeJoinpointUsingReflection(AopUtils.java:354)
	at org.springframework.aop.framework.ReflectiveMethodInvocation.invokeJoinpoint(ReflectiveMethodInvocation.java:196)
	at org.springframework.aop.framework.ReflectiveMethodInvocation.proceed(ReflectiveMethodInvocation.java:163)
	at org.springframework.aop.framework.CglibAopProxy$CglibMethodInvocation.proceed(CglibAopProxy.java:768)
	at org.springframework.transaction.interceptor.TransactionInterceptor$1.proceedWithInvocation(TransactionInterceptor.java:123)
	at org.springframework.transaction.interceptor.TransactionAspectSupport.invokeWithinTransaction(TransactionAspectSupport.java:392)
	at org.springframework.transaction.interceptor.TransactionInterceptor.invoke(TransactionInterceptor.java:119)
	at org.springframework.aop.framework.ReflectiveMethodInvocation.proceed(ReflectiveMethodInvocation.java:184)
	at org.springframework.aop.framework.CglibAopProxy$CglibMethodInvocation.proceed(CglibAopProxy.java:768)
	at org.springframework.aop.framework.CglibAopProxy$DynamicAdvisedInterceptor.intercept(CglibAopProxy.java:720)
	at com.banking.creditjourney.document.service.DocumentServiceImpl$$SpringCGLIB$$0.documentDeletes(<generated>)
	at com.banking.creditjourney.document.controller.DocumentController.documentDelete(DocumentController.java:97)
	at java.base/jdk.internal.reflect.DirectMethodHandleAccessor.invoke(DirectMethodHandleAccessor.java:103)
	at java.base/java.lang.reflect.Method.invoke(Method.java:580)
	at org.springframework.web.method.support.InvocableHandlerMethod.doInvoke(InvocableHandlerMethod.java:255)
	at org.springframework.web.method.support.InvocableHandlerMethod.invokeForRequest(InvocableHandlerMethod.java:188)
	at org.springframework.web.servlet.mvc.method.annotation.ServletInvocableHandlerMethod.invokeAndHandle(ServletInvocableHandlerMethod.java:118)
	at org.springframework.web.servlet.mvc.method.annotation.RequestMappingHandlerAdapter.invokeHandlerMethod(RequestMappingHandlerAdapter.java:926)
	at org.springframework.web.servlet.mvc.method.annotation.RequestMappingHandlerAdapter.handleInternal(RequestMappingHandlerAdapter.java:831)
	at org.springframework.web.servlet.mvc.method.AbstractHandlerMethodAdapter.handle(AbstractHandlerMethodAdapter.java:87)
	at org.springframework.web.servlet.DispatcherServlet.doDispatch(DispatcherServlet.java:1089)
	at org.springframework.web.servlet.DispatcherServlet.doService(DispatcherServlet.java:979)
	at org.springframework.web.servlet.FrameworkServlet.processRequest(FrameworkServlet.java:1014)
	at org.springframework.web.servlet.FrameworkServlet.doDelete(FrameworkServlet.java:936)
	at jakarta.servlet.http.HttpServlet.service(HttpServlet.java:596)
	at org.springframework.web.servlet.FrameworkServlet.service(FrameworkServlet.java:885)
	at jakarta.servlet.http.HttpServlet.service(HttpServlet.java:658)
	at org.apache.catalina.core.ApplicationFilterChain.internalDoFilter(ApplicationFilterChain.java:195)
	at org.apache.catalina.core.ApplicationFilterChain.doFilter(ApplicationFilterChain.java:140)
	at org.apache.tomcat.websocket.server.WsFilter.doFilter(WsFilter.java:51)
	at org.apache.catalina.core.ApplicationFilterChain.internalDoFilter(ApplicationFilterChain.java:164)
	at org.apache.catalina.core.ApplicationFilterChain.doFilter(ApplicationFilterChain.java:140)
	at org.springframework.web.filter.OncePerRequestFilter.doFilter(OncePerRequestFilter.java:110)
	at org.apache.catalina.core.ApplicationFilterChain.internalDoFilter(ApplicationFilterChain.java:164)
	at org.apache.catalina.core.ApplicationFilterChain.doFilter(ApplicationFilterChain.java:140)
	at com.banking.creditjourney.document.security.CorrelationIdFilter.doFilterInternal(CorrelationIdFilter.java:31)
	at org.springframework.web.filter.OncePerRequestFilter.doFilter(OncePerRequestFilter.java:116)
	at org.apache.catalina.core.ApplicationFilterChain.internalDoFilter(ApplicationFilterChain.java:164)
	at org.apache.catalina.core.ApplicationFilterChain.doFilter(ApplicationFilterChain.java:140)
	at org.springframework.web.filter.CompositeFilter$VirtualFilterChain.doFilter(CompositeFilter.java:108)
	at org.springframework.security.web.FilterChainProxy.lambda$doFilterInternal$3(FilterChainProxy.java:231)
	at org.springframework.security.web.ObservationFilterChainDecorator$FilterObservation$SimpleFilterObservation.lambda$wrap$1(ObservationFilterChainDecorator.java:479)
	at org.springframework.security.web.ObservationFilterChainDecorator$AroundFilterObservation$SimpleAroundFilterObservation.lambda$wrap$1(ObservationFilterChainDecorator.java:340)
	at org.springframework.security.web.ObservationFilterChainDecorator.lambda$wrapSecured$0(ObservationFilterChainDecorator.java:82)
	at org.springframework.security.web.ObservationFilterChainDecorator$VirtualFilterChain.doFilter(ObservationFilterChainDecorator.java:128)
	at org.springframework.security.web.access.intercept.AuthorizationFilter.doFilter(AuthorizationFilter.java:100)
	at org.springframework.security.web.ObservationFilterChainDecorator$ObservationFilter.wrapFilter(ObservationFilterChainDecorator.java:240)
	at org.springframework.security.web.ObservationFilterChainDecorator$ObservationFilter.doFilter(ObservationFilterChainDecorator.java:227)
	at org.springframework.security.web.ObservationFilterChainDecorator$VirtualFilterChain.doFilter(ObservationFilterChainDecorator.java:137)
	at org.springframework.security.web.access.ExceptionTranslationFilter.doFilter(ExceptionTranslationFilter.java:126)
	at org.springframework.security.web.access.ExceptionTranslationFilter.doFilter(ExceptionTranslationFilter.java:120)
	at org.springframework.security.web.ObservationFilterChainDecorator$ObservationFilter.wrapFilter(ObservationFilterChainDecorator.java:240)
	at org.springframework.security.web.ObservationFilterChainDecorator$ObservationFilter.doFilter(ObservationFilterChainDecorator.java:227)
	at org.springframework.security.web.ObservationFilterChainDecorator$VirtualFilterChain.doFilter(ObservationFilterChainDecorator.java:137)
	at org.springframework.security.web.authentication.AnonymousAuthenticationFilter.doFilter(AnonymousAuthenticationFilter.java:100)
	at org.springframework.security.web.ObservationFilterChainDecorator$ObservationFilter.wrapFilter(ObservationFilterChainDecorator.java:240)
	at org.springframework.security.web.ObservationFilterChainDecorator$ObservationFilter.doFilter(ObservationFilterChainDecorator.java:227)
	at org.springframework.security.web.ObservationFilterChainDecorator$VirtualFilterChain.doFilter(ObservationFilterChainDecorator.java:137)
	at org.springframework.security.web.servletapi.SecurityContextHolderAwareRequestFilter.doFilter(SecurityContextHolderAwareRequestFilter.java:179)
	at org.springframework.security.web.ObservationFilterChainDecorator$ObservationFilter.wrapFilter(ObservationFilterChainDecorator.java:240)
	at org.springframework.security.web.ObservationFilterChainDecorator$ObservationFilter.doFilter(ObservationFilterChainDecorator.java:227)
	at org.springframework.security.web.ObservationFilterChainDecorator$VirtualFilterChain.doFilter(ObservationFilterChainDecorator.java:137)
	at org.springframework.security.web.savedrequest.RequestCacheAwareFilter.doFilter(RequestCacheAwareFilter.java:63)
	at org.springframework.security.web.ObservationFilterChainDecorator$ObservationFilter.wrapFilter(ObservationFilterChainDecorator.java:240)
	at org.springframework.security.web.ObservationFilterChainDecorator$ObservationFilter.doFilter(ObservationFilterChainDecorator.java:227)
	at org.springframework.security.web.ObservationFilterChainDecorator$VirtualFilterChain.doFilter(ObservationFilterChainDecorator.java:137)
	at org.springframework.security.web.authentication.www.BasicAuthenticationFilter.doFilterInternal(BasicAuthenticationFilter.java:181)
	at org.springframework.web.filter.OncePerRequestFilter.doFilter(OncePerRequestFilter.java:116)
	at org.springframework.security.web.ObservationFilterChainDecorator$ObservationFilter.wrapFilter(ObservationFilterChainDecorator.java:240)
	at org.springframework.security.web.ObservationFilterChainDecorator$ObservationFilter.doFilter(ObservationFilterChainDecorator.java:227)
	at org.springframework.security.web.ObservationFilterChainDecorator$VirtualFilterChain.doFilter(ObservationFilterChainDecorator.java:137)
	at com.banking.creditjourney.document.security.JwtAuthenticationFilter.doFilterInternal(JwtAuthenticationFilter.java:34)
	at org.springframework.web.filter.OncePerRequestFilter.doFilter(OncePerRequestFilter.java:116)
	at org.springframework.security.web.ObservationFilterChainDecorator$ObservationFilter.wrapFilter(ObservationFilterChainDecorator.java:240)
	at org.springframework.security.web.ObservationFilterChainDecorator$ObservationFilter.doFilter(ObservationFilterChainDecorator.java:227)
	at org.springframework.security.web.ObservationFilterChainDecorator$VirtualFilterChain.doFilter(ObservationFilterChainDecorator.java:137)
	at org.springframework.security.web.authentication.logout.LogoutFilter.doFilter(LogoutFilter.java:107)
	at org.springframework.security.web.authentication.logout.LogoutFilter.doFilter(LogoutFilter.java:93)
	at org.springframework.security.web.ObservationFilterChainDecorator$ObservationFilter.wrapFilter(ObservationFilterChainDecorator.java:240)
	at org.springframework.security.web.ObservationFilterChainDecorator$ObservationFilter.doFilter(ObservationFilterChainDecorator.java:227)
	at org.springframework.security.web.ObservationFilterChainDecorator$VirtualFilterChain.doFilter(ObservationFilterChainDecorator.java:137)
	at org.springframework.web.filter.CorsFilter.doFilterInternal(CorsFilter.java:91)
	at org.springframework.web.filter.OncePerRequestFilter.doFilter(OncePerRequestFilter.java:116)
	at org.springframework.security.web.ObservationFilterChainDecorator$ObservationFilter.wrapFilter(ObservationFilterChainDecorator.java:240)
	at org.springframework.security.web.ObservationFilterChainDecorator$ObservationFilter.doFilter(ObservationFilterChainDecorator.java:227)
	at org.springframework.security.web.ObservationFilterChainDecorator$VirtualFilterChain.doFilter(ObservationFilterChainDecorator.java:137)
	at org.springframework.security.web.header.HeaderWriterFilter.doHeadersAfter(HeaderWriterFilter.java:90)
	at org.springframework.security.web.header.HeaderWriterFilter.doFilterInternal(HeaderWriterFilter.java:75)
	at org.springframework.web.filter.OncePerRequestFilter.doFilter(OncePerRequestFilter.java:116)
	at org.springframework.security.web.ObservationFilterChainDecorator$ObservationFilter.wrapFilter(ObservationFilterChainDecorator.java:240)
	at org.springframework.security.web.ObservationFilterChainDecorator$ObservationFilter.doFilter(ObservationFilterChainDecorator.java:227)
	at org.springframework.security.web.ObservationFilterChainDecorator$VirtualFilterChain.doFilter(ObservationFilterChainDecorator.java:137)
	at org.springframework.security.web.context.SecurityContextHolderFilter.doFilter(SecurityContextHolderFilter.java:82)
	at org.springframework.security.web.context.SecurityContextHolderFilter.doFilter(SecurityContextHolderFilter.java:69)
	at org.springframework.security.web.ObservationFilterChainDecorator$ObservationFilter.wrapFilter(ObservationFilterChainDecorator.java:240)
	at org.springframework.security.web.ObservationFilterChainDecorator$ObservationFilter.doFilter(ObservationFilterChainDecorator.java:227)
	at org.springframework.security.web.ObservationFilterChainDecorator$VirtualFilterChain.doFilter(ObservationFilterChainDecorator.java:137)
	at org.springframework.security.web.context.request.async.WebAsyncManagerIntegrationFilter.doFilterInternal(WebAsyncManagerIntegrationFilter.java:62)
	at org.springframework.web.filter.OncePerRequestFilter.doFilter(OncePerRequestFilter.java:116)
	at org.springframework.security.web.ObservationFilterChainDecorator$ObservationFilter.wrapFilter(ObservationFilterChainDecorator.java:240)
	at org.springframework.security.web.ObservationFilterChainDecorator$ObservationFilter.doFilter(ObservationFilterChainDecorator.java:227)
	at org.springframework.security.web.ObservationFilterChainDecorator$VirtualFilterChain.doFilter(ObservationFilterChainDecorator.java:137)
	at org.springframework.security.web.session.DisableEncodeUrlFilter.doFilterInternal(DisableEncodeUrlFilter.java:42)
	at org.springframework.web.filter.OncePerRequestFilter.doFilter(OncePerRequestFilter.java:116)
	at org.springframework.security.web.ObservationFilterChainDecorator$ObservationFilter.wrapFilter(ObservationFilterChainDecorator.java:240)
	at org.springframework.security.web.ObservationFilterChainDecorator$AroundFilterObservation$SimpleAroundFilterObservation.lambda$wrap$0(ObservationFilterChainDecorator.java:323)
	at org.springframework.security.web.ObservationFilterChainDecorator$ObservationFilter.doFilter(ObservationFilterChainDecorator.java:224)
	at org.springframework.security.web.ObservationFilterChainDecorator$VirtualFilterChain.doFilter(ObservationFilterChainDecorator.java:137)
	at org.springframework.security.web.FilterChainProxy.doFilterInternal(FilterChainProxy.java:233)
	at org.springframework.security.web.FilterChainProxy.doFilter(FilterChainProxy.java:191)
	at org.springframework.web.filter.CompositeFilter$VirtualFilterChain.doFilter(CompositeFilter.java:113)
	at org.springframework.web.servlet.handler.HandlerMappingIntrospector.lambda$createCacheFilter$3(HandlerMappingIntrospector.java:195)
	at org.springframework.web.filter.CompositeFilter$VirtualFilterChain.doFilter(CompositeFilter.java:113)
	at org.springframework.web.filter.CompositeFilter.doFilter(CompositeFilter.java:74)
	at org.springframework.security.config.annotation.web.configuration.WebMvcSecurityConfiguration$CompositeFilterChainProxy.doFilter(WebMvcSecurityConfiguration.java:230)
	at org.springframework.web.filter.DelegatingFilterProxy.invokeDelegate(DelegatingFilterProxy.java:352)
	at org.springframework.web.filter.DelegatingFilterProxy.doFilter(DelegatingFilterProxy.java:268)
	at org.apache.catalina.core.ApplicationFilterChain.internalDoFilter(ApplicationFilterChain.java:164)
	at org.apache.catalina.core.ApplicationFilterChain.doFilter(ApplicationFilterChain.java:140)
	at org.springframework.web.filter.RequestContextFilter.doFilterInternal(RequestContextFilter.java:100)
	at org.springframework.web.filter.OncePerRequestFilter.doFilter(OncePerRequestFilter.java:116)
	at org.apache.catalina.core.ApplicationFilterChain.internalDoFilter(ApplicationFilterChain.java:164)
	at org.apache.catalina.core.ApplicationFilterChain.doFilter(ApplicationFilterChain.java:140)
	at org.springframework.web.filter.FormContentFilter.doFilterInternal(FormContentFilter.java:93)
	at org.springframework.web.filter.OncePerRequestFilter.doFilter(OncePerRequestFilter.java:116)
	at org.apache.catalina.core.ApplicationFilterChain.internalDoFilter(ApplicationFilterChain.java:164)
	at org.apache.catalina.core.ApplicationFilterChain.doFilter(ApplicationFilterChain.java:140)
	at org.springframework.web.filter.ServerHttpObservationFilter.doFilterInternal(ServerHttpObservationFilter.java:107)
	at org.springframework.web.filter.OncePerRequestFilter.doFilter(OncePerRequestFilter.java:116)
	at org.apache.catalina.core.ApplicationFilterChain.internalDoFilter(ApplicationFilterChain.java:164)
	at org.apache.catalina.core.ApplicationFilterChain.doFilter(ApplicationFilterChain.java:140)
	at org.springframework.web.filter.CharacterEncodingFilter.doFilterInternal(CharacterEncodingFilter.java:201)
	at org.springframework.web.filter.OncePerRequestFilter.doFilter(OncePerRequestFilter.java:116)
	at org.apache.catalina.core.ApplicationFilterChain.internalDoFilter(ApplicationFilterChain.java:164)
	at org.apache.catalina.core.ApplicationFilterChain.doFilter(ApplicationFilterChain.java:140)
	at org.apache.catalina.core.StandardWrapperValve.invoke(StandardWrapperValve.java:167)
	at org.apache.catalina.core.StandardContextValve.invoke(StandardContextValve.java:90)
	at org.apache.catalina.authenticator.AuthenticatorBase.invoke(AuthenticatorBase.java:482)
	at org.apache.catalina.core.StandardHostValve.invoke(StandardHostValve.java:115)
	at org.apache.catalina.valves.ErrorReportValve.invoke(ErrorReportValve.java:93)
	at org.apache.catalina.core.StandardEngineValve.invoke(StandardEngineValve.java:74)
	at org.apache.catalina.connector.CoyoteAdapter.service(CoyoteAdapter.java:344)
	at org.apache.coyote.http11.Http11Processor.service(Http11Processor.java:389)
	at org.apache.coyote.AbstractProcessorLight.process(AbstractProcessorLight.java:63)
	at org.apache.coyote.AbstractProtocol$ConnectionHandler.process(AbstractProtocol.java:904)
	at org.apache.tomcat.util.net.NioEndpoint$SocketProcessor.doRun(NioEndpoint.java:1741)
	at org.apache.tomcat.util.net.SocketProcessorBase.run(SocketProcessorBase.java:52)
	at org.apache.tomcat.util.threads.ThreadPoolExecutor.runWorker(ThreadPoolExecutor.java:1190)
	at org.apache.tomcat.util.threads.ThreadPoolExecutor$Worker.run(ThreadPoolExecutor.java:659)
	at org.apache.tomcat.util.threads.TaskThread$WrappingRunnable.run(TaskThread.java:63)
	at java.base/java.lang.Thread.run(Thread.java:1583)
2026-02-02 18:02:57.270 [http-nio-8080-exec-4] INFO  c.b.c.d.c.DocumentController [5107d843-151b-4ce8-954a-0c969227684c] - Document delete API starts:  /documentsDelete | request=DeleteDocumentRequest(documentIds=[2], deleteType=SOFT, reason=Not needed further) | userId=suyogita.shivare@accenture.com
2026-02-02 18:02:57.270 [http-nio-8080-exec-4] INFO  c.b.c.d.service.DocumentServiceImpl [5107d843-151b-4ce8-954a-0c969227684c] - Delete document(s) start: deleteDocumentRequest=DeleteDocumentRequest(documentIds=[2], deleteType=SOFT, reason=Not needed further) | user=suyogita.shivare@accenture.com |deleteType=SOFT
2026-02-02 18:02:57.271 [http-nio-8080-exec-4] DEBUG o.s.jdbc.core.JdbcTemplate [5107d843-151b-4ce8-954a-0c969227684c] - Executing prepared SQL query
2026-02-02 18:02:57.271 [http-nio-8080-exec-4] DEBUG o.s.jdbc.core.JdbcTemplate [5107d843-151b-4ce8-954a-0c969227684c] - Executing prepared SQL statement [SELECT
 documentid,
 user_id,
 file_name,
 file_type,
 file_size,
 checksum,
 storage_path,
 is_deleted AS file_deleted,created_at,
 updated_at FROM documents
WHERE documentid IN (?)
AND user_id = ?
]
2026-02-02 18:02:57.272 [http-nio-8080-exec-4] DEBUG o.s.jdbc.core.BeanPropertyRowMapper [5107d843-151b-4ce8-954a-0c969227684c] - Mapping column 'DOCUMENTID' to property 'documentId' of type 'java.lang.Long'
2026-02-02 18:02:57.272 [http-nio-8080-exec-4] DEBUG o.s.jdbc.core.BeanPropertyRowMapper [5107d843-151b-4ce8-954a-0c969227684c] - Mapping column 'USER_ID' to property 'userId' of type 'java.lang.String'
2026-02-02 18:02:57.272 [http-nio-8080-exec-4] DEBUG o.s.jdbc.core.BeanPropertyRowMapper [5107d843-151b-4ce8-954a-0c969227684c] - Mapping column 'FILE_NAME' to property 'fileName' of type 'java.lang.String'
2026-02-02 18:02:57.272 [http-nio-8080-exec-4] DEBUG o.s.jdbc.core.BeanPropertyRowMapper [5107d843-151b-4ce8-954a-0c969227684c] - Mapping column 'FILE_TYPE' to property 'fileType' of type 'java.lang.String'
2026-02-02 18:02:57.272 [http-nio-8080-exec-4] DEBUG o.s.jdbc.core.BeanPropertyRowMapper [5107d843-151b-4ce8-954a-0c969227684c] - Mapping column 'FILE_SIZE' to property 'fileSize' of type 'java.lang.Long'
2026-02-02 18:02:57.272 [http-nio-8080-exec-4] DEBUG o.s.jdbc.core.BeanPropertyRowMapper [5107d843-151b-4ce8-954a-0c969227684c] - Mapping column 'CHECKSUM' to property 'checksum' of type 'java.lang.String'
2026-02-02 18:02:57.272 [http-nio-8080-exec-4] DEBUG o.s.jdbc.core.BeanPropertyRowMapper [5107d843-151b-4ce8-954a-0c969227684c] - Mapping column 'STORAGE_PATH' to property 'storagePath' of type 'java.lang.String'
2026-02-02 18:02:57.272 [http-nio-8080-exec-4] DEBUG o.s.jdbc.core.BeanPropertyRowMapper [5107d843-151b-4ce8-954a-0c969227684c] - Mapping column 'FILE_DELETED' to property 'fileDeleted' of type 'boolean'
2026-02-02 18:02:57.272 [http-nio-8080-exec-4] DEBUG o.s.jdbc.core.BeanPropertyRowMapper [5107d843-151b-4ce8-954a-0c969227684c] - Mapping column 'CREATED_AT' to property 'createdAt' of type 'java.time.LocalDateTime'
2026-02-02 18:02:57.272 [http-nio-8080-exec-4] DEBUG o.s.jdbc.core.BeanPropertyRowMapper [5107d843-151b-4ce8-954a-0c969227684c] - Mapping column 'UPDATED_AT' to property 'updatedAt' of type 'java.time.LocalDateTime'
2026-02-02 18:02:57.272 [http-nio-8080-exec-4] INFO  c.b.c.d.service.DocumentServiceImpl [5107d843-151b-4ce8-954a-0c969227684c] - Fetched documents from DB= | requested=1 | found=1 
2026-02-02 18:02:57.272 [http-nio-8080-exec-4] INFO  c.b.c.d.service.DocumentServiceImpl [5107d843-151b-4ce8-954a-0c969227684c] - Document split| active(non-deleted)=0 | softDeleted=+1 
2026-02-02 18:02:57.273 [http-nio-8080-exec-4] INFO  c.b.c.d.service.DocumentServiceImpl [5107d843-151b-4ce8-954a-0c969227684c] - Soft delete initiared..
2026-02-02 18:02:57.273 [http-nio-8080-exec-4] ERROR c.b.c.d.e.GlobalExceptionHandler [5107d843-151b-4ce8-954a-0c969227684c] - Business exception
java.lang.IllegalArgumentException: All requested documents are already deleted
	at com.banking.creditjourney.document.service.DocumentServiceImpl.documentDeletes(DocumentServiceImpl.java:128)
	at java.base/jdk.internal.reflect.DirectMethodHandleAccessor.invoke(DirectMethodHandleAccessor.java:103)
	at java.base/java.lang.reflect.Method.invoke(Method.java:580)
	at org.springframework.aop.support.AopUtils.invokeJoinpointUsingReflection(AopUtils.java:354)
	at org.springframework.aop.framework.ReflectiveMethodInvocation.invokeJoinpoint(ReflectiveMethodInvocation.java:196)
	at org.springframework.aop.framework.ReflectiveMethodInvocation.proceed(ReflectiveMethodInvocation.java:163)
	at org.springframework.aop.framework.CglibAopProxy$CglibMethodInvocation.proceed(CglibAopProxy.java:768)
	at org.springframework.transaction.interceptor.TransactionInterceptor$1.proceedWithInvocation(TransactionInterceptor.java:123)
	at org.springframework.transaction.interceptor.TransactionAspectSupport.invokeWithinTransaction(TransactionAspectSupport.java:392)
	at org.springframework.transaction.interceptor.TransactionInterceptor.invoke(TransactionInterceptor.java:119)
	at org.springframework.aop.framework.ReflectiveMethodInvocation.proceed(ReflectiveMethodInvocation.java:184)
	at org.springframework.aop.framework.CglibAopProxy$CglibMethodInvocation.proceed(CglibAopProxy.java:768)
	at org.springframework.aop.framework.CglibAopProxy$DynamicAdvisedInterceptor.intercept(CglibAopProxy.java:720)
	at com.banking.creditjourney.document.service.DocumentServiceImpl$$SpringCGLIB$$0.documentDeletes(<generated>)
	at com.banking.creditjourney.document.controller.DocumentController.documentDelete(DocumentController.java:97)
	at java.base/jdk.internal.reflect.DirectMethodHandleAccessor.invoke(DirectMethodHandleAccessor.java:103)
	at java.base/java.lang.reflect.Method.invoke(Method.java:580)
	at org.springframework.web.method.support.InvocableHandlerMethod.doInvoke(InvocableHandlerMethod.java:255)
	at org.springframework.web.method.support.InvocableHandlerMethod.invokeForRequest(InvocableHandlerMethod.java:188)
	at org.springframework.web.servlet.mvc.method.annotation.ServletInvocableHandlerMethod.invokeAndHandle(ServletInvocableHandlerMethod.java:118)
	at org.springframework.web.servlet.mvc.method.annotation.RequestMappingHandlerAdapter.invokeHandlerMethod(RequestMappingHandlerAdapter.java:926)
	at org.springframework.web.servlet.mvc.method.annotation.RequestMappingHandlerAdapter.handleInternal(RequestMappingHandlerAdapter.java:831)
	at org.springframework.web.servlet.mvc.method.AbstractHandlerMethodAdapter.handle(AbstractHandlerMethodAdapter.java:87)
	at org.springframework.web.servlet.DispatcherServlet.doDispatch(DispatcherServlet.java:1089)
	at org.springframework.web.servlet.DispatcherServlet.doService(DispatcherServlet.java:979)
	at org.springframework.web.servlet.FrameworkServlet.processRequest(FrameworkServlet.java:1014)
	at org.springframework.web.servlet.FrameworkServlet.doDelete(FrameworkServlet.java:936)
	at jakarta.servlet.http.HttpServlet.service(HttpServlet.java:596)
	at org.springframework.web.servlet.FrameworkServlet.service(FrameworkServlet.java:885)
	at jakarta.servlet.http.HttpServlet.service(HttpServlet.java:658)
	at org.apache.catalina.core.ApplicationFilterChain.internalDoFilter(ApplicationFilterChain.java:195)
	at org.apache.catalina.core.ApplicationFilterChain.doFilter(ApplicationFilterChain.java:140)
	at org.apache.tomcat.websocket.server.WsFilter.doFilter(WsFilter.java:51)
	at org.apache.catalina.core.ApplicationFilterChain.internalDoFilter(ApplicationFilterChain.java:164)
	at org.apache.catalina.core.ApplicationFilterChain.doFilter(ApplicationFilterChain.java:140)
	at org.springframework.web.filter.OncePerRequestFilter.doFilter(OncePerRequestFilter.java:110)
	at org.apache.catalina.core.ApplicationFilterChain.internalDoFilter(ApplicationFilterChain.java:164)
	at org.apache.catalina.core.ApplicationFilterChain.doFilter(ApplicationFilterChain.java:140)
	at com.banking.creditjourney.document.security.CorrelationIdFilter.doFilterInternal(CorrelationIdFilter.java:31)
	at org.springframework.web.filter.OncePerRequestFilter.doFilter(OncePerRequestFilter.java:116)
	at org.apache.catalina.core.ApplicationFilterChain.internalDoFilter(ApplicationFilterChain.java:164)
	at org.apache.catalina.core.ApplicationFilterChain.doFilter(ApplicationFilterChain.java:140)
	at org.springframework.web.filter.CompositeFilter$VirtualFilterChain.doFilter(CompositeFilter.java:108)
	at org.springframework.security.web.FilterChainProxy.lambda$doFilterInternal$3(FilterChainProxy.java:231)
	at org.springframework.security.web.ObservationFilterChainDecorator$FilterObservation$SimpleFilterObservation.lambda$wrap$1(ObservationFilterChainDecorator.java:479)
	at org.springframework.security.web.ObservationFilterChainDecorator$AroundFilterObservation$SimpleAroundFilterObservation.lambda$wrap$1(ObservationFilterChainDecorator.java:340)
	at org.springframework.security.web.ObservationFilterChainDecorator.lambda$wrapSecured$0(ObservationFilterChainDecorator.java:82)
	at org.springframework.security.web.ObservationFilterChainDecorator$VirtualFilterChain.doFilter(ObservationFilterChainDecorator.java:128)
	at org.springframework.security.web.access.intercept.AuthorizationFilter.doFilter(AuthorizationFilter.java:100)
	at org.springframework.security.web.ObservationFilterChainDecorator$ObservationFilter.wrapFilter(ObservationFilterChainDecorator.java:240)
	at org.springframework.security.web.ObservationFilterChainDecorator$ObservationFilter.doFilter(ObservationFilterChainDecorator.java:227)
	at org.springframework.security.web.ObservationFilterChainDecorator$VirtualFilterChain.doFilter(ObservationFilterChainDecorator.java:137)
	at org.springframework.security.web.access.ExceptionTranslationFilter.doFilter(ExceptionTranslationFilter.java:126)
	at org.springframework.security.web.access.ExceptionTranslationFilter.doFilter(ExceptionTranslationFilter.java:120)
	at org.springframework.security.web.ObservationFilterChainDecorator$ObservationFilter.wrapFilter(ObservationFilterChainDecorator.java:240)
	at org.springframework.security.web.ObservationFilterChainDecorator$ObservationFilter.doFilter(ObservationFilterChainDecorator.java:227)
	at org.springframework.security.web.ObservationFilterChainDecorator$VirtualFilterChain.doFilter(ObservationFilterChainDecorator.java:137)
	at org.springframework.security.web.authentication.AnonymousAuthenticationFilter.doFilter(AnonymousAuthenticationFilter.java:100)
	at org.springframework.security.web.ObservationFilterChainDecorator$ObservationFilter.wrapFilter(ObservationFilterChainDecorator.java:240)
	at org.springframework.security.web.ObservationFilterChainDecorator$ObservationFilter.doFilter(ObservationFilterChainDecorator.java:227)
	at org.springframework.security.web.ObservationFilterChainDecorator$VirtualFilterChain.doFilter(ObservationFilterChainDecorator.java:137)
	at org.springframework.security.web.servletapi.SecurityContextHolderAwareRequestFilter.doFilter(SecurityContextHolderAwareRequestFilter.java:179)
	at org.springframework.security.web.ObservationFilterChainDecorator$ObservationFilter.wrapFilter(ObservationFilterChainDecorator.java:240)
	at org.springframework.security.web.ObservationFilterChainDecorator$ObservationFilter.doFilter(ObservationFilterChainDecorator.java:227)
	at org.springframework.security.web.ObservationFilterChainDecorator$VirtualFilterChain.doFilter(ObservationFilterChainDecorator.java:137)
	at org.springframework.security.web.savedrequest.RequestCacheAwareFilter.doFilter(RequestCacheAwareFilter.java:63)
	at org.springframework.security.web.ObservationFilterChainDecorator$ObservationFilter.wrapFilter(ObservationFilterChainDecorator.java:240)
	at org.springframework.security.web.ObservationFilterChainDecorator$ObservationFilter.doFilter(ObservationFilterChainDecorator.java:227)
	at org.springframework.security.web.ObservationFilterChainDecorator$VirtualFilterChain.doFilter(ObservationFilterChainDecorator.java:137)
	at org.springframework.security.web.authentication.www.BasicAuthenticationFilter.doFilterInternal(BasicAuthenticationFilter.java:181)
	at org.springframework.web.filter.OncePerRequestFilter.doFilter(OncePerRequestFilter.java:116)
	at org.springframework.security.web.ObservationFilterChainDecorator$ObservationFilter.wrapFilter(ObservationFilterChainDecorator.java:240)
	at org.springframework.security.web.ObservationFilterChainDecorator$ObservationFilter.doFilter(ObservationFilterChainDecorator.java:227)
	at org.springframework.security.web.ObservationFilterChainDecorator$VirtualFilterChain.doFilter(ObservationFilterChainDecorator.java:137)
	at com.banking.creditjourney.document.security.JwtAuthenticationFilter.doFilterInternal(JwtAuthenticationFilter.java:34)
	at org.springframework.web.filter.OncePerRequestFilter.doFilter(OncePerRequestFilter.java:116)
	at org.springframework.security.web.ObservationFilterChainDecorator$ObservationFilter.wrapFilter(ObservationFilterChainDecorator.java:240)
	at org.springframework.security.web.ObservationFilterChainDecorator$ObservationFilter.doFilter(ObservationFilterChainDecorator.java:227)
	at org.springframework.security.web.ObservationFilterChainDecorator$VirtualFilterChain.doFilter(ObservationFilterChainDecorator.java:137)
	at org.springframework.security.web.authentication.logout.LogoutFilter.doFilter(LogoutFilter.java:107)
	at org.springframework.security.web.authentication.logout.LogoutFilter.doFilter(LogoutFilter.java:93)
	at org.springframework.security.web.ObservationFilterChainDecorator$ObservationFilter.wrapFilter(ObservationFilterChainDecorator.java:240)
	at org.springframework.security.web.ObservationFilterChainDecorator$ObservationFilter.doFilter(ObservationFilterChainDecorator.java:227)
	at org.springframework.security.web.ObservationFilterChainDecorator$VirtualFilterChain.doFilter(ObservationFilterChainDecorator.java:137)
	at org.springframework.web.filter.CorsFilter.doFilterInternal(CorsFilter.java:91)
	at org.springframework.web.filter.OncePerRequestFilter.doFilter(OncePerRequestFilter.java:116)
	at org.springframework.security.web.ObservationFilterChainDecorator$ObservationFilter.wrapFilter(ObservationFilterChainDecorator.java:240)
	at org.springframework.security.web.ObservationFilterChainDecorator$ObservationFilter.doFilter(ObservationFilterChainDecorator.java:227)
	at org.springframework.security.web.ObservationFilterChainDecorator$VirtualFilterChain.doFilter(ObservationFilterChainDecorator.java:137)
	at org.springframework.security.web.header.HeaderWriterFilter.doHeadersAfter(HeaderWriterFilter.java:90)
	at org.springframework.security.web.header.HeaderWriterFilter.doFilterInternal(HeaderWriterFilter.java:75)
	at org.springframework.web.filter.OncePerRequestFilter.doFilter(OncePerRequestFilter.java:116)
	at org.springframework.security.web.ObservationFilterChainDecorator$ObservationFilter.wrapFilter(ObservationFilterChainDecorator.java:240)
	at org.springframework.security.web.ObservationFilterChainDecorator$ObservationFilter.doFilter(ObservationFilterChainDecorator.java:227)
	at org.springframework.security.web.ObservationFilterChainDecorator$VirtualFilterChain.doFilter(ObservationFilterChainDecorator.java:137)
	at org.springframework.security.web.context.SecurityContextHolderFilter.doFilter(SecurityContextHolderFilter.java:82)
	at org.springframework.security.web.context.SecurityContextHolderFilter.doFilter(SecurityContextHolderFilter.java:69)
	at org.springframework.security.web.ObservationFilterChainDecorator$ObservationFilter.wrapFilter(ObservationFilterChainDecorator.java:240)
	at org.springframework.security.web.ObservationFilterChainDecorator$ObservationFilter.doFilter(ObservationFilterChainDecorator.java:227)
	at org.springframework.security.web.ObservationFilterChainDecorator$VirtualFilterChain.doFilter(ObservationFilterChainDecorator.java:137)
	at org.springframework.security.web.context.request.async.WebAsyncManagerIntegrationFilter.doFilterInternal(WebAsyncManagerIntegrationFilter.java:62)
	at org.springframework.web.filter.OncePerRequestFilter.doFilter(OncePerRequestFilter.java:116)
	at org.springframework.security.web.ObservationFilterChainDecorator$ObservationFilter.wrapFilter(ObservationFilterChainDecorator.java:240)
	at org.springframework.security.web.ObservationFilterChainDecorator$ObservationFilter.doFilter(ObservationFilterChainDecorator.java:227)
	at org.springframework.security.web.ObservationFilterChainDecorator$VirtualFilterChain.doFilter(ObservationFilterChainDecorator.java:137)
	at org.springframework.security.web.session.DisableEncodeUrlFilter.doFilterInternal(DisableEncodeUrlFilter.java:42)
	at org.springframework.web.filter.OncePerRequestFilter.doFilter(OncePerRequestFilter.java:116)
	at org.springframework.security.web.ObservationFilterChainDecorator$ObservationFilter.wrapFilter(ObservationFilterChainDecorator.java:240)
	at org.springframework.security.web.ObservationFilterChainDecorator$AroundFilterObservation$SimpleAroundFilterObservation.lambda$wrap$0(ObservationFilterChainDecorator.java:323)
	at org.springframework.security.web.ObservationFilterChainDecorator$ObservationFilter.doFilter(ObservationFilterChainDecorator.java:224)
	at org.springframework.security.web.ObservationFilterChainDecorator$VirtualFilterChain.doFilter(ObservationFilterChainDecorator.java:137)
	at org.springframework.security.web.FilterChainProxy.doFilterInternal(FilterChainProxy.java:233)
	at org.springframework.security.web.FilterChainProxy.doFilter(FilterChainProxy.java:191)
	at org.springframework.web.filter.CompositeFilter$VirtualFilterChain.doFilter(CompositeFilter.java:113)
	at org.springframework.web.servlet.handler.HandlerMappingIntrospector.lambda$createCacheFilter$3(HandlerMappingIntrospector.java:195)
	at org.springframework.web.filter.CompositeFilter$VirtualFilterChain.doFilter(CompositeFilter.java:113)
	at org.springframework.web.filter.CompositeFilter.doFilter(CompositeFilter.java:74)
	at org.springframework.security.config.annotation.web.configuration.WebMvcSecurityConfiguration$CompositeFilterChainProxy.doFilter(WebMvcSecurityConfiguration.java:230)
	at org.springframework.web.filter.DelegatingFilterProxy.invokeDelegate(DelegatingFilterProxy.java:352)
	at org.springframework.web.filter.DelegatingFilterProxy.doFilter(DelegatingFilterProxy.java:268)
	at org.apache.catalina.core.ApplicationFilterChain.internalDoFilter(ApplicationFilterChain.java:164)
	at org.apache.catalina.core.ApplicationFilterChain.doFilter(ApplicationFilterChain.java:140)
	at org.springframework.web.filter.RequestContextFilter.doFilterInternal(RequestContextFilter.java:100)
	at org.springframework.web.filter.OncePerRequestFilter.doFilter(OncePerRequestFilter.java:116)
	at org.apache.catalina.core.ApplicationFilterChain.internalDoFilter(ApplicationFilterChain.java:164)
	at org.apache.catalina.core.ApplicationFilterChain.doFilter(ApplicationFilterChain.java:140)
	at org.springframework.web.filter.FormContentFilter.doFilterInternal(FormContentFilter.java:93)
	at org.springframework.web.filter.OncePerRequestFilter.doFilter(OncePerRequestFilter.java:116)
	at org.apache.catalina.core.ApplicationFilterChain.internalDoFilter(ApplicationFilterChain.java:164)
	at org.apache.catalina.core.ApplicationFilterChain.doFilter(ApplicationFilterChain.java:140)
	at org.springframework.web.filter.ServerHttpObservationFilter.doFilterInternal(ServerHttpObservationFilter.java:107)
	at org.springframework.web.filter.OncePerRequestFilter.doFilter(OncePerRequestFilter.java:116)
	at org.apache.catalina.core.ApplicationFilterChain.internalDoFilter(ApplicationFilterChain.java:164)
	at org.apache.catalina.core.ApplicationFilterChain.doFilter(ApplicationFilterChain.java:140)
	at org.springframework.web.filter.CharacterEncodingFilter.doFilterInternal(CharacterEncodingFilter.java:201)
	at org.springframework.web.filter.OncePerRequestFilter.doFilter(OncePerRequestFilter.java:116)
	at org.apache.catalina.core.ApplicationFilterChain.internalDoFilter(ApplicationFilterChain.java:164)
	at org.apache.catalina.core.ApplicationFilterChain.doFilter(ApplicationFilterChain.java:140)
	at org.apache.catalina.core.StandardWrapperValve.invoke(StandardWrapperValve.java:167)
	at org.apache.catalina.core.StandardContextValve.invoke(StandardContextValve.java:90)
	at org.apache.catalina.authenticator.AuthenticatorBase.invoke(AuthenticatorBase.java:482)
	at org.apache.catalina.core.StandardHostValve.invoke(StandardHostValve.java:115)
	at org.apache.catalina.valves.ErrorReportValve.invoke(ErrorReportValve.java:93)
	at org.apache.catalina.core.StandardEngineValve.invoke(StandardEngineValve.java:74)
	at org.apache.catalina.connector.CoyoteAdapter.service(CoyoteAdapter.java:344)
	at org.apache.coyote.http11.Http11Processor.service(Http11Processor.java:389)
	at org.apache.coyote.AbstractProcessorLight.process(AbstractProcessorLight.java:63)
	at org.apache.coyote.AbstractProtocol$ConnectionHandler.process(AbstractProtocol.java:904)
	at org.apache.tomcat.util.net.NioEndpoint$SocketProcessor.doRun(NioEndpoint.java:1741)
	at org.apache.tomcat.util.net.SocketProcessorBase.run(SocketProcessorBase.java:52)
	at org.apache.tomcat.util.threads.ThreadPoolExecutor.runWorker(ThreadPoolExecutor.java:1190)
	at org.apache.tomcat.util.threads.ThreadPoolExecutor$Worker.run(ThreadPoolExecutor.java:659)
	at org.apache.tomcat.util.threads.TaskThread$WrappingRunnable.run(TaskThread.java:63)
	at java.base/java.lang.Thread.run(Thread.java:1583)
2026-02-02 18:03:19.007 [http-nio-8080-exec-7] INFO  c.b.c.d.c.DocumentController [87d292df-bf4e-40a1-8650-a33bfbea1767] - Document delete API starts:  /documentsDelete | request=DeleteDocumentRequest(documentIds=[2], deleteType=HARD, reason=Not needed further) | userId=suyogita.shivare@accenture.com
2026-02-02 18:03:19.009 [http-nio-8080-exec-7] INFO  c.b.c.d.service.DocumentServiceImpl [87d292df-bf4e-40a1-8650-a33bfbea1767] - Delete document(s) start: deleteDocumentRequest=DeleteDocumentRequest(documentIds=[2], deleteType=HARD, reason=Not needed further) | user=suyogita.shivare@accenture.com |deleteType=HARD
2026-02-02 18:03:19.009 [http-nio-8080-exec-7] DEBUG o.s.jdbc.core.JdbcTemplate [87d292df-bf4e-40a1-8650-a33bfbea1767] - Executing prepared SQL query
2026-02-02 18:03:19.009 [http-nio-8080-exec-7] DEBUG o.s.jdbc.core.JdbcTemplate [87d292df-bf4e-40a1-8650-a33bfbea1767] - Executing prepared SQL statement [SELECT
 documentid,
 user_id,
 file_name,
 file_type,
 file_size,
 checksum,
 storage_path,
 is_deleted AS file_deleted,created_at,
 updated_at FROM documents
WHERE documentid IN (?)
AND user_id = ?
]
2026-02-02 18:03:19.010 [http-nio-8080-exec-7] DEBUG o.s.jdbc.core.BeanPropertyRowMapper [87d292df-bf4e-40a1-8650-a33bfbea1767] - Mapping column 'DOCUMENTID' to property 'documentId' of type 'java.lang.Long'
2026-02-02 18:03:19.010 [http-nio-8080-exec-7] DEBUG o.s.jdbc.core.BeanPropertyRowMapper [87d292df-bf4e-40a1-8650-a33bfbea1767] - Mapping column 'USER_ID' to property 'userId' of type 'java.lang.String'
2026-02-02 18:03:19.011 [http-nio-8080-exec-7] DEBUG o.s.jdbc.core.BeanPropertyRowMapper [87d292df-bf4e-40a1-8650-a33bfbea1767] - Mapping column 'FILE_NAME' to property 'fileName' of type 'java.lang.String'
2026-02-02 18:03:19.011 [http-nio-8080-exec-7] DEBUG o.s.jdbc.core.BeanPropertyRowMapper [87d292df-bf4e-40a1-8650-a33bfbea1767] - Mapping column 'FILE_TYPE' to property 'fileType' of type 'java.lang.String'
2026-02-02 18:03:19.011 [http-nio-8080-exec-7] DEBUG o.s.jdbc.core.BeanPropertyRowMapper [87d292df-bf4e-40a1-8650-a33bfbea1767] - Mapping column 'FILE_SIZE' to property 'fileSize' of type 'java.lang.Long'
2026-02-02 18:03:19.011 [http-nio-8080-exec-7] DEBUG o.s.jdbc.core.BeanPropertyRowMapper [87d292df-bf4e-40a1-8650-a33bfbea1767] - Mapping column 'CHECKSUM' to property 'checksum' of type 'java.lang.String'
2026-02-02 18:03:19.012 [http-nio-8080-exec-7] DEBUG o.s.jdbc.core.BeanPropertyRowMapper [87d292df-bf4e-40a1-8650-a33bfbea1767] - Mapping column 'STORAGE_PATH' to property 'storagePath' of type 'java.lang.String'
2026-02-02 18:03:19.012 [http-nio-8080-exec-7] DEBUG o.s.jdbc.core.BeanPropertyRowMapper [87d292df-bf4e-40a1-8650-a33bfbea1767] - Mapping column 'FILE_DELETED' to property 'fileDeleted' of type 'boolean'
2026-02-02 18:03:19.013 [http-nio-8080-exec-7] DEBUG o.s.jdbc.core.BeanPropertyRowMapper [87d292df-bf4e-40a1-8650-a33bfbea1767] - Mapping column 'CREATED_AT' to property 'createdAt' of type 'java.time.LocalDateTime'
2026-02-02 18:03:19.013 [http-nio-8080-exec-7] DEBUG o.s.jdbc.core.BeanPropertyRowMapper [87d292df-bf4e-40a1-8650-a33bfbea1767] - Mapping column 'UPDATED_AT' to property 'updatedAt' of type 'java.time.LocalDateTime'
2026-02-02 18:03:19.013 [http-nio-8080-exec-7] INFO  c.b.c.d.service.DocumentServiceImpl [87d292df-bf4e-40a1-8650-a33bfbea1767] - Fetched documents from DB= | requested=1 | found=1 
2026-02-02 18:03:19.013 [http-nio-8080-exec-7] INFO  c.b.c.d.service.DocumentServiceImpl [87d292df-bf4e-40a1-8650-a33bfbea1767] - Document split| active(non-deleted)=0 | softDeleted=+1 
2026-02-02 18:03:19.013 [http-nio-8080-exec-7] INFO  c.b.c.d.service.DocumentServiceImpl [87d292df-bf4e-40a1-8650-a33bfbea1767] - Hard delete initiated..
2026-02-02 18:03:19.013 [http-nio-8080-exec-7] INFO  c.b.c.d.service.DocumentServiceImpl [87d292df-bf4e-40a1-8650-a33bfbea1767] - Audit trail initiared..
2026-02-02 18:03:19.015 [http-nio-8080-exec-7] DEBUG o.s.jdbc.core.JdbcTemplate [87d292df-bf4e-40a1-8650-a33bfbea1767] - Executing prepared SQL update
2026-02-02 18:03:19.015 [http-nio-8080-exec-7] DEBUG o.s.jdbc.core.JdbcTemplate [87d292df-bf4e-40a1-8650-a33bfbea1767] - Executing prepared SQL statement [INSERT INTO document_audit(documentid,action,performed_by,reason)
VALUES (?, ?, ?, ?)
]
2026-02-02 18:03:19.016 [http-nio-8080-exec-7] INFO  c.b.c.d.service.DocumentServiceImpl [87d292df-bf4e-40a1-8650-a33bfbea1767] - Hard delete from file system initiated..
2026-02-02 18:03:19.019 [http-nio-8080-exec-7] INFO  c.b.c.document.helper.DocumentHelper [87d292df-bf4e-40a1-8650-a33bfbea1767] - File deleted successfully:C:\Document_Management\PDF_Uploads\Rent_Recipt.pdf
2026-02-02 18:03:19.019 [http-nio-8080-exec-7] INFO  c.b.c.d.service.DocumentServiceImpl [87d292df-bf4e-40a1-8650-a33bfbea1767] - Hard delete from DB initiated..
2026-02-02 18:03:19.022 [http-nio-8080-exec-7] DEBUG o.s.jdbc.core.JdbcTemplate [87d292df-bf4e-40a1-8650-a33bfbea1767] - Executing prepared SQL update
2026-02-02 18:03:19.023 [http-nio-8080-exec-7] DEBUG o.s.jdbc.core.JdbcTemplate [87d292df-bf4e-40a1-8650-a33bfbea1767] - Executing prepared SQL statement [DELETE FROM documents
WHERE documentid IN (?)
]
2026-02-02 18:03:19.029 [http-nio-8080-exec-7] INFO  c.b.c.d.service.DocumentServiceImpl [87d292df-bf4e-40a1-8650-a33bfbea1767] - Hard delete fcompleted | user=suyogita.shivare@accenture.com | deletedCount=1
2026-02-02 18:03:41.143 [http-nio-8080-exec-7] INFO  c.b.c.d.c.DocumentController [2a540629-d8da-440e-aea0-ca9899759222] - Document upload API starts:  /documentUpload | userId=suyogita.shivare@accenture.com | filecount=1
2026-02-02 18:03:41.148 [http-nio-8080-exec-7] INFO  c.b.c.d.service.DocumentServiceImpl [2a540629-d8da-440e-aea0-ca9899759222] - Inside uploadFiles() 
2026-02-02 18:03:41.149 [http-nio-8080-exec-7] INFO  c.b.c.d.service.DocumentServiceImpl [2a540629-d8da-440e-aea0-ca9899759222] - Starting document upload 
2026-02-02 18:03:41.170 [http-nio-8080-exec-7] DEBUG o.s.jdbc.core.JdbcTemplate [2a540629-d8da-440e-aea0-ca9899759222] - Executing prepared SQL query
2026-02-02 18:03:41.171 [http-nio-8080-exec-7] DEBUG o.s.jdbc.core.JdbcTemplate [2a540629-d8da-440e-aea0-ca9899759222] - Executing prepared SQL statement [SELECT * FROM documents WHERE checksum= ?
]
2026-02-02 18:03:41.179 [http-nio-8080-exec-7] DEBUG o.s.jdbc.core.JdbcTemplate [2a540629-d8da-440e-aea0-ca9899759222] - Executing SQL update and returning generated keys
2026-02-02 18:03:41.180 [http-nio-8080-exec-7] DEBUG o.s.jdbc.core.JdbcTemplate [2a540629-d8da-440e-aea0-ca9899759222] - Executing prepared SQL statement [INSERT INTO documents(user_id,file_name,file_type,file_size,checksum,storage_path)
VALUES (?, ?, ?, ?, ?, ?)
]
2026-02-02 18:03:41.189 [http-nio-8080-exec-7] INFO  c.b.c.d.c.DocumentController [2a540629-d8da-440e-aea0-ca9899759222] - Upload API completed | userId=suyogita.shivare@accenture.com
2026-02-02 18:04:00.147 [http-nio-8080-exec-1] INFO  c.b.c.d.c.DocumentController [4a04e88d-9785-40ec-b4cd-e927ee2b6265] - Document delete API starts:  /documentsDelete | request=DeleteDocumentRequest(documentIds=[2], deleteType=HARD, reason=Not needed further) | userId=suyogita.shivare@accenture.com
2026-02-02 18:04:00.148 [http-nio-8080-exec-1] INFO  c.b.c.d.service.DocumentServiceImpl [4a04e88d-9785-40ec-b4cd-e927ee2b6265] - Delete document(s) start: deleteDocumentRequest=DeleteDocumentRequest(documentIds=[2], deleteType=HARD, reason=Not needed further) | user=suyogita.shivare@accenture.com |deleteType=HARD
2026-02-02 18:04:00.148 [http-nio-8080-exec-1] DEBUG o.s.jdbc.core.JdbcTemplate [4a04e88d-9785-40ec-b4cd-e927ee2b6265] - Executing prepared SQL query
2026-02-02 18:04:00.149 [http-nio-8080-exec-1] DEBUG o.s.jdbc.core.JdbcTemplate [4a04e88d-9785-40ec-b4cd-e927ee2b6265] - Executing prepared SQL statement [SELECT
 documentid,
 user_id,
 file_name,
 file_type,
 file_size,
 checksum,
 storage_path,
 is_deleted AS file_deleted,created_at,
 updated_at FROM documents
WHERE documentid IN (?)
AND user_id = ?
]
2026-02-02 18:04:00.149 [http-nio-8080-exec-1] INFO  c.b.c.d.service.DocumentServiceImpl [4a04e88d-9785-40ec-b4cd-e927ee2b6265] - Fetched documents from DB= | requested=1 | found=0 
2026-02-02 18:04:00.150 [http-nio-8080-exec-1] ERROR c.b.c.d.e.GlobalExceptionHandler [4a04e88d-9785-40ec-b4cd-e927ee2b6265] - Business exception
java.lang.IllegalArgumentException: No document(s) found for deletion
	at com.banking.creditjourney.document.service.DocumentServiceImpl.documentDeletes(DocumentServiceImpl.java:108)
	at java.base/jdk.internal.reflect.DirectMethodHandleAccessor.invoke(DirectMethodHandleAccessor.java:103)
	at java.base/java.lang.reflect.Method.invoke(Method.java:580)
	at org.springframework.aop.support.AopUtils.invokeJoinpointUsingReflection(AopUtils.java:354)
	at org.springframework.aop.framework.ReflectiveMethodInvocation.invokeJoinpoint(ReflectiveMethodInvocation.java:196)
	at org.springframework.aop.framework.ReflectiveMethodInvocation.proceed(ReflectiveMethodInvocation.java:163)
	at org.springframework.aop.framework.CglibAopProxy$CglibMethodInvocation.proceed(CglibAopProxy.java:768)
	at org.springframework.transaction.interceptor.TransactionInterceptor$1.proceedWithInvocation(TransactionInterceptor.java:123)
	at org.springframework.transaction.interceptor.TransactionAspectSupport.invokeWithinTransaction(TransactionAspectSupport.java:392)
	at org.springframework.transaction.interceptor.TransactionInterceptor.invoke(TransactionInterceptor.java:119)
	at org.springframework.aop.framework.ReflectiveMethodInvocation.proceed(ReflectiveMethodInvocation.java:184)
	at org.springframework.aop.framework.CglibAopProxy$CglibMethodInvocation.proceed(CglibAopProxy.java:768)
	at org.springframework.aop.framework.CglibAopProxy$DynamicAdvisedInterceptor.intercept(CglibAopProxy.java:720)
	at com.banking.creditjourney.document.service.DocumentServiceImpl$$SpringCGLIB$$0.documentDeletes(<generated>)
	at com.banking.creditjourney.document.controller.DocumentController.documentDelete(DocumentController.java:97)
	at java.base/jdk.internal.reflect.DirectMethodHandleAccessor.invoke(DirectMethodHandleAccessor.java:103)
	at java.base/java.lang.reflect.Method.invoke(Method.java:580)
	at org.springframework.web.method.support.InvocableHandlerMethod.doInvoke(InvocableHandlerMethod.java:255)
	at org.springframework.web.method.support.InvocableHandlerMethod.invokeForRequest(InvocableHandlerMethod.java:188)
	at org.springframework.web.servlet.mvc.method.annotation.ServletInvocableHandlerMethod.invokeAndHandle(ServletInvocableHandlerMethod.java:118)
	at org.springframework.web.servlet.mvc.method.annotation.RequestMappingHandlerAdapter.invokeHandlerMethod(RequestMappingHandlerAdapter.java:926)
	at org.springframework.web.servlet.mvc.method.annotation.RequestMappingHandlerAdapter.handleInternal(RequestMappingHandlerAdapter.java:831)
	at org.springframework.web.servlet.mvc.method.AbstractHandlerMethodAdapter.handle(AbstractHandlerMethodAdapter.java:87)
	at org.springframework.web.servlet.DispatcherServlet.doDispatch(DispatcherServlet.java:1089)
	at org.springframework.web.servlet.DispatcherServlet.doService(DispatcherServlet.java:979)
	at org.springframework.web.servlet.FrameworkServlet.processRequest(FrameworkServlet.java:1014)
	at org.springframework.web.servlet.FrameworkServlet.doDelete(FrameworkServlet.java:936)
	at jakarta.servlet.http.HttpServlet.service(HttpServlet.java:596)
	at org.springframework.web.servlet.FrameworkServlet.service(FrameworkServlet.java:885)
	at jakarta.servlet.http.HttpServlet.service(HttpServlet.java:658)
	at org.apache.catalina.core.ApplicationFilterChain.internalDoFilter(ApplicationFilterChain.java:195)
	at org.apache.catalina.core.ApplicationFilterChain.doFilter(ApplicationFilterChain.java:140)
	at org.apache.tomcat.websocket.server.WsFilter.doFilter(WsFilter.java:51)
	at org.apache.catalina.core.ApplicationFilterChain.internalDoFilter(ApplicationFilterChain.java:164)
	at org.apache.catalina.core.ApplicationFilterChain.doFilter(ApplicationFilterChain.java:140)
	at org.springframework.web.filter.OncePerRequestFilter.doFilter(OncePerRequestFilter.java:110)
	at org.apache.catalina.core.ApplicationFilterChain.internalDoFilter(ApplicationFilterChain.java:164)
	at org.apache.catalina.core.ApplicationFilterChain.doFilter(ApplicationFilterChain.java:140)
	at com.banking.creditjourney.document.security.CorrelationIdFilter.doFilterInternal(CorrelationIdFilter.java:31)
	at org.springframework.web.filter.OncePerRequestFilter.doFilter(OncePerRequestFilter.java:116)
	at org.apache.catalina.core.ApplicationFilterChain.internalDoFilter(ApplicationFilterChain.java:164)
	at org.apache.catalina.core.ApplicationFilterChain.doFilter(ApplicationFilterChain.java:140)
	at org.springframework.web.filter.CompositeFilter$VirtualFilterChain.doFilter(CompositeFilter.java:108)
	at org.springframework.security.web.FilterChainProxy.lambda$doFilterInternal$3(FilterChainProxy.java:231)
	at org.springframework.security.web.ObservationFilterChainDecorator$FilterObservation$SimpleFilterObservation.lambda$wrap$1(ObservationFilterChainDecorator.java:479)
	at org.springframework.security.web.ObservationFilterChainDecorator$AroundFilterObservation$SimpleAroundFilterObservation.lambda$wrap$1(ObservationFilterChainDecorator.java:340)
	at org.springframework.security.web.ObservationFilterChainDecorator.lambda$wrapSecured$0(ObservationFilterChainDecorator.java:82)
	at org.springframework.security.web.ObservationFilterChainDecorator$VirtualFilterChain.doFilter(ObservationFilterChainDecorator.java:128)
	at org.springframework.security.web.access.intercept.AuthorizationFilter.doFilter(AuthorizationFilter.java:100)
	at org.springframework.security.web.ObservationFilterChainDecorator$ObservationFilter.wrapFilter(ObservationFilterChainDecorator.java:240)
	at org.springframework.security.web.ObservationFilterChainDecorator$ObservationFilter.doFilter(ObservationFilterChainDecorator.java:227)
	at org.springframework.security.web.ObservationFilterChainDecorator$VirtualFilterChain.doFilter(ObservationFilterChainDecorator.java:137)
	at org.springframework.security.web.access.ExceptionTranslationFilter.doFilter(ExceptionTranslationFilter.java:126)
	at org.springframework.security.web.access.ExceptionTranslationFilter.doFilter(ExceptionTranslationFilter.java:120)
	at org.springframework.security.web.ObservationFilterChainDecorator$ObservationFilter.wrapFilter(ObservationFilterChainDecorator.java:240)
	at org.springframework.security.web.ObservationFilterChainDecorator$ObservationFilter.doFilter(ObservationFilterChainDecorator.java:227)
	at org.springframework.security.web.ObservationFilterChainDecorator$VirtualFilterChain.doFilter(ObservationFilterChainDecorator.java:137)
	at org.springframework.security.web.authentication.AnonymousAuthenticationFilter.doFilter(AnonymousAuthenticationFilter.java:100)
	at org.springframework.security.web.ObservationFilterChainDecorator$ObservationFilter.wrapFilter(ObservationFilterChainDecorator.java:240)
	at org.springframework.security.web.ObservationFilterChainDecorator$ObservationFilter.doFilter(ObservationFilterChainDecorator.java:227)
	at org.springframework.security.web.ObservationFilterChainDecorator$VirtualFilterChain.doFilter(ObservationFilterChainDecorator.java:137)
	at org.springframework.security.web.servletapi.SecurityContextHolderAwareRequestFilter.doFilter(SecurityContextHolderAwareRequestFilter.java:179)
	at org.springframework.security.web.ObservationFilterChainDecorator$ObservationFilter.wrapFilter(ObservationFilterChainDecorator.java:240)
	at org.springframework.security.web.ObservationFilterChainDecorator$ObservationFilter.doFilter(ObservationFilterChainDecorator.java:227)
	at org.springframework.security.web.ObservationFilterChainDecorator$VirtualFilterChain.doFilter(ObservationFilterChainDecorator.java:137)
	at org.springframework.security.web.savedrequest.RequestCacheAwareFilter.doFilter(RequestCacheAwareFilter.java:63)
	at org.springframework.security.web.ObservationFilterChainDecorator$ObservationFilter.wrapFilter(ObservationFilterChainDecorator.java:240)
	at org.springframework.security.web.ObservationFilterChainDecorator$ObservationFilter.doFilter(ObservationFilterChainDecorator.java:227)
	at org.springframework.security.web.ObservationFilterChainDecorator$VirtualFilterChain.doFilter(ObservationFilterChainDecorator.java:137)
	at org.springframework.security.web.authentication.www.BasicAuthenticationFilter.doFilterInternal(BasicAuthenticationFilter.java:181)
	at org.springframework.web.filter.OncePerRequestFilter.doFilter(OncePerRequestFilter.java:116)
	at org.springframework.security.web.ObservationFilterChainDecorator$ObservationFilter.wrapFilter(ObservationFilterChainDecorator.java:240)
	at org.springframework.security.web.ObservationFilterChainDecorator$ObservationFilter.doFilter(ObservationFilterChainDecorator.java:227)
	at org.springframework.security.web.ObservationFilterChainDecorator$VirtualFilterChain.doFilter(ObservationFilterChainDecorator.java:137)
	at com.banking.creditjourney.document.security.JwtAuthenticationFilter.doFilterInternal(JwtAuthenticationFilter.java:34)
	at org.springframework.web.filter.OncePerRequestFilter.doFilter(OncePerRequestFilter.java:116)
	at org.springframework.security.web.ObservationFilterChainDecorator$ObservationFilter.wrapFilter(ObservationFilterChainDecorator.java:240)
	at org.springframework.security.web.ObservationFilterChainDecorator$ObservationFilter.doFilter(ObservationFilterChainDecorator.java:227)
	at org.springframework.security.web.ObservationFilterChainDecorator$VirtualFilterChain.doFilter(ObservationFilterChainDecorator.java:137)
	at org.springframework.security.web.authentication.logout.LogoutFilter.doFilter(LogoutFilter.java:107)
	at org.springframework.security.web.authentication.logout.LogoutFilter.doFilter(LogoutFilter.java:93)
	at org.springframework.security.web.ObservationFilterChainDecorator$ObservationFilter.wrapFilter(ObservationFilterChainDecorator.java:240)
	at org.springframework.security.web.ObservationFilterChainDecorator$ObservationFilter.doFilter(ObservationFilterChainDecorator.java:227)
	at org.springframework.security.web.ObservationFilterChainDecorator$VirtualFilterChain.doFilter(ObservationFilterChainDecorator.java:137)
	at org.springframework.web.filter.CorsFilter.doFilterInternal(CorsFilter.java:91)
	at org.springframework.web.filter.OncePerRequestFilter.doFilter(OncePerRequestFilter.java:116)
	at org.springframework.security.web.ObservationFilterChainDecorator$ObservationFilter.wrapFilter(ObservationFilterChainDecorator.java:240)
	at org.springframework.security.web.ObservationFilterChainDecorator$ObservationFilter.doFilter(ObservationFilterChainDecorator.java:227)
	at org.springframework.security.web.ObservationFilterChainDecorator$VirtualFilterChain.doFilter(ObservationFilterChainDecorator.java:137)
	at org.springframework.security.web.header.HeaderWriterFilter.doHeadersAfter(HeaderWriterFilter.java:90)
	at org.springframework.security.web.header.HeaderWriterFilter.doFilterInternal(HeaderWriterFilter.java:75)
	at org.springframework.web.filter.OncePerRequestFilter.doFilter(OncePerRequestFilter.java:116)
	at org.springframework.security.web.ObservationFilterChainDecorator$ObservationFilter.wrapFilter(ObservationFilterChainDecorator.java:240)
	at org.springframework.security.web.ObservationFilterChainDecorator$ObservationFilter.doFilter(ObservationFilterChainDecorator.java:227)
	at org.springframework.security.web.ObservationFilterChainDecorator$VirtualFilterChain.doFilter(ObservationFilterChainDecorator.java:137)
	at org.springframework.security.web.context.SecurityContextHolderFilter.doFilter(SecurityContextHolderFilter.java:82)
	at org.springframework.security.web.context.SecurityContextHolderFilter.doFilter(SecurityContextHolderFilter.java:69)
	at org.springframework.security.web.ObservationFilterChainDecorator$ObservationFilter.wrapFilter(ObservationFilterChainDecorator.java:240)
	at org.springframework.security.web.ObservationFilterChainDecorator$ObservationFilter.doFilter(ObservationFilterChainDecorator.java:227)
	at org.springframework.security.web.ObservationFilterChainDecorator$VirtualFilterChain.doFilter(ObservationFilterChainDecorator.java:137)
	at org.springframework.security.web.context.request.async.WebAsyncManagerIntegrationFilter.doFilterInternal(WebAsyncManagerIntegrationFilter.java:62)
	at org.springframework.web.filter.OncePerRequestFilter.doFilter(OncePerRequestFilter.java:116)
	at org.springframework.security.web.ObservationFilterChainDecorator$ObservationFilter.wrapFilter(ObservationFilterChainDecorator.java:240)
	at org.springframework.security.web.ObservationFilterChainDecorator$ObservationFilter.doFilter(ObservationFilterChainDecorator.java:227)
	at org.springframework.security.web.ObservationFilterChainDecorator$VirtualFilterChain.doFilter(ObservationFilterChainDecorator.java:137)
	at org.springframework.security.web.session.DisableEncodeUrlFilter.doFilterInternal(DisableEncodeUrlFilter.java:42)
	at org.springframework.web.filter.OncePerRequestFilter.doFilter(OncePerRequestFilter.java:116)
	at org.springframework.security.web.ObservationFilterChainDecorator$ObservationFilter.wrapFilter(ObservationFilterChainDecorator.java:240)
	at org.springframework.security.web.ObservationFilterChainDecorator$AroundFilterObservation$SimpleAroundFilterObservation.lambda$wrap$0(ObservationFilterChainDecorator.java:323)
	at org.springframework.security.web.ObservationFilterChainDecorator$ObservationFilter.doFilter(ObservationFilterChainDecorator.java:224)
	at org.springframework.security.web.ObservationFilterChainDecorator$VirtualFilterChain.doFilter(ObservationFilterChainDecorator.java:137)
	at org.springframework.security.web.FilterChainProxy.doFilterInternal(FilterChainProxy.java:233)
	at org.springframework.security.web.FilterChainProxy.doFilter(FilterChainProxy.java:191)
	at org.springframework.web.filter.CompositeFilter$VirtualFilterChain.doFilter(CompositeFilter.java:113)
	at org.springframework.web.servlet.handler.HandlerMappingIntrospector.lambda$createCacheFilter$3(HandlerMappingIntrospector.java:195)
	at org.springframework.web.filter.CompositeFilter$VirtualFilterChain.doFilter(CompositeFilter.java:113)
	at org.springframework.web.filter.CompositeFilter.doFilter(CompositeFilter.java:74)
	at org.springframework.security.config.annotation.web.configuration.WebMvcSecurityConfiguration$CompositeFilterChainProxy.doFilter(WebMvcSecurityConfiguration.java:230)
	at org.springframework.web.filter.DelegatingFilterProxy.invokeDelegate(DelegatingFilterProxy.java:352)
	at org.springframework.web.filter.DelegatingFilterProxy.doFilter(DelegatingFilterProxy.java:268)
	at org.apache.catalina.core.ApplicationFilterChain.internalDoFilter(ApplicationFilterChain.java:164)
	at org.apache.catalina.core.ApplicationFilterChain.doFilter(ApplicationFilterChain.java:140)
	at org.springframework.web.filter.RequestContextFilter.doFilterInternal(RequestContextFilter.java:100)
	at org.springframework.web.filter.OncePerRequestFilter.doFilter(OncePerRequestFilter.java:116)
	at org.apache.catalina.core.ApplicationFilterChain.internalDoFilter(ApplicationFilterChain.java:164)
	at org.apache.catalina.core.ApplicationFilterChain.doFilter(ApplicationFilterChain.java:140)
	at org.springframework.web.filter.FormContentFilter.doFilterInternal(FormContentFilter.java:93)
	at org.springframework.web.filter.OncePerRequestFilter.doFilter(OncePerRequestFilter.java:116)
	at org.apache.catalina.core.ApplicationFilterChain.internalDoFilter(ApplicationFilterChain.java:164)
	at org.apache.catalina.core.ApplicationFilterChain.doFilter(ApplicationFilterChain.java:140)
	at org.springframework.web.filter.ServerHttpObservationFilter.doFilterInternal(ServerHttpObservationFilter.java:107)
	at org.springframework.web.filter.OncePerRequestFilter.doFilter(OncePerRequestFilter.java:116)
	at org.apache.catalina.core.ApplicationFilterChain.internalDoFilter(ApplicationFilterChain.java:164)
	at org.apache.catalina.core.ApplicationFilterChain.doFilter(ApplicationFilterChain.java:140)
	at org.springframework.web.filter.CharacterEncodingFilter.doFilterInternal(CharacterEncodingFilter.java:201)
	at org.springframework.web.filter.OncePerRequestFilter.doFilter(OncePerRequestFilter.java:116)
	at org.apache.catalina.core.ApplicationFilterChain.internalDoFilter(ApplicationFilterChain.java:164)
	at org.apache.catalina.core.ApplicationFilterChain.doFilter(ApplicationFilterChain.java:140)
	at org.apache.catalina.core.StandardWrapperValve.invoke(StandardWrapperValve.java:167)
	at org.apache.catalina.core.StandardContextValve.invoke(StandardContextValve.java:90)
	at org.apache.catalina.authenticator.AuthenticatorBase.invoke(AuthenticatorBase.java:482)
	at org.apache.catalina.core.StandardHostValve.invoke(StandardHostValve.java:115)
	at org.apache.catalina.valves.ErrorReportValve.invoke(ErrorReportValve.java:93)
	at org.apache.catalina.core.StandardEngineValve.invoke(StandardEngineValve.java:74)
	at org.apache.catalina.connector.CoyoteAdapter.service(CoyoteAdapter.java:344)
	at org.apache.coyote.http11.Http11Processor.service(Http11Processor.java:389)
	at org.apache.coyote.AbstractProcessorLight.process(AbstractProcessorLight.java:63)
	at org.apache.coyote.AbstractProtocol$ConnectionHandler.process(AbstractProtocol.java:904)
	at org.apache.tomcat.util.net.NioEndpoint$SocketProcessor.doRun(NioEndpoint.java:1741)
	at org.apache.tomcat.util.net.SocketProcessorBase.run(SocketProcessorBase.java:52)
	at org.apache.tomcat.util.threads.ThreadPoolExecutor.runWorker(ThreadPoolExecutor.java:1190)
	at org.apache.tomcat.util.threads.ThreadPoolExecutor$Worker.run(ThreadPoolExecutor.java:659)
	at org.apache.tomcat.util.threads.TaskThread$WrappingRunnable.run(TaskThread.java:63)
	at java.base/java.lang.Thread.run(Thread.java:1583)
2026-02-02 18:04:18.797 [http-nio-8080-exec-10] ERROR c.b.c.d.e.GlobalExceptionHandler [315a3ed3-7b12-4392-9975-0d702d95039f] - Unhandled exception
org.springframework.http.converter.HttpMessageNotReadableException: JSON parse error: Cannot deserialize value of type `com.banking.creditjourney.document.dto.response.DeleteType` from String "jfdk": not one of the values accepted for Enum class: [SOFT, HARD]
	at org.springframework.http.converter.json.AbstractJackson2HttpMessageConverter.readJavaType(AbstractJackson2HttpMessageConverter.java:406)
	at org.springframework.http.converter.json.AbstractJackson2HttpMessageConverter.read(AbstractJackson2HttpMessageConverter.java:354)
	at org.springframework.web.servlet.mvc.method.annotation.AbstractMessageConverterMethodArgumentResolver.readWithMessageConverters(AbstractMessageConverterMethodArgumentResolver.java:184)
	at org.springframework.web.servlet.mvc.method.annotation.RequestResponseBodyMethodProcessor.readWithMessageConverters(RequestResponseBodyMethodProcessor.java:161)
	at org.springframework.web.servlet.mvc.method.annotation.RequestResponseBodyMethodProcessor.resolveArgument(RequestResponseBodyMethodProcessor.java:135)
	at org.springframework.web.method.support.HandlerMethodArgumentResolverComposite.resolveArgument(HandlerMethodArgumentResolverComposite.java:122)
	at org.springframework.web.method.support.InvocableHandlerMethod.getMethodArgumentValues(InvocableHandlerMethod.java:224)
	at org.springframework.web.method.support.InvocableHandlerMethod.invokeForRequest(InvocableHandlerMethod.java:178)
	at org.springframework.web.servlet.mvc.method.annotation.ServletInvocableHandlerMethod.invokeAndHandle(ServletInvocableHandlerMethod.java:118)
	at org.springframework.web.servlet.mvc.method.annotation.RequestMappingHandlerAdapter.invokeHandlerMethod(RequestMappingHandlerAdapter.java:926)
	at org.springframework.web.servlet.mvc.method.annotation.RequestMappingHandlerAdapter.handleInternal(RequestMappingHandlerAdapter.java:831)
	at org.springframework.web.servlet.mvc.method.AbstractHandlerMethodAdapter.handle(AbstractHandlerMethodAdapter.java:87)
	at org.springframework.web.servlet.DispatcherServlet.doDispatch(DispatcherServlet.java:1089)
	at org.springframework.web.servlet.DispatcherServlet.doService(DispatcherServlet.java:979)
	at org.springframework.web.servlet.FrameworkServlet.processRequest(FrameworkServlet.java:1014)
	at org.springframework.web.servlet.FrameworkServlet.doDelete(FrameworkServlet.java:936)
	at jakarta.servlet.http.HttpServlet.service(HttpServlet.java:596)
	at org.springframework.web.servlet.FrameworkServlet.service(FrameworkServlet.java:885)
	at jakarta.servlet.http.HttpServlet.service(HttpServlet.java:658)
	at org.apache.catalina.core.ApplicationFilterChain.internalDoFilter(ApplicationFilterChain.java:195)
	at org.apache.catalina.core.ApplicationFilterChain.doFilter(ApplicationFilterChain.java:140)
	at org.apache.tomcat.websocket.server.WsFilter.doFilter(WsFilter.java:51)
	at org.apache.catalina.core.ApplicationFilterChain.internalDoFilter(ApplicationFilterChain.java:164)
	at org.apache.catalina.core.ApplicationFilterChain.doFilter(ApplicationFilterChain.java:140)
	at org.springframework.web.filter.OncePerRequestFilter.doFilter(OncePerRequestFilter.java:110)
	at org.apache.catalina.core.ApplicationFilterChain.internalDoFilter(ApplicationFilterChain.java:164)
	at org.apache.catalina.core.ApplicationFilterChain.doFilter(ApplicationFilterChain.java:140)
	at com.banking.creditjourney.document.security.CorrelationIdFilter.doFilterInternal(CorrelationIdFilter.java:31)
	at org.springframework.web.filter.OncePerRequestFilter.doFilter(OncePerRequestFilter.java:116)
	at org.apache.catalina.core.ApplicationFilterChain.internalDoFilter(ApplicationFilterChain.java:164)
	at org.apache.catalina.core.ApplicationFilterChain.doFilter(ApplicationFilterChain.java:140)
	at org.springframework.web.filter.CompositeFilter$VirtualFilterChain.doFilter(CompositeFilter.java:108)
	at org.springframework.security.web.FilterChainProxy.lambda$doFilterInternal$3(FilterChainProxy.java:231)
	at org.springframework.security.web.ObservationFilterChainDecorator$FilterObservation$SimpleFilterObservation.lambda$wrap$1(ObservationFilterChainDecorator.java:479)
	at org.springframework.security.web.ObservationFilterChainDecorator$AroundFilterObservation$SimpleAroundFilterObservation.lambda$wrap$1(ObservationFilterChainDecorator.java:340)
	at org.springframework.security.web.ObservationFilterChainDecorator.lambda$wrapSecured$0(ObservationFilterChainDecorator.java:82)
	at org.springframework.security.web.ObservationFilterChainDecorator$VirtualFilterChain.doFilter(ObservationFilterChainDecorator.java:128)
	at org.springframework.security.web.access.intercept.AuthorizationFilter.doFilter(AuthorizationFilter.java:100)
	at org.springframework.security.web.ObservationFilterChainDecorator$ObservationFilter.wrapFilter(ObservationFilterChainDecorator.java:240)
	at org.springframework.security.web.ObservationFilterChainDecorator$ObservationFilter.doFilter(ObservationFilterChainDecorator.java:227)
	at org.springframework.security.web.ObservationFilterChainDecorator$VirtualFilterChain.doFilter(ObservationFilterChainDecorator.java:137)
	at org.springframework.security.web.access.ExceptionTranslationFilter.doFilter(ExceptionTranslationFilter.java:126)
	at org.springframework.security.web.access.ExceptionTranslationFilter.doFilter(ExceptionTranslationFilter.java:120)
	at org.springframework.security.web.ObservationFilterChainDecorator$ObservationFilter.wrapFilter(ObservationFilterChainDecorator.java:240)
	at org.springframework.security.web.ObservationFilterChainDecorator$ObservationFilter.doFilter(ObservationFilterChainDecorator.java:227)
	at org.springframework.security.web.ObservationFilterChainDecorator$VirtualFilterChain.doFilter(ObservationFilterChainDecorator.java:137)
	at org.springframework.security.web.authentication.AnonymousAuthenticationFilter.doFilter(AnonymousAuthenticationFilter.java:100)
	at org.springframework.security.web.ObservationFilterChainDecorator$ObservationFilter.wrapFilter(ObservationFilterChainDecorator.java:240)
	at org.springframework.security.web.ObservationFilterChainDecorator$ObservationFilter.doFilter(ObservationFilterChainDecorator.java:227)
	at org.springframework.security.web.ObservationFilterChainDecorator$VirtualFilterChain.doFilter(ObservationFilterChainDecorator.java:137)
	at org.springframework.security.web.servletapi.SecurityContextHolderAwareRequestFilter.doFilter(SecurityContextHolderAwareRequestFilter.java:179)
	at org.springframework.security.web.ObservationFilterChainDecorator$ObservationFilter.wrapFilter(ObservationFilterChainDecorator.java:240)
	at org.springframework.security.web.ObservationFilterChainDecorator$ObservationFilter.doFilter(ObservationFilterChainDecorator.java:227)
	at org.springframework.security.web.ObservationFilterChainDecorator$VirtualFilterChain.doFilter(ObservationFilterChainDecorator.java:137)
	at org.springframework.security.web.savedrequest.RequestCacheAwareFilter.doFilter(RequestCacheAwareFilter.java:63)
	at org.springframework.security.web.ObservationFilterChainDecorator$ObservationFilter.wrapFilter(ObservationFilterChainDecorator.java:240)
	at org.springframework.security.web.ObservationFilterChainDecorator$ObservationFilter.doFilter(ObservationFilterChainDecorator.java:227)
	at org.springframework.security.web.ObservationFilterChainDecorator$VirtualFilterChain.doFilter(ObservationFilterChainDecorator.java:137)
	at org.springframework.security.web.authentication.www.BasicAuthenticationFilter.doFilterInternal(BasicAuthenticationFilter.java:181)
	at org.springframework.web.filter.OncePerRequestFilter.doFilter(OncePerRequestFilter.java:116)
	at org.springframework.security.web.ObservationFilterChainDecorator$ObservationFilter.wrapFilter(ObservationFilterChainDecorator.java:240)
	at org.springframework.security.web.ObservationFilterChainDecorator$ObservationFilter.doFilter(ObservationFilterChainDecorator.java:227)
	at org.springframework.security.web.ObservationFilterChainDecorator$VirtualFilterChain.doFilter(ObservationFilterChainDecorator.java:137)
	at com.banking.creditjourney.document.security.JwtAuthenticationFilter.doFilterInternal(JwtAuthenticationFilter.java:34)
	at org.springframework.web.filter.OncePerRequestFilter.doFilter(OncePerRequestFilter.java:116)
	at org.springframework.security.web.ObservationFilterChainDecorator$ObservationFilter.wrapFilter(ObservationFilterChainDecorator.java:240)
	at org.springframework.security.web.ObservationFilterChainDecorator$ObservationFilter.doFilter(ObservationFilterChainDecorator.java:227)
	at org.springframework.security.web.ObservationFilterChainDecorator$VirtualFilterChain.doFilter(ObservationFilterChainDecorator.java:137)
	at org.springframework.security.web.authentication.logout.LogoutFilter.doFilter(LogoutFilter.java:107)
	at org.springframework.security.web.authentication.logout.LogoutFilter.doFilter(LogoutFilter.java:93)
	at org.springframework.security.web.ObservationFilterChainDecorator$ObservationFilter.wrapFilter(ObservationFilterChainDecorator.java:240)
	at org.springframework.security.web.ObservationFilterChainDecorator$ObservationFilter.doFilter(ObservationFilterChainDecorator.java:227)
	at org.springframework.security.web.ObservationFilterChainDecorator$VirtualFilterChain.doFilter(ObservationFilterChainDecorator.java:137)
	at org.springframework.web.filter.CorsFilter.doFilterInternal(CorsFilter.java:91)
	at org.springframework.web.filter.OncePerRequestFilter.doFilter(OncePerRequestFilter.java:116)
	at org.springframework.security.web.ObservationFilterChainDecorator$ObservationFilter.wrapFilter(ObservationFilterChainDecorator.java:240)
	at org.springframework.security.web.ObservationFilterChainDecorator$ObservationFilter.doFilter(ObservationFilterChainDecorator.java:227)
	at org.springframework.security.web.ObservationFilterChainDecorator$VirtualFilterChain.doFilter(ObservationFilterChainDecorator.java:137)
	at org.springframework.security.web.header.HeaderWriterFilter.doHeadersAfter(HeaderWriterFilter.java:90)
	at org.springframework.security.web.header.HeaderWriterFilter.doFilterInternal(HeaderWriterFilter.java:75)
	at org.springframework.web.filter.OncePerRequestFilter.doFilter(OncePerRequestFilter.java:116)
	at org.springframework.security.web.ObservationFilterChainDecorator$ObservationFilter.wrapFilter(ObservationFilterChainDecorator.java:240)
	at org.springframework.security.web.ObservationFilterChainDecorator$ObservationFilter.doFilter(ObservationFilterChainDecorator.java:227)
	at org.springframework.security.web.ObservationFilterChainDecorator$VirtualFilterChain.doFilter(ObservationFilterChainDecorator.java:137)
	at org.springframework.security.web.context.SecurityContextHolderFilter.doFilter(SecurityContextHolderFilter.java:82)
	at org.springframework.security.web.context.SecurityContextHolderFilter.doFilter(SecurityContextHolderFilter.java:69)
	at org.springframework.security.web.ObservationFilterChainDecorator$ObservationFilter.wrapFilter(ObservationFilterChainDecorator.java:240)
	at org.springframework.security.web.ObservationFilterChainDecorator$ObservationFilter.doFilter(ObservationFilterChainDecorator.java:227)
	at org.springframework.security.web.ObservationFilterChainDecorator$VirtualFilterChain.doFilter(ObservationFilterChainDecorator.java:137)
	at org.springframework.security.web.context.request.async.WebAsyncManagerIntegrationFilter.doFilterInternal(WebAsyncManagerIntegrationFilter.java:62)
	at org.springframework.web.filter.OncePerRequestFilter.doFilter(OncePerRequestFilter.java:116)
	at org.springframework.security.web.ObservationFilterChainDecorator$ObservationFilter.wrapFilter(ObservationFilterChainDecorator.java:240)
	at org.springframework.security.web.ObservationFilterChainDecorator$ObservationFilter.doFilter(ObservationFilterChainDecorator.java:227)
	at org.springframework.security.web.ObservationFilterChainDecorator$VirtualFilterChain.doFilter(ObservationFilterChainDecorator.java:137)
	at org.springframework.security.web.session.DisableEncodeUrlFilter.doFilterInternal(DisableEncodeUrlFilter.java:42)
	at org.springframework.web.filter.OncePerRequestFilter.doFilter(OncePerRequestFilter.java:116)
	at org.springframework.security.web.ObservationFilterChainDecorator$ObservationFilter.wrapFilter(ObservationFilterChainDecorator.java:240)
	at org.springframework.security.web.ObservationFilterChainDecorator$AroundFilterObservation$SimpleAroundFilterObservation.lambda$wrap$0(ObservationFilterChainDecorator.java:323)
	at org.springframework.security.web.ObservationFilterChainDecorator$ObservationFilter.doFilter(ObservationFilterChainDecorator.java:224)
	at org.springframework.security.web.ObservationFilterChainDecorator$VirtualFilterChain.doFilter(ObservationFilterChainDecorator.java:137)
	at org.springframework.security.web.FilterChainProxy.doFilterInternal(FilterChainProxy.java:233)
	at org.springframework.security.web.FilterChainProxy.doFilter(FilterChainProxy.java:191)
	at org.springframework.web.filter.CompositeFilter$VirtualFilterChain.doFilter(CompositeFilter.java:113)
	at org.springframework.web.servlet.handler.HandlerMappingIntrospector.lambda$createCacheFilter$3(HandlerMappingIntrospector.java:195)
	at org.springframework.web.filter.CompositeFilter$VirtualFilterChain.doFilter(CompositeFilter.java:113)
	at org.springframework.web.filter.CompositeFilter.doFilter(CompositeFilter.java:74)
	at org.springframework.security.config.annotation.web.configuration.WebMvcSecurityConfiguration$CompositeFilterChainProxy.doFilter(WebMvcSecurityConfiguration.java:230)
	at org.springframework.web.filter.DelegatingFilterProxy.invokeDelegate(DelegatingFilterProxy.java:352)
	at org.springframework.web.filter.DelegatingFilterProxy.doFilter(DelegatingFilterProxy.java:268)
	at org.apache.catalina.core.ApplicationFilterChain.internalDoFilter(ApplicationFilterChain.java:164)
	at org.apache.catalina.core.ApplicationFilterChain.doFilter(ApplicationFilterChain.java:140)
	at org.springframework.web.filter.RequestContextFilter.doFilterInternal(RequestContextFilter.java:100)
	at org.springframework.web.filter.OncePerRequestFilter.doFilter(OncePerRequestFilter.java:116)
	at org.apache.catalina.core.ApplicationFilterChain.internalDoFilter(ApplicationFilterChain.java:164)
	at org.apache.catalina.core.ApplicationFilterChain.doFilter(ApplicationFilterChain.java:140)
	at org.springframework.web.filter.FormContentFilter.doFilterInternal(FormContentFilter.java:93)
	at org.springframework.web.filter.OncePerRequestFilter.doFilter(OncePerRequestFilter.java:116)
	at org.apache.catalina.core.ApplicationFilterChain.internalDoFilter(ApplicationFilterChain.java:164)
	at org.apache.catalina.core.ApplicationFilterChain.doFilter(ApplicationFilterChain.java:140)
	at org.springframework.web.filter.ServerHttpObservationFilter.doFilterInternal(ServerHttpObservationFilter.java:107)
	at org.springframework.web.filter.OncePerRequestFilter.doFilter(OncePerRequestFilter.java:116)
	at org.apache.catalina.core.ApplicationFilterChain.internalDoFilter(ApplicationFilterChain.java:164)
	at org.apache.catalina.core.ApplicationFilterChain.doFilter(ApplicationFilterChain.java:140)
	at org.springframework.web.filter.CharacterEncodingFilter.doFilterInternal(CharacterEncodingFilter.java:201)
	at org.springframework.web.filter.OncePerRequestFilter.doFilter(OncePerRequestFilter.java:116)
	at org.apache.catalina.core.ApplicationFilterChain.internalDoFilter(ApplicationFilterChain.java:164)
	at org.apache.catalina.core.ApplicationFilterChain.doFilter(ApplicationFilterChain.java:140)
	at org.apache.catalina.core.StandardWrapperValve.invoke(StandardWrapperValve.java:167)
	at org.apache.catalina.core.StandardContextValve.invoke(StandardContextValve.java:90)
	at org.apache.catalina.authenticator.AuthenticatorBase.invoke(AuthenticatorBase.java:482)
	at org.apache.catalina.core.StandardHostValve.invoke(StandardHostValve.java:115)
	at org.apache.catalina.valves.ErrorReportValve.invoke(ErrorReportValve.java:93)
	at org.apache.catalina.core.StandardEngineValve.invoke(StandardEngineValve.java:74)
	at org.apache.catalina.connector.CoyoteAdapter.service(CoyoteAdapter.java:344)
	at org.apache.coyote.http11.Http11Processor.service(Http11Processor.java:389)
	at org.apache.coyote.AbstractProcessorLight.process(AbstractProcessorLight.java:63)
	at org.apache.coyote.AbstractProtocol$ConnectionHandler.process(AbstractProtocol.java:904)
	at org.apache.tomcat.util.net.NioEndpoint$SocketProcessor.doRun(NioEndpoint.java:1741)
	at org.apache.tomcat.util.net.SocketProcessorBase.run(SocketProcessorBase.java:52)
	at org.apache.tomcat.util.threads.ThreadPoolExecutor.runWorker(ThreadPoolExecutor.java:1190)
	at org.apache.tomcat.util.threads.ThreadPoolExecutor$Worker.run(ThreadPoolExecutor.java:659)
	at org.apache.tomcat.util.threads.TaskThread$WrappingRunnable.run(TaskThread.java:63)
	at java.base/java.lang.Thread.run(Thread.java:1583)
Caused by: com.fasterxml.jackson.databind.exc.InvalidFormatException: Cannot deserialize value of type `com.banking.creditjourney.document.dto.response.DeleteType` from String "jfdk": not one of the values accepted for Enum class: [SOFT, HARD]
 at [Source: REDACTED (`StreamReadFeature.INCLUDE_SOURCE_IN_LOCATION` disabled); line: 5, column: 19] (through reference chain: com.banking.creditjourney.document.dto.request.DeleteDocumentRequest["deleteType"])
	at com.fasterxml.jackson.databind.exc.InvalidFormatException.from(InvalidFormatException.java:67)
	at com.fasterxml.jackson.databind.DeserializationContext.weirdStringException(DeserializationContext.java:1958)
	at com.fasterxml.jackson.databind.DeserializationContext.handleWeirdStringValue(DeserializationContext.java:1245)
	at com.fasterxml.jackson.databind.deser.std.EnumDeserializer._deserializeAltString(EnumDeserializer.java:447)
	at com.fasterxml.jackson.databind.deser.std.EnumDeserializer._fromString(EnumDeserializer.java:304)
	at com.fasterxml.jackson.databind.deser.std.EnumDeserializer.deserialize(EnumDeserializer.java:273)
	at com.fasterxml.jackson.databind.deser.impl.MethodProperty.deserializeAndSet(MethodProperty.java:129)
	at com.fasterxml.jackson.databind.deser.BeanDeserializer.deserializeFromObject(BeanDeserializer.java:393)
	at com.fasterxml.jackson.databind.deser.BeanDeserializer.deserialize(BeanDeserializer.java:185)
	at com.fasterxml.jackson.databind.deser.DefaultDeserializationContext.readRootValue(DefaultDeserializationContext.java:342)
	at com.fasterxml.jackson.databind.ObjectReader._bindAndClose(ObjectReader.java:2125)
	at com.fasterxml.jackson.databind.ObjectReader.readValue(ObjectReader.java:1501)
	at org.springframework.http.converter.json.AbstractJackson2HttpMessageConverter.readJavaType(AbstractJackson2HttpMessageConverter.java:395)
	... 142 common frames omitted
2026-02-02 18:09:15.880 [RMI TCP Connection(15)-127.0.0.1] INFO  o.s.b.a.SpringApplicationAdminMXBeanRegistrar$SpringApplicationAdmin [] - Application shutdown requested.
2026-02-02 18:09:15.885 [RMI TCP Connection(15)-127.0.0.1] INFO  o.a.coyote.http11.Http11NioProtocol [] - Stopping ProtocolHandler ["http-nio-8080"]
2026-02-02 18:09:15.902 [RMI TCP Connection(15)-127.0.0.1] INFO  com.zaxxer.hikari.HikariDataSource [] - HikariPool-1 - Shutdown initiated...
2026-02-02 18:09:15.905 [RMI TCP Connection(15)-127.0.0.1] INFO  com.zaxxer.hikari.HikariDataSource [] - HikariPool-1 - Shutdown completed.
2026-02-02 18:11:36.765 [background-preinit] INFO  o.h.validator.internal.util.Version [] - HV000001: Hibernate Validator 8.0.1.Final
2026-02-02 18:11:36.802 [main] INFO  c.b.c.d.DocumentManagementApplication [] - Starting DocumentManagementApplication using Java 21.0.10 with PID 27244 (C:\Workspace_IP\document-managment\bin\main started by suyogita.shivare in C:\Workspace_IP\document-managment)
2026-02-02 18:11:36.803 [main] INFO  c.b.c.d.DocumentManagementApplication [] - No active profile set, falling back to 1 default profile: "default"
2026-02-02 18:11:37.967 [main] INFO  o.s.d.r.c.RepositoryConfigurationDelegate [] - Bootstrapping Spring Data JDBC repositories in DEFAULT mode.
2026-02-02 18:11:37.991 [main] INFO  o.s.d.r.c.RepositoryConfigurationDelegate [] - Finished Spring Data repository scanning in 19 ms. Found 0 JDBC repository interfaces.
2026-02-02 18:11:38.514 [main] INFO  o.s.b.w.e.tomcat.TomcatWebServer [] - Tomcat initialized with port 8080 (http)
2026-02-02 18:11:38.525 [main] INFO  o.a.coyote.http11.Http11NioProtocol [] - Initializing ProtocolHandler ["http-nio-8080"]
2026-02-02 18:11:38.526 [main] INFO  o.a.catalina.core.StandardService [] - Starting service [Tomcat]
2026-02-02 18:11:38.528 [main] INFO  o.a.catalina.core.StandardEngine [] - Starting Servlet engine: [Apache Tomcat/10.1.25]
2026-02-02 18:11:38.621 [main] INFO  o.a.c.c.C.[Tomcat].[localhost].[/] [] - Initializing Spring embedded WebApplicationContext
2026-02-02 18:11:38.622 [main] INFO  o.s.b.w.s.c.ServletWebServerApplicationContext [] - Root WebApplicationContext: initialization completed in 1773 ms
2026-02-02 18:11:38.722 [main] INFO  com.zaxxer.hikari.HikariDataSource [] - HikariPool-1 - Starting...
2026-02-02 18:11:39.017 [main] INFO  com.zaxxer.hikari.pool.HikariPool [] - HikariPool-1 - Added connection conn0: url=jdbc:h2:file:C:/Document_Management/h2/documentdb user=SA
2026-02-02 18:11:39.019 [main] INFO  com.zaxxer.hikari.HikariDataSource [] - HikariPool-1 - Start completed.
2026-02-02 18:11:39.033 [main] INFO  o.s.b.a.h.H2ConsoleAutoConfiguration [] - H2 console available at '/h2-console'. Database available at 'jdbc:h2:file:C:/Document_Management/h2/documentdb'
2026-02-02 18:11:39.333 [main] INFO  org.flywaydb.core.FlywayExecutor [] - Database: jdbc:h2:file:C:/Document_Management/h2/documentdb (H2 2.2)
2026-02-02 18:11:39.338 [main] WARN  o.f.c.i.database.base.Database [] - Flyway upgrade recommended: H2 2.2.224 is newer than this version of Flyway and support has not been tested. The latest supported version of H2 is 2.2.220.
2026-02-02 18:11:39.410 [main] INFO  o.f.core.internal.command.DbValidate [] - Successfully validated 1 migration (execution time 00:00.060s)
2026-02-02 18:11:39.421 [main] INFO  o.f.core.internal.command.DbMigrate [] - Current version of schema "PUBLIC": 1
2026-02-02 18:11:39.425 [main] INFO  o.f.core.internal.command.DbMigrate [] - Schema "PUBLIC" is up to date. No migration necessary.
2026-02-02 18:11:39.624 [main] WARN  o.s.b.a.s.s.UserDetailsServiceAutoConfiguration [] - 

Using generated security password: d15586fb-7059-4d4c-813d-741441dc4449

This generated password is for development use only. Your security configuration must be updated before running your application in production.

2026-02-02 18:11:39.655 [main] INFO  o.s.s.c.a.a.c.InitializeUserDetailsBeanManagerConfigurer$InitializeUserDetailsManagerConfigurer [] - Global AuthenticationManager configured with UserDetailsService bean with name inMemoryUserDetailsManager
2026-02-02 18:11:40.007 [main] INFO  o.s.b.a.e.web.EndpointLinksResolver [] - Exposing 1 endpoint beneath base path '/actuator'
2026-02-02 18:11:40.575 [main] INFO  o.a.coyote.http11.Http11NioProtocol [] - Starting ProtocolHandler ["http-nio-8080"]
2026-02-02 18:11:40.607 [main] INFO  o.s.b.w.e.tomcat.TomcatWebServer [] - Tomcat started on port 8080 (http) with context path '/'
2026-02-02 18:11:40.619 [main] INFO  c.b.c.d.DocumentManagementApplication [] - Started DocumentManagementApplication in 4.251 seconds (process running for 5.124)
2026-02-02 18:11:40.825 [RMI TCP Connection(4)-127.0.0.1] INFO  o.a.c.c.C.[Tomcat].[localhost].[/] [] - Initializing Spring DispatcherServlet 'dispatcherServlet'
2026-02-02 18:11:40.826 [RMI TCP Connection(4)-127.0.0.1] INFO  o.s.web.servlet.DispatcherServlet [] - Initializing Servlet 'dispatcherServlet'
2026-02-02 18:11:40.828 [RMI TCP Connection(4)-127.0.0.1] INFO  o.s.web.servlet.DispatcherServlet [] - Completed initialization in 1 ms
2026-02-02 18:11:51.676 [http-nio-8080-exec-1] ERROR c.b.c.d.e.GlobalExceptionHandler [6bbd367b-9f88-415f-8695-fb4227eb9f6f] - Business exception
org.springframework.http.converter.HttpMessageNotReadableException: JSON parse error: Cannot deserialize value of type `com.banking.creditjourney.document.dto.response.DeleteType` from String "jfdk": not one of the values accepted for Enum class: [SOFT, HARD]
	at org.springframework.http.converter.json.AbstractJackson2HttpMessageConverter.readJavaType(AbstractJackson2HttpMessageConverter.java:406)
	at org.springframework.http.converter.json.AbstractJackson2HttpMessageConverter.read(AbstractJackson2HttpMessageConverter.java:354)
	at org.springframework.web.servlet.mvc.method.annotation.AbstractMessageConverterMethodArgumentResolver.readWithMessageConverters(AbstractMessageConverterMethodArgumentResolver.java:184)
	at org.springframework.web.servlet.mvc.method.annotation.RequestResponseBodyMethodProcessor.readWithMessageConverters(RequestResponseBodyMethodProcessor.java:161)
	at org.springframework.web.servlet.mvc.method.annotation.RequestResponseBodyMethodProcessor.resolveArgument(RequestResponseBodyMethodProcessor.java:135)
	at org.springframework.web.method.support.HandlerMethodArgumentResolverComposite.resolveArgument(HandlerMethodArgumentResolverComposite.java:122)
	at org.springframework.web.method.support.InvocableHandlerMethod.getMethodArgumentValues(InvocableHandlerMethod.java:224)
	at org.springframework.web.method.support.InvocableHandlerMethod.invokeForRequest(InvocableHandlerMethod.java:178)
	at org.springframework.web.servlet.mvc.method.annotation.ServletInvocableHandlerMethod.invokeAndHandle(ServletInvocableHandlerMethod.java:118)
	at org.springframework.web.servlet.mvc.method.annotation.RequestMappingHandlerAdapter.invokeHandlerMethod(RequestMappingHandlerAdapter.java:926)
	at org.springframework.web.servlet.mvc.method.annotation.RequestMappingHandlerAdapter.handleInternal(RequestMappingHandlerAdapter.java:831)
	at org.springframework.web.servlet.mvc.method.AbstractHandlerMethodAdapter.handle(AbstractHandlerMethodAdapter.java:87)
	at org.springframework.web.servlet.DispatcherServlet.doDispatch(DispatcherServlet.java:1089)
	at org.springframework.web.servlet.DispatcherServlet.doService(DispatcherServlet.java:979)
	at org.springframework.web.servlet.FrameworkServlet.processRequest(FrameworkServlet.java:1014)
	at org.springframework.web.servlet.FrameworkServlet.doDelete(FrameworkServlet.java:936)
	at jakarta.servlet.http.HttpServlet.service(HttpServlet.java:596)
	at org.springframework.web.servlet.FrameworkServlet.service(FrameworkServlet.java:885)
	at jakarta.servlet.http.HttpServlet.service(HttpServlet.java:658)
	at org.apache.catalina.core.ApplicationFilterChain.internalDoFilter(ApplicationFilterChain.java:195)
	at org.apache.catalina.core.ApplicationFilterChain.doFilter(ApplicationFilterChain.java:140)
	at org.apache.tomcat.websocket.server.WsFilter.doFilter(WsFilter.java:51)
	at org.apache.catalina.core.ApplicationFilterChain.internalDoFilter(ApplicationFilterChain.java:164)
	at org.apache.catalina.core.ApplicationFilterChain.doFilter(ApplicationFilterChain.java:140)
	at org.springframework.web.filter.OncePerRequestFilter.doFilter(OncePerRequestFilter.java:110)
	at org.apache.catalina.core.ApplicationFilterChain.internalDoFilter(ApplicationFilterChain.java:164)
	at org.apache.catalina.core.ApplicationFilterChain.doFilter(ApplicationFilterChain.java:140)
	at com.banking.creditjourney.document.security.CorrelationIdFilter.doFilterInternal(CorrelationIdFilter.java:31)
	at org.springframework.web.filter.OncePerRequestFilter.doFilter(OncePerRequestFilter.java:116)
	at org.apache.catalina.core.ApplicationFilterChain.internalDoFilter(ApplicationFilterChain.java:164)
	at org.apache.catalina.core.ApplicationFilterChain.doFilter(ApplicationFilterChain.java:140)
	at org.springframework.web.filter.CompositeFilter$VirtualFilterChain.doFilter(CompositeFilter.java:108)
	at org.springframework.security.web.FilterChainProxy.lambda$doFilterInternal$3(FilterChainProxy.java:231)
	at org.springframework.security.web.ObservationFilterChainDecorator$FilterObservation$SimpleFilterObservation.lambda$wrap$1(ObservationFilterChainDecorator.java:479)
	at org.springframework.security.web.ObservationFilterChainDecorator$AroundFilterObservation$SimpleAroundFilterObservation.lambda$wrap$1(ObservationFilterChainDecorator.java:340)
	at org.springframework.security.web.ObservationFilterChainDecorator.lambda$wrapSecured$0(ObservationFilterChainDecorator.java:82)
	at org.springframework.security.web.ObservationFilterChainDecorator$VirtualFilterChain.doFilter(ObservationFilterChainDecorator.java:128)
	at org.springframework.security.web.access.intercept.AuthorizationFilter.doFilter(AuthorizationFilter.java:100)
	at org.springframework.security.web.ObservationFilterChainDecorator$ObservationFilter.wrapFilter(ObservationFilterChainDecorator.java:240)
	at org.springframework.security.web.ObservationFilterChainDecorator$ObservationFilter.doFilter(ObservationFilterChainDecorator.java:227)
	at org.springframework.security.web.ObservationFilterChainDecorator$VirtualFilterChain.doFilter(ObservationFilterChainDecorator.java:137)
	at org.springframework.security.web.access.ExceptionTranslationFilter.doFilter(ExceptionTranslationFilter.java:126)
	at org.springframework.security.web.access.ExceptionTranslationFilter.doFilter(ExceptionTranslationFilter.java:120)
	at org.springframework.security.web.ObservationFilterChainDecorator$ObservationFilter.wrapFilter(ObservationFilterChainDecorator.java:240)
	at org.springframework.security.web.ObservationFilterChainDecorator$ObservationFilter.doFilter(ObservationFilterChainDecorator.java:227)
	at org.springframework.security.web.ObservationFilterChainDecorator$VirtualFilterChain.doFilter(ObservationFilterChainDecorator.java:137)
	at org.springframework.security.web.authentication.AnonymousAuthenticationFilter.doFilter(AnonymousAuthenticationFilter.java:100)
	at org.springframework.security.web.ObservationFilterChainDecorator$ObservationFilter.wrapFilter(ObservationFilterChainDecorator.java:240)
	at org.springframework.security.web.ObservationFilterChainDecorator$ObservationFilter.doFilter(ObservationFilterChainDecorator.java:227)
	at org.springframework.security.web.ObservationFilterChainDecorator$VirtualFilterChain.doFilter(ObservationFilterChainDecorator.java:137)
	at org.springframework.security.web.servletapi.SecurityContextHolderAwareRequestFilter.doFilter(SecurityContextHolderAwareRequestFilter.java:179)
	at org.springframework.security.web.ObservationFilterChainDecorator$ObservationFilter.wrapFilter(ObservationFilterChainDecorator.java:240)
	at org.springframework.security.web.ObservationFilterChainDecorator$ObservationFilter.doFilter(ObservationFilterChainDecorator.java:227)
	at org.springframework.security.web.ObservationFilterChainDecorator$VirtualFilterChain.doFilter(ObservationFilterChainDecorator.java:137)
	at org.springframework.security.web.savedrequest.RequestCacheAwareFilter.doFilter(RequestCacheAwareFilter.java:63)
	at org.springframework.security.web.ObservationFilterChainDecorator$ObservationFilter.wrapFilter(ObservationFilterChainDecorator.java:240)
	at org.springframework.security.web.ObservationFilterChainDecorator$ObservationFilter.doFilter(ObservationFilterChainDecorator.java:227)
	at org.springframework.security.web.ObservationFilterChainDecorator$VirtualFilterChain.doFilter(ObservationFilterChainDecorator.java:137)
	at org.springframework.security.web.authentication.www.BasicAuthenticationFilter.doFilterInternal(BasicAuthenticationFilter.java:181)
	at org.springframework.web.filter.OncePerRequestFilter.doFilter(OncePerRequestFilter.java:116)
	at org.springframework.security.web.ObservationFilterChainDecorator$ObservationFilter.wrapFilter(ObservationFilterChainDecorator.java:240)
	at org.springframework.security.web.ObservationFilterChainDecorator$ObservationFilter.doFilter(ObservationFilterChainDecorator.java:227)
	at org.springframework.security.web.ObservationFilterChainDecorator$VirtualFilterChain.doFilter(ObservationFilterChainDecorator.java:137)
	at com.banking.creditjourney.document.security.JwtAuthenticationFilter.doFilterInternal(JwtAuthenticationFilter.java:34)
	at org.springframework.web.filter.OncePerRequestFilter.doFilter(OncePerRequestFilter.java:116)
	at org.springframework.security.web.ObservationFilterChainDecorator$ObservationFilter.wrapFilter(ObservationFilterChainDecorator.java:240)
	at org.springframework.security.web.ObservationFilterChainDecorator$ObservationFilter.doFilter(ObservationFilterChainDecorator.java:227)
	at org.springframework.security.web.ObservationFilterChainDecorator$VirtualFilterChain.doFilter(ObservationFilterChainDecorator.java:137)
	at org.springframework.security.web.authentication.logout.LogoutFilter.doFilter(LogoutFilter.java:107)
	at org.springframework.security.web.authentication.logout.LogoutFilter.doFilter(LogoutFilter.java:93)
	at org.springframework.security.web.ObservationFilterChainDecorator$ObservationFilter.wrapFilter(ObservationFilterChainDecorator.java:240)
	at org.springframework.security.web.ObservationFilterChainDecorator$ObservationFilter.doFilter(ObservationFilterChainDecorator.java:227)
	at org.springframework.security.web.ObservationFilterChainDecorator$VirtualFilterChain.doFilter(ObservationFilterChainDecorator.java:137)
	at org.springframework.web.filter.CorsFilter.doFilterInternal(CorsFilter.java:91)
	at org.springframework.web.filter.OncePerRequestFilter.doFilter(OncePerRequestFilter.java:116)
	at org.springframework.security.web.ObservationFilterChainDecorator$ObservationFilter.wrapFilter(ObservationFilterChainDecorator.java:240)
	at org.springframework.security.web.ObservationFilterChainDecorator$ObservationFilter.doFilter(ObservationFilterChainDecorator.java:227)
	at org.springframework.security.web.ObservationFilterChainDecorator$VirtualFilterChain.doFilter(ObservationFilterChainDecorator.java:137)
	at org.springframework.security.web.header.HeaderWriterFilter.doHeadersAfter(HeaderWriterFilter.java:90)
	at org.springframework.security.web.header.HeaderWriterFilter.doFilterInternal(HeaderWriterFilter.java:75)
	at org.springframework.web.filter.OncePerRequestFilter.doFilter(OncePerRequestFilter.java:116)
	at org.springframework.security.web.ObservationFilterChainDecorator$ObservationFilter.wrapFilter(ObservationFilterChainDecorator.java:240)
	at org.springframework.security.web.ObservationFilterChainDecorator$ObservationFilter.doFilter(ObservationFilterChainDecorator.java:227)
	at org.springframework.security.web.ObservationFilterChainDecorator$VirtualFilterChain.doFilter(ObservationFilterChainDecorator.java:137)
	at org.springframework.security.web.context.SecurityContextHolderFilter.doFilter(SecurityContextHolderFilter.java:82)
	at org.springframework.security.web.context.SecurityContextHolderFilter.doFilter(SecurityContextHolderFilter.java:69)
	at org.springframework.security.web.ObservationFilterChainDecorator$ObservationFilter.wrapFilter(ObservationFilterChainDecorator.java:240)
	at org.springframework.security.web.ObservationFilterChainDecorator$ObservationFilter.doFilter(ObservationFilterChainDecorator.java:227)
	at org.springframework.security.web.ObservationFilterChainDecorator$VirtualFilterChain.doFilter(ObservationFilterChainDecorator.java:137)
	at org.springframework.security.web.context.request.async.WebAsyncManagerIntegrationFilter.doFilterInternal(WebAsyncManagerIntegrationFilter.java:62)
	at org.springframework.web.filter.OncePerRequestFilter.doFilter(OncePerRequestFilter.java:116)
	at org.springframework.security.web.ObservationFilterChainDecorator$ObservationFilter.wrapFilter(ObservationFilterChainDecorator.java:240)
	at org.springframework.security.web.ObservationFilterChainDecorator$ObservationFilter.doFilter(ObservationFilterChainDecorator.java:227)
	at org.springframework.security.web.ObservationFilterChainDecorator$VirtualFilterChain.doFilter(ObservationFilterChainDecorator.java:137)
	at org.springframework.security.web.session.DisableEncodeUrlFilter.doFilterInternal(DisableEncodeUrlFilter.java:42)
	at org.springframework.web.filter.OncePerRequestFilter.doFilter(OncePerRequestFilter.java:116)
	at org.springframework.security.web.ObservationFilterChainDecorator$ObservationFilter.wrapFilter(ObservationFilterChainDecorator.java:240)
	at org.springframework.security.web.ObservationFilterChainDecorator$AroundFilterObservation$SimpleAroundFilterObservation.lambda$wrap$0(ObservationFilterChainDecorator.java:323)
	at org.springframework.security.web.ObservationFilterChainDecorator$ObservationFilter.doFilter(ObservationFilterChainDecorator.java:224)
	at org.springframework.security.web.ObservationFilterChainDecorator$VirtualFilterChain.doFilter(ObservationFilterChainDecorator.java:137)
	at org.springframework.security.web.FilterChainProxy.doFilterInternal(FilterChainProxy.java:233)
	at org.springframework.security.web.FilterChainProxy.doFilter(FilterChainProxy.java:191)
	at org.springframework.web.filter.CompositeFilter$VirtualFilterChain.doFilter(CompositeFilter.java:113)
	at org.springframework.web.servlet.handler.HandlerMappingIntrospector.lambda$createCacheFilter$3(HandlerMappingIntrospector.java:195)
	at org.springframework.web.filter.CompositeFilter$VirtualFilterChain.doFilter(CompositeFilter.java:113)
	at org.springframework.web.filter.CompositeFilter.doFilter(CompositeFilter.java:74)
	at org.springframework.security.config.annotation.web.configuration.WebMvcSecurityConfiguration$CompositeFilterChainProxy.doFilter(WebMvcSecurityConfiguration.java:230)
	at org.springframework.web.filter.DelegatingFilterProxy.invokeDelegate(DelegatingFilterProxy.java:352)
	at org.springframework.web.filter.DelegatingFilterProxy.doFilter(DelegatingFilterProxy.java:268)
	at org.apache.catalina.core.ApplicationFilterChain.internalDoFilter(ApplicationFilterChain.java:164)
	at org.apache.catalina.core.ApplicationFilterChain.doFilter(ApplicationFilterChain.java:140)
	at org.springframework.web.filter.RequestContextFilter.doFilterInternal(RequestContextFilter.java:100)
	at org.springframework.web.filter.OncePerRequestFilter.doFilter(OncePerRequestFilter.java:116)
	at org.apache.catalina.core.ApplicationFilterChain.internalDoFilter(ApplicationFilterChain.java:164)
	at org.apache.catalina.core.ApplicationFilterChain.doFilter(ApplicationFilterChain.java:140)
	at org.springframework.web.filter.FormContentFilter.doFilterInternal(FormContentFilter.java:93)
	at org.springframework.web.filter.OncePerRequestFilter.doFilter(OncePerRequestFilter.java:116)
	at org.apache.catalina.core.ApplicationFilterChain.internalDoFilter(ApplicationFilterChain.java:164)
	at org.apache.catalina.core.ApplicationFilterChain.doFilter(ApplicationFilterChain.java:140)
	at org.springframework.web.filter.ServerHttpObservationFilter.doFilterInternal(ServerHttpObservationFilter.java:107)
	at org.springframework.web.filter.OncePerRequestFilter.doFilter(OncePerRequestFilter.java:116)
	at org.apache.catalina.core.ApplicationFilterChain.internalDoFilter(ApplicationFilterChain.java:164)
	at org.apache.catalina.core.ApplicationFilterChain.doFilter(ApplicationFilterChain.java:140)
	at org.springframework.web.filter.CharacterEncodingFilter.doFilterInternal(CharacterEncodingFilter.java:201)
	at org.springframework.web.filter.OncePerRequestFilter.doFilter(OncePerRequestFilter.java:116)
	at org.apache.catalina.core.ApplicationFilterChain.internalDoFilter(ApplicationFilterChain.java:164)
	at org.apache.catalina.core.ApplicationFilterChain.doFilter(ApplicationFilterChain.java:140)
	at org.apache.catalina.core.StandardWrapperValve.invoke(StandardWrapperValve.java:167)
	at org.apache.catalina.core.StandardContextValve.invoke(StandardContextValve.java:90)
	at org.apache.catalina.authenticator.AuthenticatorBase.invoke(AuthenticatorBase.java:482)
	at org.apache.catalina.core.StandardHostValve.invoke(StandardHostValve.java:115)
	at org.apache.catalina.valves.ErrorReportValve.invoke(ErrorReportValve.java:93)
	at org.apache.catalina.core.StandardEngineValve.invoke(StandardEngineValve.java:74)
	at org.apache.catalina.connector.CoyoteAdapter.service(CoyoteAdapter.java:344)
	at org.apache.coyote.http11.Http11Processor.service(Http11Processor.java:389)
	at org.apache.coyote.AbstractProcessorLight.process(AbstractProcessorLight.java:63)
	at org.apache.coyote.AbstractProtocol$ConnectionHandler.process(AbstractProtocol.java:904)
	at org.apache.tomcat.util.net.NioEndpoint$SocketProcessor.doRun(NioEndpoint.java:1741)
	at org.apache.tomcat.util.net.SocketProcessorBase.run(SocketProcessorBase.java:52)
	at org.apache.tomcat.util.threads.ThreadPoolExecutor.runWorker(ThreadPoolExecutor.java:1190)
	at org.apache.tomcat.util.threads.ThreadPoolExecutor$Worker.run(ThreadPoolExecutor.java:659)
	at org.apache.tomcat.util.threads.TaskThread$WrappingRunnable.run(TaskThread.java:63)
	at java.base/java.lang.Thread.run(Thread.java:1583)
Caused by: com.fasterxml.jackson.databind.exc.InvalidFormatException: Cannot deserialize value of type `com.banking.creditjourney.document.dto.response.DeleteType` from String "jfdk": not one of the values accepted for Enum class: [SOFT, HARD]
 at [Source: REDACTED (`StreamReadFeature.INCLUDE_SOURCE_IN_LOCATION` disabled); line: 5, column: 19] (through reference chain: com.banking.creditjourney.document.dto.request.DeleteDocumentRequest["deleteType"])
	at com.fasterxml.jackson.databind.exc.InvalidFormatException.from(InvalidFormatException.java:67)
	at com.fasterxml.jackson.databind.DeserializationContext.weirdStringException(DeserializationContext.java:1958)
	at com.fasterxml.jackson.databind.DeserializationContext.handleWeirdStringValue(DeserializationContext.java:1245)
	at com.fasterxml.jackson.databind.deser.std.EnumDeserializer._deserializeAltString(EnumDeserializer.java:447)
	at com.fasterxml.jackson.databind.deser.std.EnumDeserializer._fromString(EnumDeserializer.java:304)
	at com.fasterxml.jackson.databind.deser.std.EnumDeserializer.deserialize(EnumDeserializer.java:273)
	at com.fasterxml.jackson.databind.deser.impl.MethodProperty.deserializeAndSet(MethodProperty.java:129)
	at com.fasterxml.jackson.databind.deser.BeanDeserializer.deserializeFromObject(BeanDeserializer.java:393)
	at com.fasterxml.jackson.databind.deser.BeanDeserializer.deserialize(BeanDeserializer.java:185)
	at com.fasterxml.jackson.databind.deser.DefaultDeserializationContext.readRootValue(DefaultDeserializationContext.java:342)
	at com.fasterxml.jackson.databind.ObjectReader._bindAndClose(ObjectReader.java:2125)
	at com.fasterxml.jackson.databind.ObjectReader.readValue(ObjectReader.java:1501)
	at org.springframework.http.converter.json.AbstractJackson2HttpMessageConverter.readJavaType(AbstractJackson2HttpMessageConverter.java:395)
	... 142 common frames omitted
2026-02-02 18:13:17.608 [RMI TCP Connection(7)-127.0.0.1] INFO  o.s.b.a.SpringApplicationAdminMXBeanRegistrar$SpringApplicationAdmin [] - Application shutdown requested.
2026-02-02 18:13:17.611 [RMI TCP Connection(7)-127.0.0.1] INFO  o.a.coyote.http11.Http11NioProtocol [] - Stopping ProtocolHandler ["http-nio-8080"]
2026-02-02 18:13:17.624 [RMI TCP Connection(7)-127.0.0.1] INFO  com.zaxxer.hikari.HikariDataSource [] - HikariPool-1 - Shutdown initiated...
2026-02-02 18:13:17.627 [RMI TCP Connection(7)-127.0.0.1] INFO  com.zaxxer.hikari.HikariDataSource [] - HikariPool-1 - Shutdown completed.
2026-02-02 18:13:28.178 [background-preinit] INFO  o.h.validator.internal.util.Version [] - HV000001: Hibernate Validator 8.0.1.Final
2026-02-02 18:13:28.249 [main] INFO  c.b.c.d.DocumentManagementApplication [] - Starting DocumentManagementApplication using Java 21.0.10 with PID 19156 (C:\Workspace_IP\document-managment\bin\main started by suyogita.shivare in C:\Workspace_IP\document-managment)
2026-02-02 18:13:28.252 [main] INFO  c.b.c.d.DocumentManagementApplication [] - No active profile set, falling back to 1 default profile: "default"
2026-02-02 18:13:29.818 [main] INFO  o.s.d.r.c.RepositoryConfigurationDelegate [] - Bootstrapping Spring Data JDBC repositories in DEFAULT mode.
2026-02-02 18:13:29.844 [main] INFO  o.s.d.r.c.RepositoryConfigurationDelegate [] - Finished Spring Data repository scanning in 21 ms. Found 0 JDBC repository interfaces.
2026-02-02 18:13:30.363 [main] INFO  o.s.b.w.e.tomcat.TomcatWebServer [] - Tomcat initialized with port 8080 (http)
2026-02-02 18:13:30.378 [main] INFO  o.a.coyote.http11.Http11NioProtocol [] - Initializing ProtocolHandler ["http-nio-8080"]
2026-02-02 18:13:30.380 [main] INFO  o.a.catalina.core.StandardService [] - Starting service [Tomcat]
2026-02-02 18:13:30.381 [main] INFO  o.a.catalina.core.StandardEngine [] - Starting Servlet engine: [Apache Tomcat/10.1.25]
2026-02-02 18:13:30.468 [main] INFO  o.a.c.c.C.[Tomcat].[localhost].[/] [] - Initializing Spring embedded WebApplicationContext
2026-02-02 18:13:30.469 [main] INFO  o.s.b.w.s.c.ServletWebServerApplicationContext [] - Root WebApplicationContext: initialization completed in 2049 ms
2026-02-02 18:13:30.575 [main] INFO  com.zaxxer.hikari.HikariDataSource [] - HikariPool-1 - Starting...
2026-02-02 18:13:30.866 [main] INFO  com.zaxxer.hikari.pool.HikariPool [] - HikariPool-1 - Added connection conn0: url=jdbc:h2:file:C:/Document_Management/h2/documentdb user=SA
2026-02-02 18:13:30.869 [main] INFO  com.zaxxer.hikari.HikariDataSource [] - HikariPool-1 - Start completed.
2026-02-02 18:13:30.883 [main] INFO  o.s.b.a.h.H2ConsoleAutoConfiguration [] - H2 console available at '/h2-console'. Database available at 'jdbc:h2:file:C:/Document_Management/h2/documentdb'
2026-02-02 18:13:31.180 [main] INFO  org.flywaydb.core.FlywayExecutor [] - Database: jdbc:h2:file:C:/Document_Management/h2/documentdb (H2 2.2)
2026-02-02 18:13:31.190 [main] WARN  o.f.c.i.database.base.Database [] - Flyway upgrade recommended: H2 2.2.224 is newer than this version of Flyway and support has not been tested. The latest supported version of H2 is 2.2.220.
2026-02-02 18:13:31.235 [main] INFO  o.f.core.internal.command.DbValidate [] - Successfully validated 1 migration (execution time 00:00.031s)
2026-02-02 18:13:31.250 [main] INFO  o.f.core.internal.command.DbMigrate [] - Current version of schema "PUBLIC": 1
2026-02-02 18:13:31.253 [main] INFO  o.f.core.internal.command.DbMigrate [] - Schema "PUBLIC" is up to date. No migration necessary.
2026-02-02 18:13:31.484 [main] WARN  o.s.b.a.s.s.UserDetailsServiceAutoConfiguration [] - 

Using generated security password: 534fd530-269a-4b36-8ee5-ccf2384ed40d

This generated password is for development use only. Your security configuration must be updated before running your application in production.

2026-02-02 18:13:31.514 [main] INFO  o.s.s.c.a.a.c.InitializeUserDetailsBeanManagerConfigurer$InitializeUserDetailsManagerConfigurer [] - Global AuthenticationManager configured with UserDetailsService bean with name inMemoryUserDetailsManager
2026-02-02 18:13:31.882 [main] INFO  o.s.b.a.e.web.EndpointLinksResolver [] - Exposing 1 endpoint beneath base path '/actuator'
2026-02-02 18:13:32.468 [main] INFO  o.a.coyote.http11.Http11NioProtocol [] - Starting ProtocolHandler ["http-nio-8080"]
2026-02-02 18:13:32.494 [main] INFO  o.s.b.w.e.tomcat.TomcatWebServer [] - Tomcat started on port 8080 (http) with context path '/'
2026-02-02 18:13:32.508 [main] INFO  c.b.c.d.DocumentManagementApplication [] - Started DocumentManagementApplication in 4.783 seconds (process running for 5.77)
2026-02-02 18:13:33.080 [RMI TCP Connection(4)-127.0.0.1] INFO  o.a.c.c.C.[Tomcat].[localhost].[/] [] - Initializing Spring DispatcherServlet 'dispatcherServlet'
2026-02-02 18:13:33.080 [RMI TCP Connection(4)-127.0.0.1] INFO  o.s.web.servlet.DispatcherServlet [] - Initializing Servlet 'dispatcherServlet'
2026-02-02 18:13:33.082 [RMI TCP Connection(4)-127.0.0.1] INFO  o.s.web.servlet.DispatcherServlet [] - Completed initialization in 2 ms
2026-02-02 18:13:38.035 [http-nio-8080-exec-2] ERROR c.b.c.d.e.GlobalExceptionHandler [232e598f-449f-4e92-8b3a-f1a83d5b1eee] - Business exception
org.springframework.http.converter.HttpMessageNotReadableException: JSON parse error: Cannot deserialize value of type `com.banking.creditjourney.document.dto.response.DeleteType` from String "jfdk": not one of the values accepted for Enum class: [SOFT, HARD]
	at org.springframework.http.converter.json.AbstractJackson2HttpMessageConverter.readJavaType(AbstractJackson2HttpMessageConverter.java:406)
	at org.springframework.http.converter.json.AbstractJackson2HttpMessageConverter.read(AbstractJackson2HttpMessageConverter.java:354)
	at org.springframework.web.servlet.mvc.method.annotation.AbstractMessageConverterMethodArgumentResolver.readWithMessageConverters(AbstractMessageConverterMethodArgumentResolver.java:184)
	at org.springframework.web.servlet.mvc.method.annotation.RequestResponseBodyMethodProcessor.readWithMessageConverters(RequestResponseBodyMethodProcessor.java:161)
	at org.springframework.web.servlet.mvc.method.annotation.RequestResponseBodyMethodProcessor.resolveArgument(RequestResponseBodyMethodProcessor.java:135)
	at org.springframework.web.method.support.HandlerMethodArgumentResolverComposite.resolveArgument(HandlerMethodArgumentResolverComposite.java:122)
	at org.springframework.web.method.support.InvocableHandlerMethod.getMethodArgumentValues(InvocableHandlerMethod.java:224)
	at org.springframework.web.method.support.InvocableHandlerMethod.invokeForRequest(InvocableHandlerMethod.java:178)
	at org.springframework.web.servlet.mvc.method.annotation.ServletInvocableHandlerMethod.invokeAndHandle(ServletInvocableHandlerMethod.java:118)
	at org.springframework.web.servlet.mvc.method.annotation.RequestMappingHandlerAdapter.invokeHandlerMethod(RequestMappingHandlerAdapter.java:926)
	at org.springframework.web.servlet.mvc.method.annotation.RequestMappingHandlerAdapter.handleInternal(RequestMappingHandlerAdapter.java:831)
	at org.springframework.web.servlet.mvc.method.AbstractHandlerMethodAdapter.handle(AbstractHandlerMethodAdapter.java:87)
	at org.springframework.web.servlet.DispatcherServlet.doDispatch(DispatcherServlet.java:1089)
	at org.springframework.web.servlet.DispatcherServlet.doService(DispatcherServlet.java:979)
	at org.springframework.web.servlet.FrameworkServlet.processRequest(FrameworkServlet.java:1014)
	at org.springframework.web.servlet.FrameworkServlet.doDelete(FrameworkServlet.java:936)
	at jakarta.servlet.http.HttpServlet.service(HttpServlet.java:596)
	at org.springframework.web.servlet.FrameworkServlet.service(FrameworkServlet.java:885)
	at jakarta.servlet.http.HttpServlet.service(HttpServlet.java:658)
	at org.apache.catalina.core.ApplicationFilterChain.internalDoFilter(ApplicationFilterChain.java:195)
	at org.apache.catalina.core.ApplicationFilterChain.doFilter(ApplicationFilterChain.java:140)
	at org.apache.tomcat.websocket.server.WsFilter.doFilter(WsFilter.java:51)
	at org.apache.catalina.core.ApplicationFilterChain.internalDoFilter(ApplicationFilterChain.java:164)
	at org.apache.catalina.core.ApplicationFilterChain.doFilter(ApplicationFilterChain.java:140)
	at org.springframework.web.filter.OncePerRequestFilter.doFilter(OncePerRequestFilter.java:110)
	at org.apache.catalina.core.ApplicationFilterChain.internalDoFilter(ApplicationFilterChain.java:164)
	at org.apache.catalina.core.ApplicationFilterChain.doFilter(ApplicationFilterChain.java:140)
	at com.banking.creditjourney.document.security.CorrelationIdFilter.doFilterInternal(CorrelationIdFilter.java:31)
	at org.springframework.web.filter.OncePerRequestFilter.doFilter(OncePerRequestFilter.java:116)
	at org.apache.catalina.core.ApplicationFilterChain.internalDoFilter(ApplicationFilterChain.java:164)
	at org.apache.catalina.core.ApplicationFilterChain.doFilter(ApplicationFilterChain.java:140)
	at org.springframework.web.filter.CompositeFilter$VirtualFilterChain.doFilter(CompositeFilter.java:108)
	at org.springframework.security.web.FilterChainProxy.lambda$doFilterInternal$3(FilterChainProxy.java:231)
	at org.springframework.security.web.ObservationFilterChainDecorator$FilterObservation$SimpleFilterObservation.lambda$wrap$1(ObservationFilterChainDecorator.java:479)
	at org.springframework.security.web.ObservationFilterChainDecorator$AroundFilterObservation$SimpleAroundFilterObservation.lambda$wrap$1(ObservationFilterChainDecorator.java:340)
	at org.springframework.security.web.ObservationFilterChainDecorator.lambda$wrapSecured$0(ObservationFilterChainDecorator.java:82)
	at org.springframework.security.web.ObservationFilterChainDecorator$VirtualFilterChain.doFilter(ObservationFilterChainDecorator.java:128)
	at org.springframework.security.web.access.intercept.AuthorizationFilter.doFilter(AuthorizationFilter.java:100)
	at org.springframework.security.web.ObservationFilterChainDecorator$ObservationFilter.wrapFilter(ObservationFilterChainDecorator.java:240)
	at org.springframework.security.web.ObservationFilterChainDecorator$ObservationFilter.doFilter(ObservationFilterChainDecorator.java:227)
	at org.springframework.security.web.ObservationFilterChainDecorator$VirtualFilterChain.doFilter(ObservationFilterChainDecorator.java:137)
	at org.springframework.security.web.access.ExceptionTranslationFilter.doFilter(ExceptionTranslationFilter.java:126)
	at org.springframework.security.web.access.ExceptionTranslationFilter.doFilter(ExceptionTranslationFilter.java:120)
	at org.springframework.security.web.ObservationFilterChainDecorator$ObservationFilter.wrapFilter(ObservationFilterChainDecorator.java:240)
	at org.springframework.security.web.ObservationFilterChainDecorator$ObservationFilter.doFilter(ObservationFilterChainDecorator.java:227)
	at org.springframework.security.web.ObservationFilterChainDecorator$VirtualFilterChain.doFilter(ObservationFilterChainDecorator.java:137)
	at org.springframework.security.web.authentication.AnonymousAuthenticationFilter.doFilter(AnonymousAuthenticationFilter.java:100)
	at org.springframework.security.web.ObservationFilterChainDecorator$ObservationFilter.wrapFilter(ObservationFilterChainDecorator.java:240)
	at org.springframework.security.web.ObservationFilterChainDecorator$ObservationFilter.doFilter(ObservationFilterChainDecorator.java:227)
	at org.springframework.security.web.ObservationFilterChainDecorator$VirtualFilterChain.doFilter(ObservationFilterChainDecorator.java:137)
	at org.springframework.security.web.servletapi.SecurityContextHolderAwareRequestFilter.doFilter(SecurityContextHolderAwareRequestFilter.java:179)
	at org.springframework.security.web.ObservationFilterChainDecorator$ObservationFilter.wrapFilter(ObservationFilterChainDecorator.java:240)
	at org.springframework.security.web.ObservationFilterChainDecorator$ObservationFilter.doFilter(ObservationFilterChainDecorator.java:227)
	at org.springframework.security.web.ObservationFilterChainDecorator$VirtualFilterChain.doFilter(ObservationFilterChainDecorator.java:137)
	at org.springframework.security.web.savedrequest.RequestCacheAwareFilter.doFilter(RequestCacheAwareFilter.java:63)
	at org.springframework.security.web.ObservationFilterChainDecorator$ObservationFilter.wrapFilter(ObservationFilterChainDecorator.java:240)
	at org.springframework.security.web.ObservationFilterChainDecorator$ObservationFilter.doFilter(ObservationFilterChainDecorator.java:227)
	at org.springframework.security.web.ObservationFilterChainDecorator$VirtualFilterChain.doFilter(ObservationFilterChainDecorator.java:137)
	at org.springframework.security.web.authentication.www.BasicAuthenticationFilter.doFilterInternal(BasicAuthenticationFilter.java:181)
	at org.springframework.web.filter.OncePerRequestFilter.doFilter(OncePerRequestFilter.java:116)
	at org.springframework.security.web.ObservationFilterChainDecorator$ObservationFilter.wrapFilter(ObservationFilterChainDecorator.java:240)
	at org.springframework.security.web.ObservationFilterChainDecorator$ObservationFilter.doFilter(ObservationFilterChainDecorator.java:227)
	at org.springframework.security.web.ObservationFilterChainDecorator$VirtualFilterChain.doFilter(ObservationFilterChainDecorator.java:137)
	at com.banking.creditjourney.document.security.JwtAuthenticationFilter.doFilterInternal(JwtAuthenticationFilter.java:34)
	at org.springframework.web.filter.OncePerRequestFilter.doFilter(OncePerRequestFilter.java:116)
	at org.springframework.security.web.ObservationFilterChainDecorator$ObservationFilter.wrapFilter(ObservationFilterChainDecorator.java:240)
	at org.springframework.security.web.ObservationFilterChainDecorator$ObservationFilter.doFilter(ObservationFilterChainDecorator.java:227)
	at org.springframework.security.web.ObservationFilterChainDecorator$VirtualFilterChain.doFilter(ObservationFilterChainDecorator.java:137)
	at org.springframework.security.web.authentication.logout.LogoutFilter.doFilter(LogoutFilter.java:107)
	at org.springframework.security.web.authentication.logout.LogoutFilter.doFilter(LogoutFilter.java:93)
	at org.springframework.security.web.ObservationFilterChainDecorator$ObservationFilter.wrapFilter(ObservationFilterChainDecorator.java:240)
	at org.springframework.security.web.ObservationFilterChainDecorator$ObservationFilter.doFilter(ObservationFilterChainDecorator.java:227)
	at org.springframework.security.web.ObservationFilterChainDecorator$VirtualFilterChain.doFilter(ObservationFilterChainDecorator.java:137)
	at org.springframework.web.filter.CorsFilter.doFilterInternal(CorsFilter.java:91)
	at org.springframework.web.filter.OncePerRequestFilter.doFilter(OncePerRequestFilter.java:116)
	at org.springframework.security.web.ObservationFilterChainDecorator$ObservationFilter.wrapFilter(ObservationFilterChainDecorator.java:240)
	at org.springframework.security.web.ObservationFilterChainDecorator$ObservationFilter.doFilter(ObservationFilterChainDecorator.java:227)
	at org.springframework.security.web.ObservationFilterChainDecorator$VirtualFilterChain.doFilter(ObservationFilterChainDecorator.java:137)
	at org.springframework.security.web.header.HeaderWriterFilter.doHeadersAfter(HeaderWriterFilter.java:90)
	at org.springframework.security.web.header.HeaderWriterFilter.doFilterInternal(HeaderWriterFilter.java:75)
	at org.springframework.web.filter.OncePerRequestFilter.doFilter(OncePerRequestFilter.java:116)
	at org.springframework.security.web.ObservationFilterChainDecorator$ObservationFilter.wrapFilter(ObservationFilterChainDecorator.java:240)
	at org.springframework.security.web.ObservationFilterChainDecorator$ObservationFilter.doFilter(ObservationFilterChainDecorator.java:227)
	at org.springframework.security.web.ObservationFilterChainDecorator$VirtualFilterChain.doFilter(ObservationFilterChainDecorator.java:137)
	at org.springframework.security.web.context.SecurityContextHolderFilter.doFilter(SecurityContextHolderFilter.java:82)
	at org.springframework.security.web.context.SecurityContextHolderFilter.doFilter(SecurityContextHolderFilter.java:69)
	at org.springframework.security.web.ObservationFilterChainDecorator$ObservationFilter.wrapFilter(ObservationFilterChainDecorator.java:240)
	at org.springframework.security.web.ObservationFilterChainDecorator$ObservationFilter.doFilter(ObservationFilterChainDecorator.java:227)
	at org.springframework.security.web.ObservationFilterChainDecorator$VirtualFilterChain.doFilter(ObservationFilterChainDecorator.java:137)
	at org.springframework.security.web.context.request.async.WebAsyncManagerIntegrationFilter.doFilterInternal(WebAsyncManagerIntegrationFilter.java:62)
	at org.springframework.web.filter.OncePerRequestFilter.doFilter(OncePerRequestFilter.java:116)
	at org.springframework.security.web.ObservationFilterChainDecorator$ObservationFilter.wrapFilter(ObservationFilterChainDecorator.java:240)
	at org.springframework.security.web.ObservationFilterChainDecorator$ObservationFilter.doFilter(ObservationFilterChainDecorator.java:227)
	at org.springframework.security.web.ObservationFilterChainDecorator$VirtualFilterChain.doFilter(ObservationFilterChainDecorator.java:137)
	at org.springframework.security.web.session.DisableEncodeUrlFilter.doFilterInternal(DisableEncodeUrlFilter.java:42)
	at org.springframework.web.filter.OncePerRequestFilter.doFilter(OncePerRequestFilter.java:116)
	at org.springframework.security.web.ObservationFilterChainDecorator$ObservationFilter.wrapFilter(ObservationFilterChainDecorator.java:240)
	at org.springframework.security.web.ObservationFilterChainDecorator$AroundFilterObservation$SimpleAroundFilterObservation.lambda$wrap$0(ObservationFilterChainDecorator.java:323)
	at org.springframework.security.web.ObservationFilterChainDecorator$ObservationFilter.doFilter(ObservationFilterChainDecorator.java:224)
	at org.springframework.security.web.ObservationFilterChainDecorator$VirtualFilterChain.doFilter(ObservationFilterChainDecorator.java:137)
	at org.springframework.security.web.FilterChainProxy.doFilterInternal(FilterChainProxy.java:233)
	at org.springframework.security.web.FilterChainProxy.doFilter(FilterChainProxy.java:191)
	at org.springframework.web.filter.CompositeFilter$VirtualFilterChain.doFilter(CompositeFilter.java:113)
	at org.springframework.web.servlet.handler.HandlerMappingIntrospector.lambda$createCacheFilter$3(HandlerMappingIntrospector.java:195)
	at org.springframework.web.filter.CompositeFilter$VirtualFilterChain.doFilter(CompositeFilter.java:113)
	at org.springframework.web.filter.CompositeFilter.doFilter(CompositeFilter.java:74)
	at org.springframework.security.config.annotation.web.configuration.WebMvcSecurityConfiguration$CompositeFilterChainProxy.doFilter(WebMvcSecurityConfiguration.java:230)
	at org.springframework.web.filter.DelegatingFilterProxy.invokeDelegate(DelegatingFilterProxy.java:352)
	at org.springframework.web.filter.DelegatingFilterProxy.doFilter(DelegatingFilterProxy.java:268)
	at org.apache.catalina.core.ApplicationFilterChain.internalDoFilter(ApplicationFilterChain.java:164)
	at org.apache.catalina.core.ApplicationFilterChain.doFilter(ApplicationFilterChain.java:140)
	at org.springframework.web.filter.RequestContextFilter.doFilterInternal(RequestContextFilter.java:100)
	at org.springframework.web.filter.OncePerRequestFilter.doFilter(OncePerRequestFilter.java:116)
	at org.apache.catalina.core.ApplicationFilterChain.internalDoFilter(ApplicationFilterChain.java:164)
	at org.apache.catalina.core.ApplicationFilterChain.doFilter(ApplicationFilterChain.java:140)
	at org.springframework.web.filter.FormContentFilter.doFilterInternal(FormContentFilter.java:93)
	at org.springframework.web.filter.OncePerRequestFilter.doFilter(OncePerRequestFilter.java:116)
	at org.apache.catalina.core.ApplicationFilterChain.internalDoFilter(ApplicationFilterChain.java:164)
	at org.apache.catalina.core.ApplicationFilterChain.doFilter(ApplicationFilterChain.java:140)
	at org.springframework.web.filter.ServerHttpObservationFilter.doFilterInternal(ServerHttpObservationFilter.java:107)
	at org.springframework.web.filter.OncePerRequestFilter.doFilter(OncePerRequestFilter.java:116)
	at org.apache.catalina.core.ApplicationFilterChain.internalDoFilter(ApplicationFilterChain.java:164)
	at org.apache.catalina.core.ApplicationFilterChain.doFilter(ApplicationFilterChain.java:140)
	at org.springframework.web.filter.CharacterEncodingFilter.doFilterInternal(CharacterEncodingFilter.java:201)
	at org.springframework.web.filter.OncePerRequestFilter.doFilter(OncePerRequestFilter.java:116)
	at org.apache.catalina.core.ApplicationFilterChain.internalDoFilter(ApplicationFilterChain.java:164)
	at org.apache.catalina.core.ApplicationFilterChain.doFilter(ApplicationFilterChain.java:140)
	at org.apache.catalina.core.StandardWrapperValve.invoke(StandardWrapperValve.java:167)
	at org.apache.catalina.core.StandardContextValve.invoke(StandardContextValve.java:90)
	at org.apache.catalina.authenticator.AuthenticatorBase.invoke(AuthenticatorBase.java:482)
	at org.apache.catalina.core.StandardHostValve.invoke(StandardHostValve.java:115)
	at org.apache.catalina.valves.ErrorReportValve.invoke(ErrorReportValve.java:93)
	at org.apache.catalina.core.StandardEngineValve.invoke(StandardEngineValve.java:74)
	at org.apache.catalina.connector.CoyoteAdapter.service(CoyoteAdapter.java:344)
	at org.apache.coyote.http11.Http11Processor.service(Http11Processor.java:389)
	at org.apache.coyote.AbstractProcessorLight.process(AbstractProcessorLight.java:63)
	at org.apache.coyote.AbstractProtocol$ConnectionHandler.process(AbstractProtocol.java:904)
	at org.apache.tomcat.util.net.NioEndpoint$SocketProcessor.doRun(NioEndpoint.java:1741)
	at org.apache.tomcat.util.net.SocketProcessorBase.run(SocketProcessorBase.java:52)
	at org.apache.tomcat.util.threads.ThreadPoolExecutor.runWorker(ThreadPoolExecutor.java:1190)
	at org.apache.tomcat.util.threads.ThreadPoolExecutor$Worker.run(ThreadPoolExecutor.java:659)
	at org.apache.tomcat.util.threads.TaskThread$WrappingRunnable.run(TaskThread.java:63)
	at java.base/java.lang.Thread.run(Thread.java:1583)
Caused by: com.fasterxml.jackson.databind.exc.InvalidFormatException: Cannot deserialize value of type `com.banking.creditjourney.document.dto.response.DeleteType` from String "jfdk": not one of the values accepted for Enum class: [SOFT, HARD]
 at [Source: REDACTED (`StreamReadFeature.INCLUDE_SOURCE_IN_LOCATION` disabled); line: 5, column: 19] (through reference chain: com.banking.creditjourney.document.dto.request.DeleteDocumentRequest["deleteType"])
	at com.fasterxml.jackson.databind.exc.InvalidFormatException.from(InvalidFormatException.java:67)
	at com.fasterxml.jackson.databind.DeserializationContext.weirdStringException(DeserializationContext.java:1958)
	at com.fasterxml.jackson.databind.DeserializationContext.handleWeirdStringValue(DeserializationContext.java:1245)
	at com.fasterxml.jackson.databind.deser.std.EnumDeserializer._deserializeAltString(EnumDeserializer.java:447)
	at com.fasterxml.jackson.databind.deser.std.EnumDeserializer._fromString(EnumDeserializer.java:304)
	at com.fasterxml.jackson.databind.deser.std.EnumDeserializer.deserialize(EnumDeserializer.java:273)
	at com.fasterxml.jackson.databind.deser.impl.MethodProperty.deserializeAndSet(MethodProperty.java:129)
	at com.fasterxml.jackson.databind.deser.BeanDeserializer.deserializeFromObject(BeanDeserializer.java:393)
	at com.fasterxml.jackson.databind.deser.BeanDeserializer.deserialize(BeanDeserializer.java:185)
	at com.fasterxml.jackson.databind.deser.DefaultDeserializationContext.readRootValue(DefaultDeserializationContext.java:342)
	at com.fasterxml.jackson.databind.ObjectReader._bindAndClose(ObjectReader.java:2125)
	at com.fasterxml.jackson.databind.ObjectReader.readValue(ObjectReader.java:1501)
	at org.springframework.http.converter.json.AbstractJackson2HttpMessageConverter.readJavaType(AbstractJackson2HttpMessageConverter.java:395)
	... 142 common frames omitted
2026-02-02 18:26:12.323 [http-nio-8080-exec-1] INFO  o.s.api.AbstractOpenApiResource [7f831711-f6eb-469d-bb67-5bc8c681d986] - Init duration for springdoc-openapi is: 804 ms
2026-02-02 18:27:06.169 [RMI TCP Connection(19)-127.0.0.1] INFO  o.s.b.a.SpringApplicationAdminMXBeanRegistrar$SpringApplicationAdmin [] - Application shutdown requested.
2026-02-02 18:27:06.173 [RMI TCP Connection(19)-127.0.0.1] INFO  o.a.coyote.http11.Http11NioProtocol [] - Stopping ProtocolHandler ["http-nio-8080"]
2026-02-02 18:27:06.190 [RMI TCP Connection(19)-127.0.0.1] INFO  com.zaxxer.hikari.HikariDataSource [] - HikariPool-1 - Shutdown initiated...
2026-02-02 18:27:06.194 [RMI TCP Connection(19)-127.0.0.1] INFO  com.zaxxer.hikari.HikariDataSource [] - HikariPool-1 - Shutdown completed.
2026-02-02 20:24:54.047 [background-preinit] INFO  o.h.validator.internal.util.Version [] - HV000001: Hibernate Validator 8.0.1.Final
2026-02-02 20:24:54.224 [main] INFO  c.b.c.d.DocumentManagementApplication [] - Starting DocumentManagementApplication using Java 21.0.10 with PID 20956 (C:\Workspace_IP\document-managment\bin\main started by suyogita.shivare in C:\Workspace_IP\document-managment)
2026-02-02 20:24:54.227 [main] INFO  c.b.c.d.DocumentManagementApplication [] - No active profile set, falling back to 1 default profile: "default"
2026-02-02 20:24:58.481 [main] INFO  o.s.d.r.c.RepositoryConfigurationDelegate [] - Bootstrapping Spring Data JDBC repositories in DEFAULT mode.
2026-02-02 20:24:58.576 [main] INFO  o.s.d.r.c.RepositoryConfigurationDelegate [] - Finished Spring Data repository scanning in 78 ms. Found 0 JDBC repository interfaces.
2026-02-02 20:25:00.747 [main] INFO  o.s.b.w.e.tomcat.TomcatWebServer [] - Tomcat initialized with port 8080 (http)
2026-02-02 20:25:00.823 [main] INFO  o.a.coyote.http11.Http11NioProtocol [] - Initializing ProtocolHandler ["http-nio-8080"]
2026-02-02 20:25:00.831 [main] INFO  o.a.catalina.core.StandardService [] - Starting service [Tomcat]
2026-02-02 20:25:00.833 [main] INFO  o.a.catalina.core.StandardEngine [] - Starting Servlet engine: [Apache Tomcat/10.1.25]
2026-02-02 20:25:01.171 [main] INFO  o.a.c.c.C.[Tomcat].[localhost].[/] [] - Initializing Spring embedded WebApplicationContext
2026-02-02 20:25:01.175 [main] INFO  o.s.b.w.s.c.ServletWebServerApplicationContext [] - Root WebApplicationContext: initialization completed in 6731 ms
2026-02-02 20:25:01.596 [main] INFO  com.zaxxer.hikari.HikariDataSource [] - HikariPool-1 - Starting...
2026-02-02 20:25:02.955 [main] INFO  com.zaxxer.hikari.pool.HikariPool [] - HikariPool-1 - Added connection conn0: url=jdbc:h2:file:C:/Document_Management/h2/documentdb user=SA
2026-02-02 20:25:02.960 [main] INFO  com.zaxxer.hikari.HikariDataSource [] - HikariPool-1 - Start completed.
2026-02-02 20:25:03.027 [main] INFO  o.s.b.a.h.H2ConsoleAutoConfiguration [] - H2 console available at '/h2-console'. Database available at 'jdbc:h2:file:C:/Document_Management/h2/documentdb'
2026-02-02 20:25:04.390 [main] INFO  org.flywaydb.core.FlywayExecutor [] - Database: jdbc:h2:file:C:/Document_Management/h2/documentdb (H2 2.2)
2026-02-02 20:25:04.426 [main] WARN  o.f.c.i.database.base.Database [] - Flyway upgrade recommended: H2 2.2.224 is newer than this version of Flyway and support has not been tested. The latest supported version of H2 is 2.2.220.
2026-02-02 20:25:04.595 [main] INFO  o.f.core.internal.command.DbValidate [] - Successfully validated 1 migration (execution time 00:00.105s)
2026-02-02 20:25:04.626 [main] INFO  o.f.core.internal.command.DbMigrate [] - Current version of schema "PUBLIC": 1
2026-02-02 20:25:04.644 [main] INFO  o.f.core.internal.command.DbMigrate [] - Schema "PUBLIC" is up to date. No migration necessary.
2026-02-02 20:25:05.418 [main] WARN  o.s.b.a.s.s.UserDetailsServiceAutoConfiguration [] - 

Using generated security password: ae5f6435-f42a-447c-a72c-4038b1512527

This generated password is for development use only. Your security configuration must be updated before running your application in production.

2026-02-02 20:25:05.507 [main] INFO  o.s.s.c.a.a.c.InitializeUserDetailsBeanManagerConfigurer$InitializeUserDetailsManagerConfigurer [] - Global AuthenticationManager configured with UserDetailsService bean with name inMemoryUserDetailsManager
2026-02-02 20:25:06.393 [main] INFO  o.s.b.a.e.web.EndpointLinksResolver [] - Exposing 1 endpoint beneath base path '/actuator'
2026-02-02 20:25:07.717 [main] INFO  o.a.coyote.http11.Http11NioProtocol [] - Starting ProtocolHandler ["http-nio-8080"]
2026-02-02 20:25:07.845 [main] INFO  o.s.b.w.e.tomcat.TomcatWebServer [] - Tomcat started on port 8080 (http) with context path '/'
2026-02-02 20:25:07.884 [main] INFO  c.b.c.d.DocumentManagementApplication [] - Started DocumentManagementApplication in 16.914 seconds (process running for 23.426)
2026-02-02 20:25:08.443 [RMI TCP Connection(4)-127.0.0.1] INFO  o.a.c.c.C.[Tomcat].[localhost].[/] [] - Initializing Spring DispatcherServlet 'dispatcherServlet'
2026-02-02 20:25:08.444 [RMI TCP Connection(4)-127.0.0.1] INFO  o.s.web.servlet.DispatcherServlet [] - Initializing Servlet 'dispatcherServlet'
2026-02-02 20:25:08.449 [RMI TCP Connection(4)-127.0.0.1] INFO  o.s.web.servlet.DispatcherServlet [] - Completed initialization in 4 ms
2026-02-02 20:30:51.418 [http-nio-8080-exec-5] INFO  c.b.c.d.c.DocumentController [8b139d4e-ffb4-4288-8e33-c89ac4f2d875] - Document upload API starts:  /documentUpload | userId=suyogita.shivare@accenture.com | filecount=3
2026-02-02 20:30:51.451 [http-nio-8080-exec-5] INFO  c.b.c.d.service.DocumentServiceImpl [8b139d4e-ffb4-4288-8e33-c89ac4f2d875] - Inside uploadFiles() 
2026-02-02 20:30:51.451 [http-nio-8080-exec-5] INFO  c.b.c.d.service.DocumentServiceImpl [8b139d4e-ffb4-4288-8e33-c89ac4f2d875] - Starting document upload 
2026-02-02 20:30:51.526 [http-nio-8080-exec-5] DEBUG o.s.jdbc.core.JdbcTemplate [8b139d4e-ffb4-4288-8e33-c89ac4f2d875] - Executing prepared SQL query
2026-02-02 20:30:51.534 [http-nio-8080-exec-5] DEBUG o.s.jdbc.core.JdbcTemplate [8b139d4e-ffb4-4288-8e33-c89ac4f2d875] - Executing prepared SQL statement [SELECT * FROM documents WHERE checksum= ?
]
2026-02-02 20:30:51.559 [http-nio-8080-exec-5] DEBUG o.s.jdbc.core.JdbcTemplate [8b139d4e-ffb4-4288-8e33-c89ac4f2d875] - Executing SQL update and returning generated keys
2026-02-02 20:30:51.559 [http-nio-8080-exec-5] DEBUG o.s.jdbc.core.JdbcTemplate [8b139d4e-ffb4-4288-8e33-c89ac4f2d875] - Executing prepared SQL statement [INSERT INTO documents(user_id,file_name,file_type,file_size,checksum,storage_path)
VALUES (?, ?, ?, ?, ?, ?)
]
2026-02-02 20:30:51.616 [http-nio-8080-exec-5] DEBUG o.s.jdbc.core.JdbcTemplate [8b139d4e-ffb4-4288-8e33-c89ac4f2d875] - Executing prepared SQL query
2026-02-02 20:30:51.616 [http-nio-8080-exec-5] DEBUG o.s.jdbc.core.JdbcTemplate [8b139d4e-ffb4-4288-8e33-c89ac4f2d875] - Executing prepared SQL statement [SELECT * FROM documents WHERE checksum= ?
]
2026-02-02 20:30:51.624 [http-nio-8080-exec-5] DEBUG o.s.jdbc.core.JdbcTemplate [8b139d4e-ffb4-4288-8e33-c89ac4f2d875] - Executing SQL update and returning generated keys
2026-02-02 20:30:51.631 [http-nio-8080-exec-5] DEBUG o.s.jdbc.core.JdbcTemplate [8b139d4e-ffb4-4288-8e33-c89ac4f2d875] - Executing prepared SQL statement [INSERT INTO documents(user_id,file_name,file_type,file_size,checksum,storage_path)
VALUES (?, ?, ?, ?, ?, ?)
]
2026-02-02 20:30:51.642 [http-nio-8080-exec-5] DEBUG o.s.jdbc.core.JdbcTemplate [8b139d4e-ffb4-4288-8e33-c89ac4f2d875] - Executing prepared SQL query
2026-02-02 20:30:51.644 [http-nio-8080-exec-5] DEBUG o.s.jdbc.core.JdbcTemplate [8b139d4e-ffb4-4288-8e33-c89ac4f2d875] - Executing prepared SQL statement [SELECT * FROM documents WHERE checksum= ?
]
2026-02-02 20:30:51.652 [http-nio-8080-exec-5] DEBUG o.s.jdbc.core.JdbcTemplate [8b139d4e-ffb4-4288-8e33-c89ac4f2d875] - Executing SQL update and returning generated keys
2026-02-02 20:30:51.652 [http-nio-8080-exec-5] DEBUG o.s.jdbc.core.JdbcTemplate [8b139d4e-ffb4-4288-8e33-c89ac4f2d875] - Executing prepared SQL statement [INSERT INTO documents(user_id,file_name,file_type,file_size,checksum,storage_path)
VALUES (?, ?, ?, ?, ?, ?)
]
2026-02-02 20:30:51.658 [http-nio-8080-exec-5] INFO  c.b.c.d.c.DocumentController [8b139d4e-ffb4-4288-8e33-c89ac4f2d875] - Upload API completed | userId=suyogita.shivare@accenture.com
2026-02-02 20:40:09.697 [RMI TCP Connection(21)-127.0.0.1] INFO  o.s.b.a.SpringApplicationAdminMXBeanRegistrar$SpringApplicationAdmin [] - Application shutdown requested.
2026-02-02 20:40:09.706 [RMI TCP Connection(21)-127.0.0.1] INFO  o.a.coyote.http11.Http11NioProtocol [] - Stopping ProtocolHandler ["http-nio-8080"]
2026-02-02 20:40:09.766 [RMI TCP Connection(21)-127.0.0.1] INFO  com.zaxxer.hikari.HikariDataSource [] - HikariPool-1 - Shutdown initiated...
2026-02-02 20:40:09.776 [RMI TCP Connection(21)-127.0.0.1] INFO  com.zaxxer.hikari.HikariDataSource [] - HikariPool-1 - Shutdown completed.
2026-02-02 20:40:24.679 [background-preinit] INFO  o.h.validator.internal.util.Version [] - HV000001: Hibernate Validator 8.0.1.Final
2026-02-02 20:40:24.798 [main] INFO  c.b.c.d.DocumentManagementApplication [] - Starting DocumentManagementApplication using Java 21.0.10 with PID 3672 (C:\Workspace_IP\document-managment\bin\main started by suyogita.shivare in C:\Workspace_IP\document-managment)
2026-02-02 20:40:24.800 [main] INFO  c.b.c.d.DocumentManagementApplication [] - No active profile set, falling back to 1 default profile: "default"
2026-02-02 20:40:29.667 [main] INFO  o.s.d.r.c.RepositoryConfigurationDelegate [] - Bootstrapping Spring Data JDBC repositories in DEFAULT mode.
2026-02-02 20:40:30.051 [main] INFO  o.s.d.r.c.RepositoryConfigurationDelegate [] - Finished Spring Data repository scanning in 340 ms. Found 0 JDBC repository interfaces.
2026-02-02 20:40:34.279 [main] INFO  o.s.b.w.e.tomcat.TomcatWebServer [] - Tomcat initialized with port 8080 (http)
2026-02-02 20:40:34.362 [main] INFO  o.a.coyote.http11.Http11NioProtocol [] - Initializing ProtocolHandler ["http-nio-8080"]
2026-02-02 20:40:34.381 [main] INFO  o.a.catalina.core.StandardService [] - Starting service [Tomcat]
2026-02-02 20:40:34.381 [main] INFO  o.a.catalina.core.StandardEngine [] - Starting Servlet engine: [Apache Tomcat/10.1.25]
2026-02-02 20:40:35.660 [main] INFO  o.a.c.c.C.[Tomcat].[localhost].[/] [] - Initializing Spring embedded WebApplicationContext
2026-02-02 20:40:35.671 [main] INFO  o.s.b.w.s.c.ServletWebServerApplicationContext [] - Root WebApplicationContext: initialization completed in 10722 ms
2026-02-02 20:40:36.460 [main] INFO  com.zaxxer.hikari.HikariDataSource [] - HikariPool-1 - Starting...
2026-02-02 20:40:38.716 [main] INFO  com.zaxxer.hikari.pool.HikariPool [] - HikariPool-1 - Added connection conn0: url=jdbc:h2:file:C:/Document_Management/h2/documentdb user=SA
2026-02-02 20:40:38.731 [main] INFO  com.zaxxer.hikari.HikariDataSource [] - HikariPool-1 - Start completed.
2026-02-02 20:40:38.857 [main] INFO  o.s.b.a.h.H2ConsoleAutoConfiguration [] - H2 console available at '/h2-console'. Database available at 'jdbc:h2:file:C:/Document_Management/h2/documentdb'
2026-02-02 20:40:41.075 [main] INFO  org.flywaydb.core.FlywayExecutor [] - Database: jdbc:h2:file:C:/Document_Management/h2/documentdb (H2 2.2)
2026-02-02 20:40:41.128 [main] WARN  o.f.c.i.database.base.Database [] - Flyway upgrade recommended: H2 2.2.224 is newer than this version of Flyway and support has not been tested. The latest supported version of H2 is 2.2.220.
2026-02-02 20:40:41.528 [main] WARN  o.s.b.w.s.c.AnnotationConfigServletWebServerApplicationContext [] - Exception encountered during context initialization - cancelling refresh attempt: org.springframework.beans.factory.UnsatisfiedDependencyException: Error creating bean with name 'documentController' defined in file [C:\Workspace_IP\document-managment\bin\main\com\banking\creditjourney\document\controller\DocumentController.class]: Unsatisfied dependency expressed through constructor parameter 0: Error creating bean with name 'documentServiceImpl' defined in file [C:\Workspace_IP\document-managment\bin\main\com\banking\creditjourney\document\service\DocumentServiceImpl.class]: Unsatisfied dependency expressed through constructor parameter 0: Error creating bean with name 'documentRepository' defined in file [C:\Workspace_IP\document-managment\bin\main\com\banking\creditjourney\document\repository\DocumentRepository.class]: Unsatisfied dependency expressed through constructor parameter 0: Error creating bean with name 'flywayInitializer' defined in class path resource [org/springframework/boot/autoconfigure/flyway/FlywayAutoConfiguration$FlywayConfiguration.class]: Validate failed: Migrations have failed validation
Migration checksum mismatch for migration version 1
-> Applied to database : 1821550801
-> Resolved locally    : -1125197993
Either revert the changes to the migration, or run repair to update the schema history.
Need more flexibility with validation rules? Learn more: https://rd.gt/3AbJUZE
2026-02-02 20:40:41.530 [main] INFO  com.zaxxer.hikari.HikariDataSource [] - HikariPool-1 - Shutdown initiated...
2026-02-02 20:40:41.542 [main] INFO  com.zaxxer.hikari.HikariDataSource [] - HikariPool-1 - Shutdown completed.
2026-02-02 20:40:41.570 [main] INFO  o.a.catalina.core.StandardService [] - Stopping service [Tomcat]
2026-02-02 20:40:41.697 [main] INFO  o.s.b.a.l.ConditionEvaluationReportLogger [] - 

Error starting ApplicationContext. To display the condition evaluation report re-run your application with 'debug' enabled.
2026-02-02 20:40:41.800 [main] ERROR o.s.boot.SpringApplication [] - Application run failed
org.springframework.beans.factory.UnsatisfiedDependencyException: Error creating bean with name 'documentController' defined in file [C:\Workspace_IP\document-managment\bin\main\com\banking\creditjourney\document\controller\DocumentController.class]: Unsatisfied dependency expressed through constructor parameter 0: Error creating bean with name 'documentServiceImpl' defined in file [C:\Workspace_IP\document-managment\bin\main\com\banking\creditjourney\document\service\DocumentServiceImpl.class]: Unsatisfied dependency expressed through constructor parameter 0: Error creating bean with name 'documentRepository' defined in file [C:\Workspace_IP\document-managment\bin\main\com\banking\creditjourney\document\repository\DocumentRepository.class]: Unsatisfied dependency expressed through constructor parameter 0: Error creating bean with name 'flywayInitializer' defined in class path resource [org/springframework/boot/autoconfigure/flyway/FlywayAutoConfiguration$FlywayConfiguration.class]: Validate failed: Migrations have failed validation
Migration checksum mismatch for migration version 1
-> Applied to database : 1821550801
-> Resolved locally    : -1125197993
Either revert the changes to the migration, or run repair to update the schema history.
Need more flexibility with validation rules? Learn more: https://rd.gt/3AbJUZE
	at org.springframework.beans.factory.support.ConstructorResolver.createArgumentArray(ConstructorResolver.java:795)
	at org.springframework.beans.factory.support.ConstructorResolver.autowireConstructor(ConstructorResolver.java:237)
	at org.springframework.beans.factory.support.AbstractAutowireCapableBeanFactory.autowireConstructor(AbstractAutowireCapableBeanFactory.java:1357)
	at org.springframework.beans.factory.support.AbstractAutowireCapableBeanFactory.createBeanInstance(AbstractAutowireCapableBeanFactory.java:1194)
	at org.springframework.beans.factory.support.AbstractAutowireCapableBeanFactory.doCreateBean(AbstractAutowireCapableBeanFactory.java:562)
	at org.springframework.beans.factory.support.AbstractAutowireCapableBeanFactory.createBean(AbstractAutowireCapableBeanFactory.java:522)
	at org.springframework.beans.factory.support.AbstractBeanFactory.lambda$doGetBean$0(AbstractBeanFactory.java:337)
	at org.springframework.beans.factory.support.DefaultSingletonBeanRegistry.getSingleton(DefaultSingletonBeanRegistry.java:234)
	at org.springframework.beans.factory.support.AbstractBeanFactory.doGetBean(AbstractBeanFactory.java:335)
	at org.springframework.beans.factory.support.AbstractBeanFactory.getBean(AbstractBeanFactory.java:200)
	at org.springframework.beans.factory.support.DefaultListableBeanFactory.preInstantiateSingletons(DefaultListableBeanFactory.java:975)
	at org.springframework.context.support.AbstractApplicationContext.finishBeanFactoryInitialization(AbstractApplicationContext.java:962)
	at org.springframework.context.support.AbstractApplicationContext.refresh(AbstractApplicationContext.java:624)
	at org.springframework.boot.web.servlet.context.ServletWebServerApplicationContext.refresh(ServletWebServerApplicationContext.java:146)
	at org.springframework.boot.SpringApplication.refresh(SpringApplication.java:754)
	at org.springframework.boot.SpringApplication.refreshContext(SpringApplication.java:456)
	at org.springframework.boot.SpringApplication.run(SpringApplication.java:335)
	at org.springframework.boot.SpringApplication.run(SpringApplication.java:1363)
	at org.springframework.boot.SpringApplication.run(SpringApplication.java:1352)
	at com.banking.creditjourney.document.DocumentManagementApplication.main(DocumentManagementApplication.java:11)
Caused by: org.springframework.beans.factory.UnsatisfiedDependencyException: Error creating bean with name 'documentServiceImpl' defined in file [C:\Workspace_IP\document-managment\bin\main\com\banking\creditjourney\document\service\DocumentServiceImpl.class]: Unsatisfied dependency expressed through constructor parameter 0: Error creating bean with name 'documentRepository' defined in file [C:\Workspace_IP\document-managment\bin\main\com\banking\creditjourney\document\repository\DocumentRepository.class]: Unsatisfied dependency expressed through constructor parameter 0: Error creating bean with name 'flywayInitializer' defined in class path resource [org/springframework/boot/autoconfigure/flyway/FlywayAutoConfiguration$FlywayConfiguration.class]: Validate failed: Migrations have failed validation
Migration checksum mismatch for migration version 1
-> Applied to database : 1821550801
-> Resolved locally    : -1125197993
Either revert the changes to the migration, or run repair to update the schema history.
Need more flexibility with validation rules? Learn more: https://rd.gt/3AbJUZE
	at org.springframework.beans.factory.support.ConstructorResolver.createArgumentArray(ConstructorResolver.java:795)
	at org.springframework.beans.factory.support.ConstructorResolver.autowireConstructor(ConstructorResolver.java:237)
	at org.springframework.beans.factory.support.AbstractAutowireCapableBeanFactory.autowireConstructor(AbstractAutowireCapableBeanFactory.java:1357)
	at org.springframework.beans.factory.support.AbstractAutowireCapableBeanFactory.createBeanInstance(AbstractAutowireCapableBeanFactory.java:1194)
	at org.springframework.beans.factory.support.AbstractAutowireCapableBeanFactory.doCreateBean(AbstractAutowireCapableBeanFactory.java:562)
	at org.springframework.beans.factory.support.AbstractAutowireCapableBeanFactory.createBean(AbstractAutowireCapableBeanFactory.java:522)
	at org.springframework.beans.factory.support.AbstractBeanFactory.lambda$doGetBean$0(AbstractBeanFactory.java:337)
	at org.springframework.beans.factory.support.DefaultSingletonBeanRegistry.getSingleton(DefaultSingletonBeanRegistry.java:234)
	at org.springframework.beans.factory.support.AbstractBeanFactory.doGetBean(AbstractBeanFactory.java:335)
	at org.springframework.beans.factory.support.AbstractBeanFactory.getBean(AbstractBeanFactory.java:200)
	at org.springframework.beans.factory.config.DependencyDescriptor.resolveCandidate(DependencyDescriptor.java:254)
	at org.springframework.beans.factory.support.DefaultListableBeanFactory.doResolveDependency(DefaultListableBeanFactory.java:1443)
	at org.springframework.beans.factory.support.DefaultListableBeanFactory.resolveDependency(DefaultListableBeanFactory.java:1353)
	at org.springframework.beans.factory.support.ConstructorResolver.resolveAutowiredArgument(ConstructorResolver.java:904)
	at org.springframework.beans.factory.support.ConstructorResolver.createArgumentArray(ConstructorResolver.java:782)
	... 19 common frames omitted
Caused by: org.springframework.beans.factory.UnsatisfiedDependencyException: Error creating bean with name 'documentRepository' defined in file [C:\Workspace_IP\document-managment\bin\main\com\banking\creditjourney\document\repository\DocumentRepository.class]: Unsatisfied dependency expressed through constructor parameter 0: Error creating bean with name 'flywayInitializer' defined in class path resource [org/springframework/boot/autoconfigure/flyway/FlywayAutoConfiguration$FlywayConfiguration.class]: Validate failed: Migrations have failed validation
Migration checksum mismatch for migration version 1
-> Applied to database : 1821550801
-> Resolved locally    : -1125197993
Either revert the changes to the migration, or run repair to update the schema history.
Need more flexibility with validation rules? Learn more: https://rd.gt/3AbJUZE
	at org.springframework.beans.factory.support.ConstructorResolver.createArgumentArray(ConstructorResolver.java:795)
	at org.springframework.beans.factory.support.ConstructorResolver.autowireConstructor(ConstructorResolver.java:237)
	at org.springframework.beans.factory.support.AbstractAutowireCapableBeanFactory.autowireConstructor(AbstractAutowireCapableBeanFactory.java:1357)
	at org.springframework.beans.factory.support.AbstractAutowireCapableBeanFactory.createBeanInstance(AbstractAutowireCapableBeanFactory.java:1194)
	at org.springframework.beans.factory.support.AbstractAutowireCapableBeanFactory.doCreateBean(AbstractAutowireCapableBeanFactory.java:562)
	at org.springframework.beans.factory.support.AbstractAutowireCapableBeanFactory.createBean(AbstractAutowireCapableBeanFactory.java:522)
	at org.springframework.beans.factory.support.AbstractBeanFactory.lambda$doGetBean$0(AbstractBeanFactory.java:337)
	at org.springframework.beans.factory.support.DefaultSingletonBeanRegistry.getSingleton(DefaultSingletonBeanRegistry.java:234)
	at org.springframework.beans.factory.support.AbstractBeanFactory.doGetBean(AbstractBeanFactory.java:335)
	at org.springframework.beans.factory.support.AbstractBeanFactory.getBean(AbstractBeanFactory.java:200)
	at org.springframework.beans.factory.config.DependencyDescriptor.resolveCandidate(DependencyDescriptor.java:254)
	at org.springframework.beans.factory.support.DefaultListableBeanFactory.doResolveDependency(DefaultListableBeanFactory.java:1443)
	at org.springframework.beans.factory.support.DefaultListableBeanFactory.resolveDependency(DefaultListableBeanFactory.java:1353)
	at org.springframework.beans.factory.support.ConstructorResolver.resolveAutowiredArgument(ConstructorResolver.java:904)
	at org.springframework.beans.factory.support.ConstructorResolver.createArgumentArray(ConstructorResolver.java:782)
	... 33 common frames omitted
Caused by: org.springframework.beans.factory.BeanCreationException: Error creating bean with name 'flywayInitializer' defined in class path resource [org/springframework/boot/autoconfigure/flyway/FlywayAutoConfiguration$FlywayConfiguration.class]: Validate failed: Migrations have failed validation
Migration checksum mismatch for migration version 1
-> Applied to database : 1821550801
-> Resolved locally    : -1125197993
Either revert the changes to the migration, or run repair to update the schema history.
Need more flexibility with validation rules? Learn more: https://rd.gt/3AbJUZE
	at org.springframework.beans.factory.support.AbstractAutowireCapableBeanFactory.initializeBean(AbstractAutowireCapableBeanFactory.java:1788)
	at org.springframework.beans.factory.support.AbstractAutowireCapableBeanFactory.doCreateBean(AbstractAutowireCapableBeanFactory.java:600)
	at org.springframework.beans.factory.support.AbstractAutowireCapableBeanFactory.createBean(AbstractAutowireCapableBeanFactory.java:522)
	at org.springframework.beans.factory.support.AbstractBeanFactory.lambda$doGetBean$0(AbstractBeanFactory.java:337)
	at org.springframework.beans.factory.support.DefaultSingletonBeanRegistry.getSingleton(DefaultSingletonBeanRegistry.java:234)
	at org.springframework.beans.factory.support.AbstractBeanFactory.doGetBean(AbstractBeanFactory.java:335)
	at org.springframework.beans.factory.support.AbstractBeanFactory.getBean(AbstractBeanFactory.java:200)
	at org.springframework.beans.factory.support.AbstractBeanFactory.doGetBean(AbstractBeanFactory.java:313)
	at org.springframework.beans.factory.support.AbstractBeanFactory.getBean(AbstractBeanFactory.java:200)
	at org.springframework.beans.factory.config.DependencyDescriptor.resolveCandidate(DependencyDescriptor.java:254)
	at org.springframework.beans.factory.support.DefaultListableBeanFactory.doResolveDependency(DefaultListableBeanFactory.java:1443)
	at org.springframework.beans.factory.support.DefaultListableBeanFactory.resolveDependency(DefaultListableBeanFactory.java:1353)
	at org.springframework.beans.factory.support.ConstructorResolver.resolveAutowiredArgument(ConstructorResolver.java:904)
	at org.springframework.beans.factory.support.ConstructorResolver.createArgumentArray(ConstructorResolver.java:782)
	... 47 common frames omitted
Caused by: org.flywaydb.core.api.exception.FlywayValidateException: Validate failed: Migrations have failed validation
Migration checksum mismatch for migration version 1
-> Applied to database : 1821550801
-> Resolved locally    : -1125197993
Either revert the changes to the migration, or run repair to update the schema history.
Need more flexibility with validation rules? Learn more: https://rd.gt/3AbJUZE
	at org.flywaydb.core.Flyway.lambda$migrate$0(Flyway.java:160)
	at org.flywaydb.core.FlywayExecutor.execute(FlywayExecutor.java:205)
	at org.flywaydb.core.Flyway.migrate(Flyway.java:147)
	at org.springframework.boot.autoconfigure.flyway.FlywayMigrationInitializer.afterPropertiesSet(FlywayMigrationInitializer.java:66)
	at org.springframework.beans.factory.support.AbstractAutowireCapableBeanFactory.invokeInitMethods(AbstractAutowireCapableBeanFactory.java:1835)
	at org.springframework.beans.factory.support.AbstractAutowireCapableBeanFactory.initializeBean(AbstractAutowireCapableBeanFactory.java:1784)
	... 60 common frames omitted
2026-02-02 20:42:42.123 [background-preinit] INFO  o.h.validator.internal.util.Version [] - HV000001: Hibernate Validator 8.0.1.Final
2026-02-02 20:42:42.241 [main] INFO  c.b.c.d.DocumentManagementApplication [] - Starting DocumentManagementApplication using Java 21.0.10 with PID 8472 (C:\Workspace_IP\document-managment\bin\main started by suyogita.shivare in C:\Workspace_IP\document-managment)
2026-02-02 20:42:42.243 [main] INFO  c.b.c.d.DocumentManagementApplication [] - No active profile set, falling back to 1 default profile: "default"
2026-02-02 20:42:44.895 [main] INFO  o.s.d.r.c.RepositoryConfigurationDelegate [] - Bootstrapping Spring Data JDBC repositories in DEFAULT mode.
2026-02-02 20:42:44.965 [main] INFO  o.s.d.r.c.RepositoryConfigurationDelegate [] - Finished Spring Data repository scanning in 50 ms. Found 0 JDBC repository interfaces.
2026-02-02 20:42:46.315 [main] INFO  o.s.b.w.e.tomcat.TomcatWebServer [] - Tomcat initialized with port 8080 (http)
2026-02-02 20:42:46.355 [main] INFO  o.a.coyote.http11.Http11NioProtocol [] - Initializing ProtocolHandler ["http-nio-8080"]
2026-02-02 20:42:46.364 [main] INFO  o.a.catalina.core.StandardService [] - Starting service [Tomcat]
2026-02-02 20:42:46.365 [main] INFO  o.a.catalina.core.StandardEngine [] - Starting Servlet engine: [Apache Tomcat/10.1.25]
2026-02-02 20:42:46.673 [main] INFO  o.a.c.c.C.[Tomcat].[localhost].[/] [] - Initializing Spring embedded WebApplicationContext
2026-02-02 20:42:46.674 [main] INFO  o.s.b.w.s.c.ServletWebServerApplicationContext [] - Root WebApplicationContext: initialization completed in 4297 ms
2026-02-02 20:42:46.994 [main] INFO  com.zaxxer.hikari.HikariDataSource [] - HikariPool-1 - Starting...
2026-02-02 20:42:47.811 [main] INFO  com.zaxxer.hikari.pool.HikariPool [] - HikariPool-1 - Added connection conn0: url=jdbc:h2:file:C:/Document_Management/h2/documentdb user=SA
2026-02-02 20:42:47.816 [main] INFO  com.zaxxer.hikari.HikariDataSource [] - HikariPool-1 - Start completed.
2026-02-02 20:42:47.856 [main] INFO  o.s.b.a.h.H2ConsoleAutoConfiguration [] - H2 console available at '/h2-console'. Database available at 'jdbc:h2:file:C:/Document_Management/h2/documentdb'
2026-02-02 20:42:48.498 [main] INFO  org.flywaydb.core.FlywayExecutor [] - Database: jdbc:h2:file:C:/Document_Management/h2/documentdb (H2 2.2)
2026-02-02 20:42:48.517 [main] WARN  o.f.c.i.database.base.Database [] - Flyway upgrade recommended: H2 2.2.224 is newer than this version of Flyway and support has not been tested. The latest supported version of H2 is 2.2.220.
2026-02-02 20:42:48.633 [main] WARN  o.s.b.w.s.c.AnnotationConfigServletWebServerApplicationContext [] - Exception encountered during context initialization - cancelling refresh attempt: org.springframework.beans.factory.UnsatisfiedDependencyException: Error creating bean with name 'documentController' defined in file [C:\Workspace_IP\document-managment\bin\main\com\banking\creditjourney\document\controller\DocumentController.class]: Unsatisfied dependency expressed through constructor parameter 0: Error creating bean with name 'documentServiceImpl' defined in file [C:\Workspace_IP\document-managment\bin\main\com\banking\creditjourney\document\service\DocumentServiceImpl.class]: Unsatisfied dependency expressed through constructor parameter 0: Error creating bean with name 'documentRepository' defined in file [C:\Workspace_IP\document-managment\bin\main\com\banking\creditjourney\document\repository\DocumentRepository.class]: Unsatisfied dependency expressed through constructor parameter 0: Error creating bean with name 'flywayInitializer' defined in class path resource [org/springframework/boot/autoconfigure/flyway/FlywayAutoConfiguration$FlywayConfiguration.class]: Validate failed: Migrations have failed validation
Migration checksum mismatch for migration version 1
-> Applied to database : 1821550801
-> Resolved locally    : -496888895
Either revert the changes to the migration, or run repair to update the schema history.
Need more flexibility with validation rules? Learn more: https://rd.gt/3AbJUZE
2026-02-02 20:42:48.634 [main] INFO  com.zaxxer.hikari.HikariDataSource [] - HikariPool-1 - Shutdown initiated...
2026-02-02 20:42:48.642 [main] INFO  com.zaxxer.hikari.HikariDataSource [] - HikariPool-1 - Shutdown completed.
2026-02-02 20:42:48.652 [main] INFO  o.a.catalina.core.StandardService [] - Stopping service [Tomcat]
2026-02-02 20:42:48.704 [main] INFO  o.s.b.a.l.ConditionEvaluationReportLogger [] - 

Error starting ApplicationContext. To display the condition evaluation report re-run your application with 'debug' enabled.
2026-02-02 20:42:48.772 [main] ERROR o.s.boot.SpringApplication [] - Application run failed
org.springframework.beans.factory.UnsatisfiedDependencyException: Error creating bean with name 'documentController' defined in file [C:\Workspace_IP\document-managment\bin\main\com\banking\creditjourney\document\controller\DocumentController.class]: Unsatisfied dependency expressed through constructor parameter 0: Error creating bean with name 'documentServiceImpl' defined in file [C:\Workspace_IP\document-managment\bin\main\com\banking\creditjourney\document\service\DocumentServiceImpl.class]: Unsatisfied dependency expressed through constructor parameter 0: Error creating bean with name 'documentRepository' defined in file [C:\Workspace_IP\document-managment\bin\main\com\banking\creditjourney\document\repository\DocumentRepository.class]: Unsatisfied dependency expressed through constructor parameter 0: Error creating bean with name 'flywayInitializer' defined in class path resource [org/springframework/boot/autoconfigure/flyway/FlywayAutoConfiguration$FlywayConfiguration.class]: Validate failed: Migrations have failed validation
Migration checksum mismatch for migration version 1
-> Applied to database : 1821550801
-> Resolved locally    : -496888895
Either revert the changes to the migration, or run repair to update the schema history.
Need more flexibility with validation rules? Learn more: https://rd.gt/3AbJUZE
	at org.springframework.beans.factory.support.ConstructorResolver.createArgumentArray(ConstructorResolver.java:795)
	at org.springframework.beans.factory.support.ConstructorResolver.autowireConstructor(ConstructorResolver.java:237)
	at org.springframework.beans.factory.support.AbstractAutowireCapableBeanFactory.autowireConstructor(AbstractAutowireCapableBeanFactory.java:1357)
	at org.springframework.beans.factory.support.AbstractAutowireCapableBeanFactory.createBeanInstance(AbstractAutowireCapableBeanFactory.java:1194)
	at org.springframework.beans.factory.support.AbstractAutowireCapableBeanFactory.doCreateBean(AbstractAutowireCapableBeanFactory.java:562)
	at org.springframework.beans.factory.support.AbstractAutowireCapableBeanFactory.createBean(AbstractAutowireCapableBeanFactory.java:522)
	at org.springframework.beans.factory.support.AbstractBeanFactory.lambda$doGetBean$0(AbstractBeanFactory.java:337)
	at org.springframework.beans.factory.support.DefaultSingletonBeanRegistry.getSingleton(DefaultSingletonBeanRegistry.java:234)
	at org.springframework.beans.factory.support.AbstractBeanFactory.doGetBean(AbstractBeanFactory.java:335)
	at org.springframework.beans.factory.support.AbstractBeanFactory.getBean(AbstractBeanFactory.java:200)
	at org.springframework.beans.factory.support.DefaultListableBeanFactory.preInstantiateSingletons(DefaultListableBeanFactory.java:975)
	at org.springframework.context.support.AbstractApplicationContext.finishBeanFactoryInitialization(AbstractApplicationContext.java:962)
	at org.springframework.context.support.AbstractApplicationContext.refresh(AbstractApplicationContext.java:624)
	at org.springframework.boot.web.servlet.context.ServletWebServerApplicationContext.refresh(ServletWebServerApplicationContext.java:146)
	at org.springframework.boot.SpringApplication.refresh(SpringApplication.java:754)
	at org.springframework.boot.SpringApplication.refreshContext(SpringApplication.java:456)
	at org.springframework.boot.SpringApplication.run(SpringApplication.java:335)
	at org.springframework.boot.SpringApplication.run(SpringApplication.java:1363)
	at org.springframework.boot.SpringApplication.run(SpringApplication.java:1352)
	at com.banking.creditjourney.document.DocumentManagementApplication.main(DocumentManagementApplication.java:11)
Caused by: org.springframework.beans.factory.UnsatisfiedDependencyException: Error creating bean with name 'documentServiceImpl' defined in file [C:\Workspace_IP\document-managment\bin\main\com\banking\creditjourney\document\service\DocumentServiceImpl.class]: Unsatisfied dependency expressed through constructor parameter 0: Error creating bean with name 'documentRepository' defined in file [C:\Workspace_IP\document-managment\bin\main\com\banking\creditjourney\document\repository\DocumentRepository.class]: Unsatisfied dependency expressed through constructor parameter 0: Error creating bean with name 'flywayInitializer' defined in class path resource [org/springframework/boot/autoconfigure/flyway/FlywayAutoConfiguration$FlywayConfiguration.class]: Validate failed: Migrations have failed validation
Migration checksum mismatch for migration version 1
-> Applied to database : 1821550801
-> Resolved locally    : -496888895
Either revert the changes to the migration, or run repair to update the schema history.
Need more flexibility with validation rules? Learn more: https://rd.gt/3AbJUZE
	at org.springframework.beans.factory.support.ConstructorResolver.createArgumentArray(ConstructorResolver.java:795)
	at org.springframework.beans.factory.support.ConstructorResolver.autowireConstructor(ConstructorResolver.java:237)
	at org.springframework.beans.factory.support.AbstractAutowireCapableBeanFactory.autowireConstructor(AbstractAutowireCapableBeanFactory.java:1357)
	at org.springframework.beans.factory.support.AbstractAutowireCapableBeanFactory.createBeanInstance(AbstractAutowireCapableBeanFactory.java:1194)
	at org.springframework.beans.factory.support.AbstractAutowireCapableBeanFactory.doCreateBean(AbstractAutowireCapableBeanFactory.java:562)
	at org.springframework.beans.factory.support.AbstractAutowireCapableBeanFactory.createBean(AbstractAutowireCapableBeanFactory.java:522)
	at org.springframework.beans.factory.support.AbstractBeanFactory.lambda$doGetBean$0(AbstractBeanFactory.java:337)
	at org.springframework.beans.factory.support.DefaultSingletonBeanRegistry.getSingleton(DefaultSingletonBeanRegistry.java:234)
	at org.springframework.beans.factory.support.AbstractBeanFactory.doGetBean(AbstractBeanFactory.java:335)
	at org.springframework.beans.factory.support.AbstractBeanFactory.getBean(AbstractBeanFactory.java:200)
	at org.springframework.beans.factory.config.DependencyDescriptor.resolveCandidate(DependencyDescriptor.java:254)
	at org.springframework.beans.factory.support.DefaultListableBeanFactory.doResolveDependency(DefaultListableBeanFactory.java:1443)
	at org.springframework.beans.factory.support.DefaultListableBeanFactory.resolveDependency(DefaultListableBeanFactory.java:1353)
	at org.springframework.beans.factory.support.ConstructorResolver.resolveAutowiredArgument(ConstructorResolver.java:904)
	at org.springframework.beans.factory.support.ConstructorResolver.createArgumentArray(ConstructorResolver.java:782)
	... 19 common frames omitted
Caused by: org.springframework.beans.factory.UnsatisfiedDependencyException: Error creating bean with name 'documentRepository' defined in file [C:\Workspace_IP\document-managment\bin\main\com\banking\creditjourney\document\repository\DocumentRepository.class]: Unsatisfied dependency expressed through constructor parameter 0: Error creating bean with name 'flywayInitializer' defined in class path resource [org/springframework/boot/autoconfigure/flyway/FlywayAutoConfiguration$FlywayConfiguration.class]: Validate failed: Migrations have failed validation
Migration checksum mismatch for migration version 1
-> Applied to database : 1821550801
-> Resolved locally    : -496888895
Either revert the changes to the migration, or run repair to update the schema history.
Need more flexibility with validation rules? Learn more: https://rd.gt/3AbJUZE
	at org.springframework.beans.factory.support.ConstructorResolver.createArgumentArray(ConstructorResolver.java:795)
	at org.springframework.beans.factory.support.ConstructorResolver.autowireConstructor(ConstructorResolver.java:237)
	at org.springframework.beans.factory.support.AbstractAutowireCapableBeanFactory.autowireConstructor(AbstractAutowireCapableBeanFactory.java:1357)
	at org.springframework.beans.factory.support.AbstractAutowireCapableBeanFactory.createBeanInstance(AbstractAutowireCapableBeanFactory.java:1194)
	at org.springframework.beans.factory.support.AbstractAutowireCapableBeanFactory.doCreateBean(AbstractAutowireCapableBeanFactory.java:562)
	at org.springframework.beans.factory.support.AbstractAutowireCapableBeanFactory.createBean(AbstractAutowireCapableBeanFactory.java:522)
	at org.springframework.beans.factory.support.AbstractBeanFactory.lambda$doGetBean$0(AbstractBeanFactory.java:337)
	at org.springframework.beans.factory.support.DefaultSingletonBeanRegistry.getSingleton(DefaultSingletonBeanRegistry.java:234)
	at org.springframework.beans.factory.support.AbstractBeanFactory.doGetBean(AbstractBeanFactory.java:335)
	at org.springframework.beans.factory.support.AbstractBeanFactory.getBean(AbstractBeanFactory.java:200)
	at org.springframework.beans.factory.config.DependencyDescriptor.resolveCandidate(DependencyDescriptor.java:254)
	at org.springframework.beans.factory.support.DefaultListableBeanFactory.doResolveDependency(DefaultListableBeanFactory.java:1443)
	at org.springframework.beans.factory.support.DefaultListableBeanFactory.resolveDependency(DefaultListableBeanFactory.java:1353)
	at org.springframework.beans.factory.support.ConstructorResolver.resolveAutowiredArgument(ConstructorResolver.java:904)
	at org.springframework.beans.factory.support.ConstructorResolver.createArgumentArray(ConstructorResolver.java:782)
	... 33 common frames omitted
Caused by: org.springframework.beans.factory.BeanCreationException: Error creating bean with name 'flywayInitializer' defined in class path resource [org/springframework/boot/autoconfigure/flyway/FlywayAutoConfiguration$FlywayConfiguration.class]: Validate failed: Migrations have failed validation
Migration checksum mismatch for migration version 1
-> Applied to database : 1821550801
-> Resolved locally    : -496888895
Either revert the changes to the migration, or run repair to update the schema history.
Need more flexibility with validation rules? Learn more: https://rd.gt/3AbJUZE
	at org.springframework.beans.factory.support.AbstractAutowireCapableBeanFactory.initializeBean(AbstractAutowireCapableBeanFactory.java:1788)
	at org.springframework.beans.factory.support.AbstractAutowireCapableBeanFactory.doCreateBean(AbstractAutowireCapableBeanFactory.java:600)
	at org.springframework.beans.factory.support.AbstractAutowireCapableBeanFactory.createBean(AbstractAutowireCapableBeanFactory.java:522)
	at org.springframework.beans.factory.support.AbstractBeanFactory.lambda$doGetBean$0(AbstractBeanFactory.java:337)
	at org.springframework.beans.factory.support.DefaultSingletonBeanRegistry.getSingleton(DefaultSingletonBeanRegistry.java:234)
	at org.springframework.beans.factory.support.AbstractBeanFactory.doGetBean(AbstractBeanFactory.java:335)
	at org.springframework.beans.factory.support.AbstractBeanFactory.getBean(AbstractBeanFactory.java:200)
	at org.springframework.beans.factory.support.AbstractBeanFactory.doGetBean(AbstractBeanFactory.java:313)
	at org.springframework.beans.factory.support.AbstractBeanFactory.getBean(AbstractBeanFactory.java:200)
	at org.springframework.beans.factory.config.DependencyDescriptor.resolveCandidate(DependencyDescriptor.java:254)
	at org.springframework.beans.factory.support.DefaultListableBeanFactory.doResolveDependency(DefaultListableBeanFactory.java:1443)
	at org.springframework.beans.factory.support.DefaultListableBeanFactory.resolveDependency(DefaultListableBeanFactory.java:1353)
	at org.springframework.beans.factory.support.ConstructorResolver.resolveAutowiredArgument(ConstructorResolver.java:904)
	at org.springframework.beans.factory.support.ConstructorResolver.createArgumentArray(ConstructorResolver.java:782)
	... 47 common frames omitted
Caused by: org.flywaydb.core.api.exception.FlywayValidateException: Validate failed: Migrations have failed validation
Migration checksum mismatch for migration version 1
-> Applied to database : 1821550801
-> Resolved locally    : -496888895
Either revert the changes to the migration, or run repair to update the schema history.
Need more flexibility with validation rules? Learn more: https://rd.gt/3AbJUZE
	at org.flywaydb.core.Flyway.lambda$migrate$0(Flyway.java:160)
	at org.flywaydb.core.FlywayExecutor.execute(FlywayExecutor.java:205)
	at org.flywaydb.core.Flyway.migrate(Flyway.java:147)
	at org.springframework.boot.autoconfigure.flyway.FlywayMigrationInitializer.afterPropertiesSet(FlywayMigrationInitializer.java:66)
	at org.springframework.beans.factory.support.AbstractAutowireCapableBeanFactory.invokeInitMethods(AbstractAutowireCapableBeanFactory.java:1835)
	at org.springframework.beans.factory.support.AbstractAutowireCapableBeanFactory.initializeBean(AbstractAutowireCapableBeanFactory.java:1784)
	... 60 common frames omitted
2026-02-02 20:44:34.201 [background-preinit] INFO  o.h.validator.internal.util.Version [] - HV000001: Hibernate Validator 8.0.1.Final
2026-02-02 20:44:34.333 [main] INFO  c.b.c.d.DocumentManagementApplication [] - Starting DocumentManagementApplication using Java 21.0.10 with PID 8220 (C:\Workspace_IP\document-managment\bin\main started by suyogita.shivare in C:\Workspace_IP\document-managment)
2026-02-02 20:44:34.335 [main] INFO  c.b.c.d.DocumentManagementApplication [] - No active profile set, falling back to 1 default profile: "default"
2026-02-02 20:44:37.800 [main] INFO  o.s.d.r.c.RepositoryConfigurationDelegate [] - Bootstrapping Spring Data JDBC repositories in DEFAULT mode.
2026-02-02 20:44:37.896 [main] INFO  o.s.d.r.c.RepositoryConfigurationDelegate [] - Finished Spring Data repository scanning in 81 ms. Found 0 JDBC repository interfaces.
2026-02-02 20:44:39.104 [main] INFO  o.s.b.w.e.tomcat.TomcatWebServer [] - Tomcat initialized with port 8080 (http)
2026-02-02 20:44:39.143 [main] INFO  o.a.coyote.http11.Http11NioProtocol [] - Initializing ProtocolHandler ["http-nio-8080"]
2026-02-02 20:44:39.154 [main] INFO  o.a.catalina.core.StandardService [] - Starting service [Tomcat]
2026-02-02 20:44:39.155 [main] INFO  o.a.catalina.core.StandardEngine [] - Starting Servlet engine: [Apache Tomcat/10.1.25]
2026-02-02 20:44:39.316 [main] INFO  o.a.c.c.C.[Tomcat].[localhost].[/] [] - Initializing Spring embedded WebApplicationContext
2026-02-02 20:44:39.316 [main] INFO  o.s.b.w.s.c.ServletWebServerApplicationContext [] - Root WebApplicationContext: initialization completed in 4809 ms
2026-02-02 20:44:39.532 [main] INFO  com.zaxxer.hikari.HikariDataSource [] - HikariPool-1 - Starting...
2026-02-02 20:44:40.147 [main] INFO  com.zaxxer.hikari.pool.HikariPool [] - HikariPool-1 - Added connection conn0: url=jdbc:h2:file:C:/Document_Management/h2/documentdb user=SA
2026-02-02 20:44:40.158 [main] INFO  com.zaxxer.hikari.HikariDataSource [] - HikariPool-1 - Start completed.
2026-02-02 20:44:40.201 [main] INFO  o.s.b.a.h.H2ConsoleAutoConfiguration [] - H2 console available at '/h2-console'. Database available at 'jdbc:h2:file:C:/Document_Management/h2/documentdb'
2026-02-02 20:44:40.820 [main] INFO  org.flywaydb.core.FlywayExecutor [] - Database: jdbc:h2:file:C:/Document_Management/h2/documentdb (H2 2.2)
2026-02-02 20:44:40.841 [main] WARN  o.f.c.i.database.base.Database [] - Flyway upgrade recommended: H2 2.2.224 is newer than this version of Flyway and support has not been tested. The latest supported version of H2 is 2.2.220.
2026-02-02 20:44:40.978 [main] WARN  o.s.b.w.s.c.AnnotationConfigServletWebServerApplicationContext [] - Exception encountered during context initialization - cancelling refresh attempt: org.springframework.beans.factory.UnsatisfiedDependencyException: Error creating bean with name 'documentController' defined in file [C:\Workspace_IP\document-managment\bin\main\com\banking\creditjourney\document\controller\DocumentController.class]: Unsatisfied dependency expressed through constructor parameter 0: Error creating bean with name 'documentServiceImpl' defined in file [C:\Workspace_IP\document-managment\bin\main\com\banking\creditjourney\document\service\DocumentServiceImpl.class]: Unsatisfied dependency expressed through constructor parameter 0: Error creating bean with name 'documentRepository' defined in file [C:\Workspace_IP\document-managment\bin\main\com\banking\creditjourney\document\repository\DocumentRepository.class]: Unsatisfied dependency expressed through constructor parameter 0: Error creating bean with name 'flywayInitializer' defined in class path resource [org/springframework/boot/autoconfigure/flyway/FlywayAutoConfiguration$FlywayConfiguration.class]: Validate failed: Migrations have failed validation
Migration checksum mismatch for migration version 1
-> Applied to database : 1821550801
-> Resolved locally    : -496888895
Either revert the changes to the migration, or run repair to update the schema history.
Need more flexibility with validation rules? Learn more: https://rd.gt/3AbJUZE
2026-02-02 20:44:40.979 [main] INFO  com.zaxxer.hikari.HikariDataSource [] - HikariPool-1 - Shutdown initiated...
2026-02-02 20:44:40.983 [main] INFO  com.zaxxer.hikari.HikariDataSource [] - HikariPool-1 - Shutdown completed.
2026-02-02 20:44:40.990 [main] INFO  o.a.catalina.core.StandardService [] - Stopping service [Tomcat]
2026-02-02 20:44:41.041 [main] INFO  o.s.b.a.l.ConditionEvaluationReportLogger [] - 

Error starting ApplicationContext. To display the condition evaluation report re-run your application with 'debug' enabled.
2026-02-02 20:44:41.094 [main] ERROR o.s.boot.SpringApplication [] - Application run failed
org.springframework.beans.factory.UnsatisfiedDependencyException: Error creating bean with name 'documentController' defined in file [C:\Workspace_IP\document-managment\bin\main\com\banking\creditjourney\document\controller\DocumentController.class]: Unsatisfied dependency expressed through constructor parameter 0: Error creating bean with name 'documentServiceImpl' defined in file [C:\Workspace_IP\document-managment\bin\main\com\banking\creditjourney\document\service\DocumentServiceImpl.class]: Unsatisfied dependency expressed through constructor parameter 0: Error creating bean with name 'documentRepository' defined in file [C:\Workspace_IP\document-managment\bin\main\com\banking\creditjourney\document\repository\DocumentRepository.class]: Unsatisfied dependency expressed through constructor parameter 0: Error creating bean with name 'flywayInitializer' defined in class path resource [org/springframework/boot/autoconfigure/flyway/FlywayAutoConfiguration$FlywayConfiguration.class]: Validate failed: Migrations have failed validation
Migration checksum mismatch for migration version 1
-> Applied to database : 1821550801
-> Resolved locally    : -496888895
Either revert the changes to the migration, or run repair to update the schema history.
Need more flexibility with validation rules? Learn more: https://rd.gt/3AbJUZE
	at org.springframework.beans.factory.support.ConstructorResolver.createArgumentArray(ConstructorResolver.java:795)
	at org.springframework.beans.factory.support.ConstructorResolver.autowireConstructor(ConstructorResolver.java:237)
	at org.springframework.beans.factory.support.AbstractAutowireCapableBeanFactory.autowireConstructor(AbstractAutowireCapableBeanFactory.java:1357)
	at org.springframework.beans.factory.support.AbstractAutowireCapableBeanFactory.createBeanInstance(AbstractAutowireCapableBeanFactory.java:1194)
	at org.springframework.beans.factory.support.AbstractAutowireCapableBeanFactory.doCreateBean(AbstractAutowireCapableBeanFactory.java:562)
	at org.springframework.beans.factory.support.AbstractAutowireCapableBeanFactory.createBean(AbstractAutowireCapableBeanFactory.java:522)
	at org.springframework.beans.factory.support.AbstractBeanFactory.lambda$doGetBean$0(AbstractBeanFactory.java:337)
	at org.springframework.beans.factory.support.DefaultSingletonBeanRegistry.getSingleton(DefaultSingletonBeanRegistry.java:234)
	at org.springframework.beans.factory.support.AbstractBeanFactory.doGetBean(AbstractBeanFactory.java:335)
	at org.springframework.beans.factory.support.AbstractBeanFactory.getBean(AbstractBeanFactory.java:200)
	at org.springframework.beans.factory.support.DefaultListableBeanFactory.preInstantiateSingletons(DefaultListableBeanFactory.java:975)
	at org.springframework.context.support.AbstractApplicationContext.finishBeanFactoryInitialization(AbstractApplicationContext.java:962)
	at org.springframework.context.support.AbstractApplicationContext.refresh(AbstractApplicationContext.java:624)
	at org.springframework.boot.web.servlet.context.ServletWebServerApplicationContext.refresh(ServletWebServerApplicationContext.java:146)
	at org.springframework.boot.SpringApplication.refresh(SpringApplication.java:754)
	at org.springframework.boot.SpringApplication.refreshContext(SpringApplication.java:456)
	at org.springframework.boot.SpringApplication.run(SpringApplication.java:335)
	at org.springframework.boot.SpringApplication.run(SpringApplication.java:1363)
	at org.springframework.boot.SpringApplication.run(SpringApplication.java:1352)
	at com.banking.creditjourney.document.DocumentManagementApplication.main(DocumentManagementApplication.java:11)
Caused by: org.springframework.beans.factory.UnsatisfiedDependencyException: Error creating bean with name 'documentServiceImpl' defined in file [C:\Workspace_IP\document-managment\bin\main\com\banking\creditjourney\document\service\DocumentServiceImpl.class]: Unsatisfied dependency expressed through constructor parameter 0: Error creating bean with name 'documentRepository' defined in file [C:\Workspace_IP\document-managment\bin\main\com\banking\creditjourney\document\repository\DocumentRepository.class]: Unsatisfied dependency expressed through constructor parameter 0: Error creating bean with name 'flywayInitializer' defined in class path resource [org/springframework/boot/autoconfigure/flyway/FlywayAutoConfiguration$FlywayConfiguration.class]: Validate failed: Migrations have failed validation
Migration checksum mismatch for migration version 1
-> Applied to database : 1821550801
-> Resolved locally    : -496888895
Either revert the changes to the migration, or run repair to update the schema history.
Need more flexibility with validation rules? Learn more: https://rd.gt/3AbJUZE
	at org.springframework.beans.factory.support.ConstructorResolver.createArgumentArray(ConstructorResolver.java:795)
	at org.springframework.beans.factory.support.ConstructorResolver.autowireConstructor(ConstructorResolver.java:237)
	at org.springframework.beans.factory.support.AbstractAutowireCapableBeanFactory.autowireConstructor(AbstractAutowireCapableBeanFactory.java:1357)
	at org.springframework.beans.factory.support.AbstractAutowireCapableBeanFactory.createBeanInstance(AbstractAutowireCapableBeanFactory.java:1194)
	at org.springframework.beans.factory.support.AbstractAutowireCapableBeanFactory.doCreateBean(AbstractAutowireCapableBeanFactory.java:562)
	at org.springframework.beans.factory.support.AbstractAutowireCapableBeanFactory.createBean(AbstractAutowireCapableBeanFactory.java:522)
	at org.springframework.beans.factory.support.AbstractBeanFactory.lambda$doGetBean$0(AbstractBeanFactory.java:337)
	at org.springframework.beans.factory.support.DefaultSingletonBeanRegistry.getSingleton(DefaultSingletonBeanRegistry.java:234)
	at org.springframework.beans.factory.support.AbstractBeanFactory.doGetBean(AbstractBeanFactory.java:335)
	at org.springframework.beans.factory.support.AbstractBeanFactory.getBean(AbstractBeanFactory.java:200)
	at org.springframework.beans.factory.config.DependencyDescriptor.resolveCandidate(DependencyDescriptor.java:254)
	at org.springframework.beans.factory.support.DefaultListableBeanFactory.doResolveDependency(DefaultListableBeanFactory.java:1443)
	at org.springframework.beans.factory.support.DefaultListableBeanFactory.resolveDependency(DefaultListableBeanFactory.java:1353)
	at org.springframework.beans.factory.support.ConstructorResolver.resolveAutowiredArgument(ConstructorResolver.java:904)
	at org.springframework.beans.factory.support.ConstructorResolver.createArgumentArray(ConstructorResolver.java:782)
	... 19 common frames omitted
Caused by: org.springframework.beans.factory.UnsatisfiedDependencyException: Error creating bean with name 'documentRepository' defined in file [C:\Workspace_IP\document-managment\bin\main\com\banking\creditjourney\document\repository\DocumentRepository.class]: Unsatisfied dependency expressed through constructor parameter 0: Error creating bean with name 'flywayInitializer' defined in class path resource [org/springframework/boot/autoconfigure/flyway/FlywayAutoConfiguration$FlywayConfiguration.class]: Validate failed: Migrations have failed validation
Migration checksum mismatch for migration version 1
-> Applied to database : 1821550801
-> Resolved locally    : -496888895
Either revert the changes to the migration, or run repair to update the schema history.
Need more flexibility with validation rules? Learn more: https://rd.gt/3AbJUZE
	at org.springframework.beans.factory.support.ConstructorResolver.createArgumentArray(ConstructorResolver.java:795)
	at org.springframework.beans.factory.support.ConstructorResolver.autowireConstructor(ConstructorResolver.java:237)
	at org.springframework.beans.factory.support.AbstractAutowireCapableBeanFactory.autowireConstructor(AbstractAutowireCapableBeanFactory.java:1357)
	at org.springframework.beans.factory.support.AbstractAutowireCapableBeanFactory.createBeanInstance(AbstractAutowireCapableBeanFactory.java:1194)
	at org.springframework.beans.factory.support.AbstractAutowireCapableBeanFactory.doCreateBean(AbstractAutowireCapableBeanFactory.java:562)
	at org.springframework.beans.factory.support.AbstractAutowireCapableBeanFactory.createBean(AbstractAutowireCapableBeanFactory.java:522)
	at org.springframework.beans.factory.support.AbstractBeanFactory.lambda$doGetBean$0(AbstractBeanFactory.java:337)
	at org.springframework.beans.factory.support.DefaultSingletonBeanRegistry.getSingleton(DefaultSingletonBeanRegistry.java:234)
	at org.springframework.beans.factory.support.AbstractBeanFactory.doGetBean(AbstractBeanFactory.java:335)
	at org.springframework.beans.factory.support.AbstractBeanFactory.getBean(AbstractBeanFactory.java:200)
	at org.springframework.beans.factory.config.DependencyDescriptor.resolveCandidate(DependencyDescriptor.java:254)
	at org.springframework.beans.factory.support.DefaultListableBeanFactory.doResolveDependency(DefaultListableBeanFactory.java:1443)
	at org.springframework.beans.factory.support.DefaultListableBeanFactory.resolveDependency(DefaultListableBeanFactory.java:1353)
	at org.springframework.beans.factory.support.ConstructorResolver.resolveAutowiredArgument(ConstructorResolver.java:904)
	at org.springframework.beans.factory.support.ConstructorResolver.createArgumentArray(ConstructorResolver.java:782)
	... 33 common frames omitted
Caused by: org.springframework.beans.factory.BeanCreationException: Error creating bean with name 'flywayInitializer' defined in class path resource [org/springframework/boot/autoconfigure/flyway/FlywayAutoConfiguration$FlywayConfiguration.class]: Validate failed: Migrations have failed validation
Migration checksum mismatch for migration version 1
-> Applied to database : 1821550801
-> Resolved locally    : -496888895
Either revert the changes to the migration, or run repair to update the schema history.
Need more flexibility with validation rules? Learn more: https://rd.gt/3AbJUZE
	at org.springframework.beans.factory.support.AbstractAutowireCapableBeanFactory.initializeBean(AbstractAutowireCapableBeanFactory.java:1788)
	at org.springframework.beans.factory.support.AbstractAutowireCapableBeanFactory.doCreateBean(AbstractAutowireCapableBeanFactory.java:600)
	at org.springframework.beans.factory.support.AbstractAutowireCapableBeanFactory.createBean(AbstractAutowireCapableBeanFactory.java:522)
	at org.springframework.beans.factory.support.AbstractBeanFactory.lambda$doGetBean$0(AbstractBeanFactory.java:337)
	at org.springframework.beans.factory.support.DefaultSingletonBeanRegistry.getSingleton(DefaultSingletonBeanRegistry.java:234)
	at org.springframework.beans.factory.support.AbstractBeanFactory.doGetBean(AbstractBeanFactory.java:335)
	at org.springframework.beans.factory.support.AbstractBeanFactory.getBean(AbstractBeanFactory.java:200)
	at org.springframework.beans.factory.support.AbstractBeanFactory.doGetBean(AbstractBeanFactory.java:313)
	at org.springframework.beans.factory.support.AbstractBeanFactory.getBean(AbstractBeanFactory.java:200)
	at org.springframework.beans.factory.config.DependencyDescriptor.resolveCandidate(DependencyDescriptor.java:254)
	at org.springframework.beans.factory.support.DefaultListableBeanFactory.doResolveDependency(DefaultListableBeanFactory.java:1443)
	at org.springframework.beans.factory.support.DefaultListableBeanFactory.resolveDependency(DefaultListableBeanFactory.java:1353)
	at org.springframework.beans.factory.support.ConstructorResolver.resolveAutowiredArgument(ConstructorResolver.java:904)
	at org.springframework.beans.factory.support.ConstructorResolver.createArgumentArray(ConstructorResolver.java:782)
	... 47 common frames omitted
Caused by: org.flywaydb.core.api.exception.FlywayValidateException: Validate failed: Migrations have failed validation
Migration checksum mismatch for migration version 1
-> Applied to database : 1821550801
-> Resolved locally    : -496888895
Either revert the changes to the migration, or run repair to update the schema history.
Need more flexibility with validation rules? Learn more: https://rd.gt/3AbJUZE
	at org.flywaydb.core.Flyway.lambda$migrate$0(Flyway.java:160)
	at org.flywaydb.core.FlywayExecutor.execute(FlywayExecutor.java:205)
	at org.flywaydb.core.Flyway.migrate(Flyway.java:147)
	at org.springframework.boot.autoconfigure.flyway.FlywayMigrationInitializer.afterPropertiesSet(FlywayMigrationInitializer.java:66)
	at org.springframework.beans.factory.support.AbstractAutowireCapableBeanFactory.invokeInitMethods(AbstractAutowireCapableBeanFactory.java:1835)
	at org.springframework.beans.factory.support.AbstractAutowireCapableBeanFactory.initializeBean(AbstractAutowireCapableBeanFactory.java:1784)
	... 60 common frames omitted
2026-02-02 20:48:08.235 [background-preinit] INFO  o.h.validator.internal.util.Version [] - HV000001: Hibernate Validator 8.0.1.Final
2026-02-02 20:48:08.358 [main] INFO  c.b.c.d.DocumentManagementApplication [] - Starting DocumentManagementApplication using Java 21.0.10 with PID 13180 (C:\Workspace_IP\document-managment\bin\main started by suyogita.shivare in C:\Workspace_IP\document-managment)
2026-02-02 20:48:08.360 [main] INFO  c.b.c.d.DocumentManagementApplication [] - No active profile set, falling back to 1 default profile: "default"
2026-02-02 20:48:11.102 [main] INFO  o.s.d.r.c.RepositoryConfigurationDelegate [] - Bootstrapping Spring Data JDBC repositories in DEFAULT mode.
2026-02-02 20:48:11.168 [main] INFO  o.s.d.r.c.RepositoryConfigurationDelegate [] - Finished Spring Data repository scanning in 49 ms. Found 0 JDBC repository interfaces.
2026-02-02 20:48:12.283 [main] INFO  o.s.b.w.e.tomcat.TomcatWebServer [] - Tomcat initialized with port 8080 (http)
2026-02-02 20:48:12.317 [main] INFO  o.a.coyote.http11.Http11NioProtocol [] - Initializing ProtocolHandler ["http-nio-8080"]
2026-02-02 20:48:12.323 [main] INFO  o.a.catalina.core.StandardService [] - Starting service [Tomcat]
2026-02-02 20:48:12.323 [main] INFO  o.a.catalina.core.StandardEngine [] - Starting Servlet engine: [Apache Tomcat/10.1.25]
2026-02-02 20:48:12.505 [main] INFO  o.a.c.c.C.[Tomcat].[localhost].[/] [] - Initializing Spring embedded WebApplicationContext
2026-02-02 20:48:12.505 [main] INFO  o.s.b.w.s.c.ServletWebServerApplicationContext [] - Root WebApplicationContext: initialization completed in 4018 ms
2026-02-02 20:48:12.716 [main] INFO  com.zaxxer.hikari.HikariDataSource [] - HikariPool-1 - Starting...
2026-02-02 20:48:13.359 [main] INFO  com.zaxxer.hikari.pool.HikariPool [] - HikariPool-1 - Added connection conn0: url=jdbc:h2:file:C:/Document_Management/h2/documentdb user=SA
2026-02-02 20:48:13.363 [main] INFO  com.zaxxer.hikari.HikariDataSource [] - HikariPool-1 - Start completed.
2026-02-02 20:48:13.398 [main] INFO  o.s.b.a.h.H2ConsoleAutoConfiguration [] - H2 console available at '/h2-console'. Database available at 'jdbc:h2:file:C:/Document_Management/h2/documentdb'
2026-02-02 20:48:14.055 [main] INFO  org.flywaydb.core.FlywayExecutor [] - Database: jdbc:h2:file:C:/Document_Management/h2/documentdb (H2 2.2)
2026-02-02 20:48:14.079 [main] WARN  o.f.c.i.database.base.Database [] - Flyway upgrade recommended: H2 2.2.224 is newer than this version of Flyway and support has not been tested. The latest supported version of H2 is 2.2.220.
2026-02-02 20:48:14.242 [main] WARN  o.s.b.w.s.c.AnnotationConfigServletWebServerApplicationContext [] - Exception encountered during context initialization - cancelling refresh attempt: org.springframework.beans.factory.UnsatisfiedDependencyException: Error creating bean with name 'documentController' defined in file [C:\Workspace_IP\document-managment\bin\main\com\banking\creditjourney\document\controller\DocumentController.class]: Unsatisfied dependency expressed through constructor parameter 0: Error creating bean with name 'documentServiceImpl' defined in file [C:\Workspace_IP\document-managment\bin\main\com\banking\creditjourney\document\service\DocumentServiceImpl.class]: Unsatisfied dependency expressed through constructor parameter 0: Error creating bean with name 'documentRepository' defined in file [C:\Workspace_IP\document-managment\bin\main\com\banking\creditjourney\document\repository\DocumentRepository.class]: Unsatisfied dependency expressed through constructor parameter 0: Error creating bean with name 'flywayInitializer' defined in class path resource [org/springframework/boot/autoconfigure/flyway/FlywayAutoConfiguration$FlywayConfiguration.class]: Validate failed: Migrations have failed validation
Migration checksum mismatch for migration version 1
-> Applied to database : 1821550801
-> Resolved locally    : -132893007
Either revert the changes to the migration, or run repair to update the schema history.
Need more flexibility with validation rules? Learn more: https://rd.gt/3AbJUZE
2026-02-02 20:48:14.244 [main] INFO  com.zaxxer.hikari.HikariDataSource [] - HikariPool-1 - Shutdown initiated...
2026-02-02 20:48:14.248 [main] INFO  com.zaxxer.hikari.HikariDataSource [] - HikariPool-1 - Shutdown completed.
2026-02-02 20:48:14.259 [main] INFO  o.a.catalina.core.StandardService [] - Stopping service [Tomcat]
2026-02-02 20:48:14.316 [main] INFO  o.s.b.a.l.ConditionEvaluationReportLogger [] - 

Error starting ApplicationContext. To display the condition evaluation report re-run your application with 'debug' enabled.
2026-02-02 20:48:14.418 [main] ERROR o.s.boot.SpringApplication [] - Application run failed
org.springframework.beans.factory.UnsatisfiedDependencyException: Error creating bean with name 'documentController' defined in file [C:\Workspace_IP\document-managment\bin\main\com\banking\creditjourney\document\controller\DocumentController.class]: Unsatisfied dependency expressed through constructor parameter 0: Error creating bean with name 'documentServiceImpl' defined in file [C:\Workspace_IP\document-managment\bin\main\com\banking\creditjourney\document\service\DocumentServiceImpl.class]: Unsatisfied dependency expressed through constructor parameter 0: Error creating bean with name 'documentRepository' defined in file [C:\Workspace_IP\document-managment\bin\main\com\banking\creditjourney\document\repository\DocumentRepository.class]: Unsatisfied dependency expressed through constructor parameter 0: Error creating bean with name 'flywayInitializer' defined in class path resource [org/springframework/boot/autoconfigure/flyway/FlywayAutoConfiguration$FlywayConfiguration.class]: Validate failed: Migrations have failed validation
Migration checksum mismatch for migration version 1
-> Applied to database : 1821550801
-> Resolved locally    : -132893007
Either revert the changes to the migration, or run repair to update the schema history.
Need more flexibility with validation rules? Learn more: https://rd.gt/3AbJUZE
	at org.springframework.beans.factory.support.ConstructorResolver.createArgumentArray(ConstructorResolver.java:795)
	at org.springframework.beans.factory.support.ConstructorResolver.autowireConstructor(ConstructorResolver.java:237)
	at org.springframework.beans.factory.support.AbstractAutowireCapableBeanFactory.autowireConstructor(AbstractAutowireCapableBeanFactory.java:1357)
	at org.springframework.beans.factory.support.AbstractAutowireCapableBeanFactory.createBeanInstance(AbstractAutowireCapableBeanFactory.java:1194)
	at org.springframework.beans.factory.support.AbstractAutowireCapableBeanFactory.doCreateBean(AbstractAutowireCapableBeanFactory.java:562)
	at org.springframework.beans.factory.support.AbstractAutowireCapableBeanFactory.createBean(AbstractAutowireCapableBeanFactory.java:522)
	at org.springframework.beans.factory.support.AbstractBeanFactory.lambda$doGetBean$0(AbstractBeanFactory.java:337)
	at org.springframework.beans.factory.support.DefaultSingletonBeanRegistry.getSingleton(DefaultSingletonBeanRegistry.java:234)
	at org.springframework.beans.factory.support.AbstractBeanFactory.doGetBean(AbstractBeanFactory.java:335)
	at org.springframework.beans.factory.support.AbstractBeanFactory.getBean(AbstractBeanFactory.java:200)
	at org.springframework.beans.factory.support.DefaultListableBeanFactory.preInstantiateSingletons(DefaultListableBeanFactory.java:975)
	at org.springframework.context.support.AbstractApplicationContext.finishBeanFactoryInitialization(AbstractApplicationContext.java:962)
	at org.springframework.context.support.AbstractApplicationContext.refresh(AbstractApplicationContext.java:624)
	at org.springframework.boot.web.servlet.context.ServletWebServerApplicationContext.refresh(ServletWebServerApplicationContext.java:146)
	at org.springframework.boot.SpringApplication.refresh(SpringApplication.java:754)
	at org.springframework.boot.SpringApplication.refreshContext(SpringApplication.java:456)
	at org.springframework.boot.SpringApplication.run(SpringApplication.java:335)
	at org.springframework.boot.SpringApplication.run(SpringApplication.java:1363)
	at org.springframework.boot.SpringApplication.run(SpringApplication.java:1352)
	at com.banking.creditjourney.document.DocumentManagementApplication.main(DocumentManagementApplication.java:11)
Caused by: org.springframework.beans.factory.UnsatisfiedDependencyException: Error creating bean with name 'documentServiceImpl' defined in file [C:\Workspace_IP\document-managment\bin\main\com\banking\creditjourney\document\service\DocumentServiceImpl.class]: Unsatisfied dependency expressed through constructor parameter 0: Error creating bean with name 'documentRepository' defined in file [C:\Workspace_IP\document-managment\bin\main\com\banking\creditjourney\document\repository\DocumentRepository.class]: Unsatisfied dependency expressed through constructor parameter 0: Error creating bean with name 'flywayInitializer' defined in class path resource [org/springframework/boot/autoconfigure/flyway/FlywayAutoConfiguration$FlywayConfiguration.class]: Validate failed: Migrations have failed validation
Migration checksum mismatch for migration version 1
-> Applied to database : 1821550801
-> Resolved locally    : -132893007
Either revert the changes to the migration, or run repair to update the schema history.
Need more flexibility with validation rules? Learn more: https://rd.gt/3AbJUZE
	at org.springframework.beans.factory.support.ConstructorResolver.createArgumentArray(ConstructorResolver.java:795)
	at org.springframework.beans.factory.support.ConstructorResolver.autowireConstructor(ConstructorResolver.java:237)
	at org.springframework.beans.factory.support.AbstractAutowireCapableBeanFactory.autowireConstructor(AbstractAutowireCapableBeanFactory.java:1357)
	at org.springframework.beans.factory.support.AbstractAutowireCapableBeanFactory.createBeanInstance(AbstractAutowireCapableBeanFactory.java:1194)
	at org.springframework.beans.factory.support.AbstractAutowireCapableBeanFactory.doCreateBean(AbstractAutowireCapableBeanFactory.java:562)
	at org.springframework.beans.factory.support.AbstractAutowireCapableBeanFactory.createBean(AbstractAutowireCapableBeanFactory.java:522)
	at org.springframework.beans.factory.support.AbstractBeanFactory.lambda$doGetBean$0(AbstractBeanFactory.java:337)
	at org.springframework.beans.factory.support.DefaultSingletonBeanRegistry.getSingleton(DefaultSingletonBeanRegistry.java:234)
	at org.springframework.beans.factory.support.AbstractBeanFactory.doGetBean(AbstractBeanFactory.java:335)
	at org.springframework.beans.factory.support.AbstractBeanFactory.getBean(AbstractBeanFactory.java:200)
	at org.springframework.beans.factory.config.DependencyDescriptor.resolveCandidate(DependencyDescriptor.java:254)
	at org.springframework.beans.factory.support.DefaultListableBeanFactory.doResolveDependency(DefaultListableBeanFactory.java:1443)
	at org.springframework.beans.factory.support.DefaultListableBeanFactory.resolveDependency(DefaultListableBeanFactory.java:1353)
	at org.springframework.beans.factory.support.ConstructorResolver.resolveAutowiredArgument(ConstructorResolver.java:904)
	at org.springframework.beans.factory.support.ConstructorResolver.createArgumentArray(ConstructorResolver.java:782)
	... 19 common frames omitted
Caused by: org.springframework.beans.factory.UnsatisfiedDependencyException: Error creating bean with name 'documentRepository' defined in file [C:\Workspace_IP\document-managment\bin\main\com\banking\creditjourney\document\repository\DocumentRepository.class]: Unsatisfied dependency expressed through constructor parameter 0: Error creating bean with name 'flywayInitializer' defined in class path resource [org/springframework/boot/autoconfigure/flyway/FlywayAutoConfiguration$FlywayConfiguration.class]: Validate failed: Migrations have failed validation
Migration checksum mismatch for migration version 1
-> Applied to database : 1821550801
-> Resolved locally    : -132893007
Either revert the changes to the migration, or run repair to update the schema history.
Need more flexibility with validation rules? Learn more: https://rd.gt/3AbJUZE
	at org.springframework.beans.factory.support.ConstructorResolver.createArgumentArray(ConstructorResolver.java:795)
	at org.springframework.beans.factory.support.ConstructorResolver.autowireConstructor(ConstructorResolver.java:237)
	at org.springframework.beans.factory.support.AbstractAutowireCapableBeanFactory.autowireConstructor(AbstractAutowireCapableBeanFactory.java:1357)
	at org.springframework.beans.factory.support.AbstractAutowireCapableBeanFactory.createBeanInstance(AbstractAutowireCapableBeanFactory.java:1194)
	at org.springframework.beans.factory.support.AbstractAutowireCapableBeanFactory.doCreateBean(AbstractAutowireCapableBeanFactory.java:562)
	at org.springframework.beans.factory.support.AbstractAutowireCapableBeanFactory.createBean(AbstractAutowireCapableBeanFactory.java:522)
	at org.springframework.beans.factory.support.AbstractBeanFactory.lambda$doGetBean$0(AbstractBeanFactory.java:337)
	at org.springframework.beans.factory.support.DefaultSingletonBeanRegistry.getSingleton(DefaultSingletonBeanRegistry.java:234)
	at org.springframework.beans.factory.support.AbstractBeanFactory.doGetBean(AbstractBeanFactory.java:335)
	at org.springframework.beans.factory.support.AbstractBeanFactory.getBean(AbstractBeanFactory.java:200)
	at org.springframework.beans.factory.config.DependencyDescriptor.resolveCandidate(DependencyDescriptor.java:254)
	at org.springframework.beans.factory.support.DefaultListableBeanFactory.doResolveDependency(DefaultListableBeanFactory.java:1443)
	at org.springframework.beans.factory.support.DefaultListableBeanFactory.resolveDependency(DefaultListableBeanFactory.java:1353)
	at org.springframework.beans.factory.support.ConstructorResolver.resolveAutowiredArgument(ConstructorResolver.java:904)
	at org.springframework.beans.factory.support.ConstructorResolver.createArgumentArray(ConstructorResolver.java:782)
	... 33 common frames omitted
Caused by: org.springframework.beans.factory.BeanCreationException: Error creating bean with name 'flywayInitializer' defined in class path resource [org/springframework/boot/autoconfigure/flyway/FlywayAutoConfiguration$FlywayConfiguration.class]: Validate failed: Migrations have failed validation
Migration checksum mismatch for migration version 1
-> Applied to database : 1821550801
-> Resolved locally    : -132893007
Either revert the changes to the migration, or run repair to update the schema history.
Need more flexibility with validation rules? Learn more: https://rd.gt/3AbJUZE
	at org.springframework.beans.factory.support.AbstractAutowireCapableBeanFactory.initializeBean(AbstractAutowireCapableBeanFactory.java:1788)
	at org.springframework.beans.factory.support.AbstractAutowireCapableBeanFactory.doCreateBean(AbstractAutowireCapableBeanFactory.java:600)
	at org.springframework.beans.factory.support.AbstractAutowireCapableBeanFactory.createBean(AbstractAutowireCapableBeanFactory.java:522)
	at org.springframework.beans.factory.support.AbstractBeanFactory.lambda$doGetBean$0(AbstractBeanFactory.java:337)
	at org.springframework.beans.factory.support.DefaultSingletonBeanRegistry.getSingleton(DefaultSingletonBeanRegistry.java:234)
	at org.springframework.beans.factory.support.AbstractBeanFactory.doGetBean(AbstractBeanFactory.java:335)
	at org.springframework.beans.factory.support.AbstractBeanFactory.getBean(AbstractBeanFactory.java:200)
	at org.springframework.beans.factory.support.AbstractBeanFactory.doGetBean(AbstractBeanFactory.java:313)
	at org.springframework.beans.factory.support.AbstractBeanFactory.getBean(AbstractBeanFactory.java:200)
	at org.springframework.beans.factory.config.DependencyDescriptor.resolveCandidate(DependencyDescriptor.java:254)
	at org.springframework.beans.factory.support.DefaultListableBeanFactory.doResolveDependency(DefaultListableBeanFactory.java:1443)
	at org.springframework.beans.factory.support.DefaultListableBeanFactory.resolveDependency(DefaultListableBeanFactory.java:1353)
	at org.springframework.beans.factory.support.ConstructorResolver.resolveAutowiredArgument(ConstructorResolver.java:904)
	at org.springframework.beans.factory.support.ConstructorResolver.createArgumentArray(ConstructorResolver.java:782)
	... 47 common frames omitted
Caused by: org.flywaydb.core.api.exception.FlywayValidateException: Validate failed: Migrations have failed validation
Migration checksum mismatch for migration version 1
-> Applied to database : 1821550801
-> Resolved locally    : -132893007
Either revert the changes to the migration, or run repair to update the schema history.
Need more flexibility with validation rules? Learn more: https://rd.gt/3AbJUZE
	at org.flywaydb.core.Flyway.lambda$migrate$0(Flyway.java:160)
	at org.flywaydb.core.FlywayExecutor.execute(FlywayExecutor.java:205)
	at org.flywaydb.core.Flyway.migrate(Flyway.java:147)
	at org.springframework.boot.autoconfigure.flyway.FlywayMigrationInitializer.afterPropertiesSet(FlywayMigrationInitializer.java:66)
	at org.springframework.beans.factory.support.AbstractAutowireCapableBeanFactory.invokeInitMethods(AbstractAutowireCapableBeanFactory.java:1835)
	at org.springframework.beans.factory.support.AbstractAutowireCapableBeanFactory.initializeBean(AbstractAutowireCapableBeanFactory.java:1784)
	... 60 common frames omitted
2026-02-02 20:51:06.224 [background-preinit] INFO  o.h.validator.internal.util.Version [] - HV000001: Hibernate Validator 8.0.1.Final
2026-02-02 20:51:06.329 [main] INFO  c.b.c.d.DocumentManagementApplication [] - Starting DocumentManagementApplication using Java 21.0.10 with PID 27580 (C:\Workspace_IP\document-managment\bin\main started by suyogita.shivare in C:\Workspace_IP\document-managment)
2026-02-02 20:51:06.331 [main] INFO  c.b.c.d.DocumentManagementApplication [] - No active profile set, falling back to 1 default profile: "default"
2026-02-02 20:51:09.084 [main] INFO  o.s.d.r.c.RepositoryConfigurationDelegate [] - Bootstrapping Spring Data JDBC repositories in DEFAULT mode.
2026-02-02 20:51:09.144 [main] INFO  o.s.d.r.c.RepositoryConfigurationDelegate [] - Finished Spring Data repository scanning in 44 ms. Found 0 JDBC repository interfaces.
2026-02-02 20:51:10.222 [main] INFO  o.s.b.w.e.tomcat.TomcatWebServer [] - Tomcat initialized with port 8080 (http)
2026-02-02 20:51:10.254 [main] INFO  o.a.coyote.http11.Http11NioProtocol [] - Initializing ProtocolHandler ["http-nio-8080"]
2026-02-02 20:51:10.260 [main] INFO  o.a.catalina.core.StandardService [] - Starting service [Tomcat]
2026-02-02 20:51:10.261 [main] INFO  o.a.catalina.core.StandardEngine [] - Starting Servlet engine: [Apache Tomcat/10.1.25]
2026-02-02 20:51:10.420 [main] INFO  o.a.c.c.C.[Tomcat].[localhost].[/] [] - Initializing Spring embedded WebApplicationContext
2026-02-02 20:51:10.421 [main] INFO  o.s.b.w.s.c.ServletWebServerApplicationContext [] - Root WebApplicationContext: initialization completed in 3960 ms
2026-02-02 20:51:10.630 [main] INFO  com.zaxxer.hikari.HikariDataSource [] - HikariPool-1 - Starting...
2026-02-02 20:51:11.288 [main] INFO  com.zaxxer.hikari.pool.HikariPool [] - HikariPool-1 - Added connection conn0: url=jdbc:h2:file:C:/Document_Management/h2/documentdb user=SA
2026-02-02 20:51:11.294 [main] INFO  com.zaxxer.hikari.HikariDataSource [] - HikariPool-1 - Start completed.
2026-02-02 20:51:11.325 [main] INFO  o.s.b.a.h.H2ConsoleAutoConfiguration [] - H2 console available at '/h2-console'. Database available at 'jdbc:h2:file:C:/Document_Management/h2/documentdb'
2026-02-02 20:51:11.972 [main] INFO  org.flywaydb.core.FlywayExecutor [] - Database: jdbc:h2:file:C:/Document_Management/h2/documentdb (H2 2.2)
2026-02-02 20:51:11.997 [main] WARN  o.f.c.i.database.base.Database [] - Flyway upgrade recommended: H2 2.2.224 is newer than this version of Flyway and support has not been tested. The latest supported version of H2 is 2.2.220.
2026-02-02 20:51:12.101 [main] WARN  o.s.b.w.s.c.AnnotationConfigServletWebServerApplicationContext [] - Exception encountered during context initialization - cancelling refresh attempt: org.springframework.beans.factory.UnsatisfiedDependencyException: Error creating bean with name 'documentController' defined in file [C:\Workspace_IP\document-managment\bin\main\com\banking\creditjourney\document\controller\DocumentController.class]: Unsatisfied dependency expressed through constructor parameter 0: Error creating bean with name 'documentServiceImpl' defined in file [C:\Workspace_IP\document-managment\bin\main\com\banking\creditjourney\document\service\DocumentServiceImpl.class]: Unsatisfied dependency expressed through constructor parameter 0: Error creating bean with name 'documentRepository' defined in file [C:\Workspace_IP\document-managment\bin\main\com\banking\creditjourney\document\repository\DocumentRepository.class]: Unsatisfied dependency expressed through constructor parameter 0: Error creating bean with name 'flywayInitializer' defined in class path resource [org/springframework/boot/autoconfigure/flyway/FlywayAutoConfiguration$FlywayConfiguration.class]: Validate failed: Migrations have failed validation
Migration checksum mismatch for migration version 1
-> Applied to database : 1821550801
-> Resolved locally    : 1452515451
Either revert the changes to the migration, or run repair to update the schema history.
Need more flexibility with validation rules? Learn more: https://rd.gt/3AbJUZE
2026-02-02 20:51:12.102 [main] INFO  com.zaxxer.hikari.HikariDataSource [] - HikariPool-1 - Shutdown initiated...
2026-02-02 20:51:12.106 [main] INFO  com.zaxxer.hikari.HikariDataSource [] - HikariPool-1 - Shutdown completed.
2026-02-02 20:51:12.115 [main] INFO  o.a.catalina.core.StandardService [] - Stopping service [Tomcat]
2026-02-02 20:51:12.155 [main] INFO  o.s.b.a.l.ConditionEvaluationReportLogger [] - 

Error starting ApplicationContext. To display the condition evaluation report re-run your application with 'debug' enabled.
2026-02-02 20:51:12.217 [main] ERROR o.s.boot.SpringApplication [] - Application run failed
org.springframework.beans.factory.UnsatisfiedDependencyException: Error creating bean with name 'documentController' defined in file [C:\Workspace_IP\document-managment\bin\main\com\banking\creditjourney\document\controller\DocumentController.class]: Unsatisfied dependency expressed through constructor parameter 0: Error creating bean with name 'documentServiceImpl' defined in file [C:\Workspace_IP\document-managment\bin\main\com\banking\creditjourney\document\service\DocumentServiceImpl.class]: Unsatisfied dependency expressed through constructor parameter 0: Error creating bean with name 'documentRepository' defined in file [C:\Workspace_IP\document-managment\bin\main\com\banking\creditjourney\document\repository\DocumentRepository.class]: Unsatisfied dependency expressed through constructor parameter 0: Error creating bean with name 'flywayInitializer' defined in class path resource [org/springframework/boot/autoconfigure/flyway/FlywayAutoConfiguration$FlywayConfiguration.class]: Validate failed: Migrations have failed validation
Migration checksum mismatch for migration version 1
-> Applied to database : 1821550801
-> Resolved locally    : 1452515451
Either revert the changes to the migration, or run repair to update the schema history.
Need more flexibility with validation rules? Learn more: https://rd.gt/3AbJUZE
	at org.springframework.beans.factory.support.ConstructorResolver.createArgumentArray(ConstructorResolver.java:795)
	at org.springframework.beans.factory.support.ConstructorResolver.autowireConstructor(ConstructorResolver.java:237)
	at org.springframework.beans.factory.support.AbstractAutowireCapableBeanFactory.autowireConstructor(AbstractAutowireCapableBeanFactory.java:1357)
	at org.springframework.beans.factory.support.AbstractAutowireCapableBeanFactory.createBeanInstance(AbstractAutowireCapableBeanFactory.java:1194)
	at org.springframework.beans.factory.support.AbstractAutowireCapableBeanFactory.doCreateBean(AbstractAutowireCapableBeanFactory.java:562)
	at org.springframework.beans.factory.support.AbstractAutowireCapableBeanFactory.createBean(AbstractAutowireCapableBeanFactory.java:522)
	at org.springframework.beans.factory.support.AbstractBeanFactory.lambda$doGetBean$0(AbstractBeanFactory.java:337)
	at org.springframework.beans.factory.support.DefaultSingletonBeanRegistry.getSingleton(DefaultSingletonBeanRegistry.java:234)
	at org.springframework.beans.factory.support.AbstractBeanFactory.doGetBean(AbstractBeanFactory.java:335)
	at org.springframework.beans.factory.support.AbstractBeanFactory.getBean(AbstractBeanFactory.java:200)
	at org.springframework.beans.factory.support.DefaultListableBeanFactory.preInstantiateSingletons(DefaultListableBeanFactory.java:975)
	at org.springframework.context.support.AbstractApplicationContext.finishBeanFactoryInitialization(AbstractApplicationContext.java:962)
	at org.springframework.context.support.AbstractApplicationContext.refresh(AbstractApplicationContext.java:624)
	at org.springframework.boot.web.servlet.context.ServletWebServerApplicationContext.refresh(ServletWebServerApplicationContext.java:146)
	at org.springframework.boot.SpringApplication.refresh(SpringApplication.java:754)
	at org.springframework.boot.SpringApplication.refreshContext(SpringApplication.java:456)
	at org.springframework.boot.SpringApplication.run(SpringApplication.java:335)
	at org.springframework.boot.SpringApplication.run(SpringApplication.java:1363)
	at org.springframework.boot.SpringApplication.run(SpringApplication.java:1352)
	at com.banking.creditjourney.document.DocumentManagementApplication.main(DocumentManagementApplication.java:11)
Caused by: org.springframework.beans.factory.UnsatisfiedDependencyException: Error creating bean with name 'documentServiceImpl' defined in file [C:\Workspace_IP\document-managment\bin\main\com\banking\creditjourney\document\service\DocumentServiceImpl.class]: Unsatisfied dependency expressed through constructor parameter 0: Error creating bean with name 'documentRepository' defined in file [C:\Workspace_IP\document-managment\bin\main\com\banking\creditjourney\document\repository\DocumentRepository.class]: Unsatisfied dependency expressed through constructor parameter 0: Error creating bean with name 'flywayInitializer' defined in class path resource [org/springframework/boot/autoconfigure/flyway/FlywayAutoConfiguration$FlywayConfiguration.class]: Validate failed: Migrations have failed validation
Migration checksum mismatch for migration version 1
-> Applied to database : 1821550801
-> Resolved locally    : 1452515451
Either revert the changes to the migration, or run repair to update the schema history.
Need more flexibility with validation rules? Learn more: https://rd.gt/3AbJUZE
	at org.springframework.beans.factory.support.ConstructorResolver.createArgumentArray(ConstructorResolver.java:795)
	at org.springframework.beans.factory.support.ConstructorResolver.autowireConstructor(ConstructorResolver.java:237)
	at org.springframework.beans.factory.support.AbstractAutowireCapableBeanFactory.autowireConstructor(AbstractAutowireCapableBeanFactory.java:1357)
	at org.springframework.beans.factory.support.AbstractAutowireCapableBeanFactory.createBeanInstance(AbstractAutowireCapableBeanFactory.java:1194)
	at org.springframework.beans.factory.support.AbstractAutowireCapableBeanFactory.doCreateBean(AbstractAutowireCapableBeanFactory.java:562)
	at org.springframework.beans.factory.support.AbstractAutowireCapableBeanFactory.createBean(AbstractAutowireCapableBeanFactory.java:522)
	at org.springframework.beans.factory.support.AbstractBeanFactory.lambda$doGetBean$0(AbstractBeanFactory.java:337)
	at org.springframework.beans.factory.support.DefaultSingletonBeanRegistry.getSingleton(DefaultSingletonBeanRegistry.java:234)
	at org.springframework.beans.factory.support.AbstractBeanFactory.doGetBean(AbstractBeanFactory.java:335)
	at org.springframework.beans.factory.support.AbstractBeanFactory.getBean(AbstractBeanFactory.java:200)
	at org.springframework.beans.factory.config.DependencyDescriptor.resolveCandidate(DependencyDescriptor.java:254)
	at org.springframework.beans.factory.support.DefaultListableBeanFactory.doResolveDependency(DefaultListableBeanFactory.java:1443)
	at org.springframework.beans.factory.support.DefaultListableBeanFactory.resolveDependency(DefaultListableBeanFactory.java:1353)
	at org.springframework.beans.factory.support.ConstructorResolver.resolveAutowiredArgument(ConstructorResolver.java:904)
	at org.springframework.beans.factory.support.ConstructorResolver.createArgumentArray(ConstructorResolver.java:782)
	... 19 common frames omitted
Caused by: org.springframework.beans.factory.UnsatisfiedDependencyException: Error creating bean with name 'documentRepository' defined in file [C:\Workspace_IP\document-managment\bin\main\com\banking\creditjourney\document\repository\DocumentRepository.class]: Unsatisfied dependency expressed through constructor parameter 0: Error creating bean with name 'flywayInitializer' defined in class path resource [org/springframework/boot/autoconfigure/flyway/FlywayAutoConfiguration$FlywayConfiguration.class]: Validate failed: Migrations have failed validation
Migration checksum mismatch for migration version 1
-> Applied to database : 1821550801
-> Resolved locally    : 1452515451
Either revert the changes to the migration, or run repair to update the schema history.
Need more flexibility with validation rules? Learn more: https://rd.gt/3AbJUZE
	at org.springframework.beans.factory.support.ConstructorResolver.createArgumentArray(ConstructorResolver.java:795)
	at org.springframework.beans.factory.support.ConstructorResolver.autowireConstructor(ConstructorResolver.java:237)
	at org.springframework.beans.factory.support.AbstractAutowireCapableBeanFactory.autowireConstructor(AbstractAutowireCapableBeanFactory.java:1357)
	at org.springframework.beans.factory.support.AbstractAutowireCapableBeanFactory.createBeanInstance(AbstractAutowireCapableBeanFactory.java:1194)
	at org.springframework.beans.factory.support.AbstractAutowireCapableBeanFactory.doCreateBean(AbstractAutowireCapableBeanFactory.java:562)
	at org.springframework.beans.factory.support.AbstractAutowireCapableBeanFactory.createBean(AbstractAutowireCapableBeanFactory.java:522)
	at org.springframework.beans.factory.support.AbstractBeanFactory.lambda$doGetBean$0(AbstractBeanFactory.java:337)
	at org.springframework.beans.factory.support.DefaultSingletonBeanRegistry.getSingleton(DefaultSingletonBeanRegistry.java:234)
	at org.springframework.beans.factory.support.AbstractBeanFactory.doGetBean(AbstractBeanFactory.java:335)
	at org.springframework.beans.factory.support.AbstractBeanFactory.getBean(AbstractBeanFactory.java:200)
	at org.springframework.beans.factory.config.DependencyDescriptor.resolveCandidate(DependencyDescriptor.java:254)
	at org.springframework.beans.factory.support.DefaultListableBeanFactory.doResolveDependency(DefaultListableBeanFactory.java:1443)
	at org.springframework.beans.factory.support.DefaultListableBeanFactory.resolveDependency(DefaultListableBeanFactory.java:1353)
	at org.springframework.beans.factory.support.ConstructorResolver.resolveAutowiredArgument(ConstructorResolver.java:904)
	at org.springframework.beans.factory.support.ConstructorResolver.createArgumentArray(ConstructorResolver.java:782)
	... 33 common frames omitted
Caused by: org.springframework.beans.factory.BeanCreationException: Error creating bean with name 'flywayInitializer' defined in class path resource [org/springframework/boot/autoconfigure/flyway/FlywayAutoConfiguration$FlywayConfiguration.class]: Validate failed: Migrations have failed validation
Migration checksum mismatch for migration version 1
-> Applied to database : 1821550801
-> Resolved locally    : 1452515451
Either revert the changes to the migration, or run repair to update the schema history.
Need more flexibility with validation rules? Learn more: https://rd.gt/3AbJUZE
	at org.springframework.beans.factory.support.AbstractAutowireCapableBeanFactory.initializeBean(AbstractAutowireCapableBeanFactory.java:1788)
	at org.springframework.beans.factory.support.AbstractAutowireCapableBeanFactory.doCreateBean(AbstractAutowireCapableBeanFactory.java:600)
	at org.springframework.beans.factory.support.AbstractAutowireCapableBeanFactory.createBean(AbstractAutowireCapableBeanFactory.java:522)
	at org.springframework.beans.factory.support.AbstractBeanFactory.lambda$doGetBean$0(AbstractBeanFactory.java:337)
	at org.springframework.beans.factory.support.DefaultSingletonBeanRegistry.getSingleton(DefaultSingletonBeanRegistry.java:234)
	at org.springframework.beans.factory.support.AbstractBeanFactory.doGetBean(AbstractBeanFactory.java:335)
	at org.springframework.beans.factory.support.AbstractBeanFactory.getBean(AbstractBeanFactory.java:200)
	at org.springframework.beans.factory.support.AbstractBeanFactory.doGetBean(AbstractBeanFactory.java:313)
	at org.springframework.beans.factory.support.AbstractBeanFactory.getBean(AbstractBeanFactory.java:200)
	at org.springframework.beans.factory.config.DependencyDescriptor.resolveCandidate(DependencyDescriptor.java:254)
	at org.springframework.beans.factory.support.DefaultListableBeanFactory.doResolveDependency(DefaultListableBeanFactory.java:1443)
	at org.springframework.beans.factory.support.DefaultListableBeanFactory.resolveDependency(DefaultListableBeanFactory.java:1353)
	at org.springframework.beans.factory.support.ConstructorResolver.resolveAutowiredArgument(ConstructorResolver.java:904)
	at org.springframework.beans.factory.support.ConstructorResolver.createArgumentArray(ConstructorResolver.java:782)
	... 47 common frames omitted
Caused by: org.flywaydb.core.api.exception.FlywayValidateException: Validate failed: Migrations have failed validation
Migration checksum mismatch for migration version 1
-> Applied to database : 1821550801
-> Resolved locally    : 1452515451
Either revert the changes to the migration, or run repair to update the schema history.
Need more flexibility with validation rules? Learn more: https://rd.gt/3AbJUZE
	at org.flywaydb.core.Flyway.lambda$migrate$0(Flyway.java:160)
	at org.flywaydb.core.FlywayExecutor.execute(FlywayExecutor.java:205)
	at org.flywaydb.core.Flyway.migrate(Flyway.java:147)
	at org.springframework.boot.autoconfigure.flyway.FlywayMigrationInitializer.afterPropertiesSet(FlywayMigrationInitializer.java:66)
	at org.springframework.beans.factory.support.AbstractAutowireCapableBeanFactory.invokeInitMethods(AbstractAutowireCapableBeanFactory.java:1835)
	at org.springframework.beans.factory.support.AbstractAutowireCapableBeanFactory.initializeBean(AbstractAutowireCapableBeanFactory.java:1784)
	... 60 common frames omitted
2026-02-02 20:54:35.414 [background-preinit] INFO  o.h.validator.internal.util.Version [] - HV000001: Hibernate Validator 8.0.1.Final
2026-02-02 20:54:35.550 [main] INFO  c.b.c.d.DocumentManagementApplication [] - Starting DocumentManagementApplication using Java 21.0.10 with PID 18832 (C:\Workspace_IP\document-managment\bin\main started by suyogita.shivare in C:\Workspace_IP\document-managment)
2026-02-02 20:54:35.552 [main] INFO  c.b.c.d.DocumentManagementApplication [] - No active profile set, falling back to 1 default profile: "default"
2026-02-02 20:54:39.667 [main] INFO  o.s.d.r.c.RepositoryConfigurationDelegate [] - Bootstrapping Spring Data JDBC repositories in DEFAULT mode.
2026-02-02 20:54:39.757 [main] INFO  o.s.d.r.c.RepositoryConfigurationDelegate [] - Finished Spring Data repository scanning in 71 ms. Found 0 JDBC repository interfaces.
2026-02-02 20:54:41.476 [main] INFO  o.s.b.w.e.tomcat.TomcatWebServer [] - Tomcat initialized with port 8080 (http)
2026-02-02 20:54:41.529 [main] INFO  o.a.coyote.http11.Http11NioProtocol [] - Initializing ProtocolHandler ["http-nio-8080"]
2026-02-02 20:54:41.545 [main] INFO  o.a.catalina.core.StandardService [] - Starting service [Tomcat]
2026-02-02 20:54:41.546 [main] INFO  o.a.catalina.core.StandardEngine [] - Starting Servlet engine: [Apache Tomcat/10.1.25]
2026-02-02 20:54:41.855 [main] INFO  o.a.c.c.C.[Tomcat].[localhost].[/] [] - Initializing Spring embedded WebApplicationContext
2026-02-02 20:54:41.857 [main] INFO  o.s.b.w.s.c.ServletWebServerApplicationContext [] - Root WebApplicationContext: initialization completed in 6155 ms
2026-02-02 20:54:42.156 [main] INFO  com.zaxxer.hikari.HikariDataSource [] - HikariPool-1 - Starting...
2026-02-02 20:54:42.977 [main] INFO  com.zaxxer.hikari.pool.HikariPool [] - HikariPool-1 - Added connection conn0: url=jdbc:h2:file:C:/Document_Management/h2/documentdb user=SA
2026-02-02 20:54:42.986 [main] INFO  com.zaxxer.hikari.HikariDataSource [] - HikariPool-1 - Start completed.
2026-02-02 20:54:43.061 [main] INFO  o.s.b.a.h.H2ConsoleAutoConfiguration [] - H2 console available at '/h2-console'. Database available at 'jdbc:h2:file:C:/Document_Management/h2/documentdb'
2026-02-02 20:54:43.844 [main] INFO  org.flywaydb.core.FlywayExecutor [] - Database: jdbc:h2:file:C:/Document_Management/h2/documentdb (H2 2.2)
2026-02-02 20:54:43.867 [main] WARN  o.f.c.i.database.base.Database [] - Flyway upgrade recommended: H2 2.2.224 is newer than this version of Flyway and support has not been tested. The latest supported version of H2 is 2.2.220.
2026-02-02 20:54:43.970 [main] WARN  o.s.b.w.s.c.AnnotationConfigServletWebServerApplicationContext [] - Exception encountered during context initialization - cancelling refresh attempt: org.springframework.beans.factory.UnsatisfiedDependencyException: Error creating bean with name 'documentController' defined in file [C:\Workspace_IP\document-managment\bin\main\com\banking\creditjourney\document\controller\DocumentController.class]: Unsatisfied dependency expressed through constructor parameter 0: Error creating bean with name 'documentServiceImpl' defined in file [C:\Workspace_IP\document-managment\bin\main\com\banking\creditjourney\document\service\DocumentServiceImpl.class]: Unsatisfied dependency expressed through constructor parameter 0: Error creating bean with name 'documentRepository' defined in file [C:\Workspace_IP\document-managment\bin\main\com\banking\creditjourney\document\repository\DocumentRepository.class]: Unsatisfied dependency expressed through constructor parameter 0: Error creating bean with name 'flywayInitializer' defined in class path resource [org/springframework/boot/autoconfigure/flyway/FlywayAutoConfiguration$FlywayConfiguration.class]: Validate failed: Migrations have failed validation
Migration checksum mismatch for migration version 1
-> Applied to database : 1821550801
-> Resolved locally    : 1452515451
Either revert the changes to the migration, or run repair to update the schema history.
Need more flexibility with validation rules? Learn more: https://rd.gt/3AbJUZE
2026-02-02 20:54:43.973 [main] INFO  com.zaxxer.hikari.HikariDataSource [] - HikariPool-1 - Shutdown initiated...
2026-02-02 20:54:43.980 [main] INFO  com.zaxxer.hikari.HikariDataSource [] - HikariPool-1 - Shutdown completed.
2026-02-02 20:54:43.990 [main] INFO  o.a.catalina.core.StandardService [] - Stopping service [Tomcat]
2026-02-02 20:54:44.034 [main] INFO  o.s.b.a.l.ConditionEvaluationReportLogger [] - 

Error starting ApplicationContext. To display the condition evaluation report re-run your application with 'debug' enabled.
2026-02-02 20:54:44.104 [main] ERROR o.s.boot.SpringApplication [] - Application run failed
org.springframework.beans.factory.UnsatisfiedDependencyException: Error creating bean with name 'documentController' defined in file [C:\Workspace_IP\document-managment\bin\main\com\banking\creditjourney\document\controller\DocumentController.class]: Unsatisfied dependency expressed through constructor parameter 0: Error creating bean with name 'documentServiceImpl' defined in file [C:\Workspace_IP\document-managment\bin\main\com\banking\creditjourney\document\service\DocumentServiceImpl.class]: Unsatisfied dependency expressed through constructor parameter 0: Error creating bean with name 'documentRepository' defined in file [C:\Workspace_IP\document-managment\bin\main\com\banking\creditjourney\document\repository\DocumentRepository.class]: Unsatisfied dependency expressed through constructor parameter 0: Error creating bean with name 'flywayInitializer' defined in class path resource [org/springframework/boot/autoconfigure/flyway/FlywayAutoConfiguration$FlywayConfiguration.class]: Validate failed: Migrations have failed validation
Migration checksum mismatch for migration version 1
-> Applied to database : 1821550801
-> Resolved locally    : 1452515451
Either revert the changes to the migration, or run repair to update the schema history.
Need more flexibility with validation rules? Learn more: https://rd.gt/3AbJUZE
	at org.springframework.beans.factory.support.ConstructorResolver.createArgumentArray(ConstructorResolver.java:795)
	at org.springframework.beans.factory.support.ConstructorResolver.autowireConstructor(ConstructorResolver.java:237)
	at org.springframework.beans.factory.support.AbstractAutowireCapableBeanFactory.autowireConstructor(AbstractAutowireCapableBeanFactory.java:1357)
	at org.springframework.beans.factory.support.AbstractAutowireCapableBeanFactory.createBeanInstance(AbstractAutowireCapableBeanFactory.java:1194)
	at org.springframework.beans.factory.support.AbstractAutowireCapableBeanFactory.doCreateBean(AbstractAutowireCapableBeanFactory.java:562)
	at org.springframework.beans.factory.support.AbstractAutowireCapableBeanFactory.createBean(AbstractAutowireCapableBeanFactory.java:522)
	at org.springframework.beans.factory.support.AbstractBeanFactory.lambda$doGetBean$0(AbstractBeanFactory.java:337)
	at org.springframework.beans.factory.support.DefaultSingletonBeanRegistry.getSingleton(DefaultSingletonBeanRegistry.java:234)
	at org.springframework.beans.factory.support.AbstractBeanFactory.doGetBean(AbstractBeanFactory.java:335)
	at org.springframework.beans.factory.support.AbstractBeanFactory.getBean(AbstractBeanFactory.java:200)
	at org.springframework.beans.factory.support.DefaultListableBeanFactory.preInstantiateSingletons(DefaultListableBeanFactory.java:975)
	at org.springframework.context.support.AbstractApplicationContext.finishBeanFactoryInitialization(AbstractApplicationContext.java:962)
	at org.springframework.context.support.AbstractApplicationContext.refresh(AbstractApplicationContext.java:624)
	at org.springframework.boot.web.servlet.context.ServletWebServerApplicationContext.refresh(ServletWebServerApplicationContext.java:146)
	at org.springframework.boot.SpringApplication.refresh(SpringApplication.java:754)
	at org.springframework.boot.SpringApplication.refreshContext(SpringApplication.java:456)
	at org.springframework.boot.SpringApplication.run(SpringApplication.java:335)
	at org.springframework.boot.SpringApplication.run(SpringApplication.java:1363)
	at org.springframework.boot.SpringApplication.run(SpringApplication.java:1352)
	at com.banking.creditjourney.document.DocumentManagementApplication.main(DocumentManagementApplication.java:11)
Caused by: org.springframework.beans.factory.UnsatisfiedDependencyException: Error creating bean with name 'documentServiceImpl' defined in file [C:\Workspace_IP\document-managment\bin\main\com\banking\creditjourney\document\service\DocumentServiceImpl.class]: Unsatisfied dependency expressed through constructor parameter 0: Error creating bean with name 'documentRepository' defined in file [C:\Workspace_IP\document-managment\bin\main\com\banking\creditjourney\document\repository\DocumentRepository.class]: Unsatisfied dependency expressed through constructor parameter 0: Error creating bean with name 'flywayInitializer' defined in class path resource [org/springframework/boot/autoconfigure/flyway/FlywayAutoConfiguration$FlywayConfiguration.class]: Validate failed: Migrations have failed validation
Migration checksum mismatch for migration version 1
-> Applied to database : 1821550801
-> Resolved locally    : 1452515451
Either revert the changes to the migration, or run repair to update the schema history.
Need more flexibility with validation rules? Learn more: https://rd.gt/3AbJUZE
	at org.springframework.beans.factory.support.ConstructorResolver.createArgumentArray(ConstructorResolver.java:795)
	at org.springframework.beans.factory.support.ConstructorResolver.autowireConstructor(ConstructorResolver.java:237)
	at org.springframework.beans.factory.support.AbstractAutowireCapableBeanFactory.autowireConstructor(AbstractAutowireCapableBeanFactory.java:1357)
	at org.springframework.beans.factory.support.AbstractAutowireCapableBeanFactory.createBeanInstance(AbstractAutowireCapableBeanFactory.java:1194)
	at org.springframework.beans.factory.support.AbstractAutowireCapableBeanFactory.doCreateBean(AbstractAutowireCapableBeanFactory.java:562)
	at org.springframework.beans.factory.support.AbstractAutowireCapableBeanFactory.createBean(AbstractAutowireCapableBeanFactory.java:522)
	at org.springframework.beans.factory.support.AbstractBeanFactory.lambda$doGetBean$0(AbstractBeanFactory.java:337)
	at org.springframework.beans.factory.support.DefaultSingletonBeanRegistry.getSingleton(DefaultSingletonBeanRegistry.java:234)
	at org.springframework.beans.factory.support.AbstractBeanFactory.doGetBean(AbstractBeanFactory.java:335)
	at org.springframework.beans.factory.support.AbstractBeanFactory.getBean(AbstractBeanFactory.java:200)
	at org.springframework.beans.factory.config.DependencyDescriptor.resolveCandidate(DependencyDescriptor.java:254)
	at org.springframework.beans.factory.support.DefaultListableBeanFactory.doResolveDependency(DefaultListableBeanFactory.java:1443)
	at org.springframework.beans.factory.support.DefaultListableBeanFactory.resolveDependency(DefaultListableBeanFactory.java:1353)
	at org.springframework.beans.factory.support.ConstructorResolver.resolveAutowiredArgument(ConstructorResolver.java:904)
	at org.springframework.beans.factory.support.ConstructorResolver.createArgumentArray(ConstructorResolver.java:782)
	... 19 common frames omitted
Caused by: org.springframework.beans.factory.UnsatisfiedDependencyException: Error creating bean with name 'documentRepository' defined in file [C:\Workspace_IP\document-managment\bin\main\com\banking\creditjourney\document\repository\DocumentRepository.class]: Unsatisfied dependency expressed through constructor parameter 0: Error creating bean with name 'flywayInitializer' defined in class path resource [org/springframework/boot/autoconfigure/flyway/FlywayAutoConfiguration$FlywayConfiguration.class]: Validate failed: Migrations have failed validation
Migration checksum mismatch for migration version 1
-> Applied to database : 1821550801
-> Resolved locally    : 1452515451
Either revert the changes to the migration, or run repair to update the schema history.
Need more flexibility with validation rules? Learn more: https://rd.gt/3AbJUZE
	at org.springframework.beans.factory.support.ConstructorResolver.createArgumentArray(ConstructorResolver.java:795)
	at org.springframework.beans.factory.support.ConstructorResolver.autowireConstructor(ConstructorResolver.java:237)
	at org.springframework.beans.factory.support.AbstractAutowireCapableBeanFactory.autowireConstructor(AbstractAutowireCapableBeanFactory.java:1357)
	at org.springframework.beans.factory.support.AbstractAutowireCapableBeanFactory.createBeanInstance(AbstractAutowireCapableBeanFactory.java:1194)
	at org.springframework.beans.factory.support.AbstractAutowireCapableBeanFactory.doCreateBean(AbstractAutowireCapableBeanFactory.java:562)
	at org.springframework.beans.factory.support.AbstractAutowireCapableBeanFactory.createBean(AbstractAutowireCapableBeanFactory.java:522)
	at org.springframework.beans.factory.support.AbstractBeanFactory.lambda$doGetBean$0(AbstractBeanFactory.java:337)
	at org.springframework.beans.factory.support.DefaultSingletonBeanRegistry.getSingleton(DefaultSingletonBeanRegistry.java:234)
	at org.springframework.beans.factory.support.AbstractBeanFactory.doGetBean(AbstractBeanFactory.java:335)
	at org.springframework.beans.factory.support.AbstractBeanFactory.getBean(AbstractBeanFactory.java:200)
	at org.springframework.beans.factory.config.DependencyDescriptor.resolveCandidate(DependencyDescriptor.java:254)
	at org.springframework.beans.factory.support.DefaultListableBeanFactory.doResolveDependency(DefaultListableBeanFactory.java:1443)
	at org.springframework.beans.factory.support.DefaultListableBeanFactory.resolveDependency(DefaultListableBeanFactory.java:1353)
	at org.springframework.beans.factory.support.ConstructorResolver.resolveAutowiredArgument(ConstructorResolver.java:904)
	at org.springframework.beans.factory.support.ConstructorResolver.createArgumentArray(ConstructorResolver.java:782)
	... 33 common frames omitted
Caused by: org.springframework.beans.factory.BeanCreationException: Error creating bean with name 'flywayInitializer' defined in class path resource [org/springframework/boot/autoconfigure/flyway/FlywayAutoConfiguration$FlywayConfiguration.class]: Validate failed: Migrations have failed validation
Migration checksum mismatch for migration version 1
-> Applied to database : 1821550801
-> Resolved locally    : 1452515451
Either revert the changes to the migration, or run repair to update the schema history.
Need more flexibility with validation rules? Learn more: https://rd.gt/3AbJUZE
	at org.springframework.beans.factory.support.AbstractAutowireCapableBeanFactory.initializeBean(AbstractAutowireCapableBeanFactory.java:1788)
	at org.springframework.beans.factory.support.AbstractAutowireCapableBeanFactory.doCreateBean(AbstractAutowireCapableBeanFactory.java:600)
	at org.springframework.beans.factory.support.AbstractAutowireCapableBeanFactory.createBean(AbstractAutowireCapableBeanFactory.java:522)
	at org.springframework.beans.factory.support.AbstractBeanFactory.lambda$doGetBean$0(AbstractBeanFactory.java:337)
	at org.springframework.beans.factory.support.DefaultSingletonBeanRegistry.getSingleton(DefaultSingletonBeanRegistry.java:234)
	at org.springframework.beans.factory.support.AbstractBeanFactory.doGetBean(AbstractBeanFactory.java:335)
	at org.springframework.beans.factory.support.AbstractBeanFactory.getBean(AbstractBeanFactory.java:200)
	at org.springframework.beans.factory.support.AbstractBeanFactory.doGetBean(AbstractBeanFactory.java:313)
	at org.springframework.beans.factory.support.AbstractBeanFactory.getBean(AbstractBeanFactory.java:200)
	at org.springframework.beans.factory.config.DependencyDescriptor.resolveCandidate(DependencyDescriptor.java:254)
	at org.springframework.beans.factory.support.DefaultListableBeanFactory.doResolveDependency(DefaultListableBeanFactory.java:1443)
	at org.springframework.beans.factory.support.DefaultListableBeanFactory.resolveDependency(DefaultListableBeanFactory.java:1353)
	at org.springframework.beans.factory.support.ConstructorResolver.resolveAutowiredArgument(ConstructorResolver.java:904)
	at org.springframework.beans.factory.support.ConstructorResolver.createArgumentArray(ConstructorResolver.java:782)
	... 47 common frames omitted
Caused by: org.flywaydb.core.api.exception.FlywayValidateException: Validate failed: Migrations have failed validation
Migration checksum mismatch for migration version 1
-> Applied to database : 1821550801
-> Resolved locally    : 1452515451
Either revert the changes to the migration, or run repair to update the schema history.
Need more flexibility with validation rules? Learn more: https://rd.gt/3AbJUZE
	at org.flywaydb.core.Flyway.lambda$migrate$0(Flyway.java:160)
	at org.flywaydb.core.FlywayExecutor.execute(FlywayExecutor.java:205)
	at org.flywaydb.core.Flyway.migrate(Flyway.java:147)
	at org.springframework.boot.autoconfigure.flyway.FlywayMigrationInitializer.afterPropertiesSet(FlywayMigrationInitializer.java:66)
	at org.springframework.beans.factory.support.AbstractAutowireCapableBeanFactory.invokeInitMethods(AbstractAutowireCapableBeanFactory.java:1835)
	at org.springframework.beans.factory.support.AbstractAutowireCapableBeanFactory.initializeBean(AbstractAutowireCapableBeanFactory.java:1784)
	... 60 common frames omitted
2026-02-02 21:01:35.611 [background-preinit] INFO  o.h.validator.internal.util.Version [] - HV000001: Hibernate Validator 8.0.1.Final
2026-02-02 21:01:35.756 [main] INFO  c.b.c.d.DocumentManagementApplication [] - Starting DocumentManagementApplication using Java 21.0.10 with PID 12560 (C:\Workspace_IP\document-managment\bin\main started by suyogita.shivare in C:\Workspace_IP\document-managment)
2026-02-02 21:01:35.758 [main] INFO  c.b.c.d.DocumentManagementApplication [] - No active profile set, falling back to 1 default profile: "default"
2026-02-02 21:01:38.868 [main] INFO  o.s.d.r.c.RepositoryConfigurationDelegate [] - Bootstrapping Spring Data JDBC repositories in DEFAULT mode.
2026-02-02 21:01:38.941 [main] INFO  o.s.d.r.c.RepositoryConfigurationDelegate [] - Finished Spring Data repository scanning in 55 ms. Found 0 JDBC repository interfaces.
2026-02-02 21:01:40.095 [main] INFO  o.s.b.w.e.tomcat.TomcatWebServer [] - Tomcat initialized with port 8080 (http)
2026-02-02 21:01:40.134 [main] INFO  o.a.coyote.http11.Http11NioProtocol [] - Initializing ProtocolHandler ["http-nio-8080"]
2026-02-02 21:01:40.140 [main] INFO  o.a.catalina.core.StandardService [] - Starting service [Tomcat]
2026-02-02 21:01:40.141 [main] INFO  o.a.catalina.core.StandardEngine [] - Starting Servlet engine: [Apache Tomcat/10.1.25]
2026-02-02 21:01:40.317 [main] INFO  o.a.c.c.C.[Tomcat].[localhost].[/] [] - Initializing Spring embedded WebApplicationContext
2026-02-02 21:01:40.318 [main] INFO  o.s.b.w.s.c.ServletWebServerApplicationContext [] - Root WebApplicationContext: initialization completed in 4383 ms
2026-02-02 21:01:40.523 [main] INFO  com.zaxxer.hikari.HikariDataSource [] - HikariPool-1 - Starting...
2026-02-02 21:01:41.155 [main] INFO  com.zaxxer.hikari.pool.HikariPool [] - HikariPool-1 - Added connection conn0: url=jdbc:h2:file:C:/Document_Management/h2/documentdb user=SA
2026-02-02 21:01:41.159 [main] INFO  com.zaxxer.hikari.HikariDataSource [] - HikariPool-1 - Start completed.
2026-02-02 21:01:41.188 [main] INFO  o.s.b.a.h.H2ConsoleAutoConfiguration [] - H2 console available at '/h2-console'. Database available at 'jdbc:h2:file:C:/Document_Management/h2/documentdb'
2026-02-02 21:01:41.885 [main] INFO  org.flywaydb.core.FlywayExecutor [] - Database: jdbc:h2:file:C:/Document_Management/h2/documentdb (H2 2.2)
2026-02-02 21:01:41.901 [main] WARN  o.f.c.i.database.base.Database [] - Flyway upgrade recommended: H2 2.2.224 is newer than this version of Flyway and support has not been tested. The latest supported version of H2 is 2.2.220.
2026-02-02 21:01:42.033 [main] WARN  o.s.b.w.s.c.AnnotationConfigServletWebServerApplicationContext [] - Exception encountered during context initialization - cancelling refresh attempt: org.springframework.beans.factory.UnsatisfiedDependencyException: Error creating bean with name 'documentController' defined in file [C:\Workspace_IP\document-managment\bin\main\com\banking\creditjourney\document\controller\DocumentController.class]: Unsatisfied dependency expressed through constructor parameter 0: Error creating bean with name 'documentServiceImpl' defined in file [C:\Workspace_IP\document-managment\bin\main\com\banking\creditjourney\document\service\DocumentServiceImpl.class]: Unsatisfied dependency expressed through constructor parameter 0: Error creating bean with name 'documentRepository' defined in file [C:\Workspace_IP\document-managment\bin\main\com\banking\creditjourney\document\repository\DocumentRepository.class]: Unsatisfied dependency expressed through constructor parameter 0: Error creating bean with name 'flywayInitializer' defined in class path resource [org/springframework/boot/autoconfigure/flyway/FlywayAutoConfiguration$FlywayConfiguration.class]: Validate failed: Migrations have failed validation
Migration checksum mismatch for migration version 1
-> Applied to database : 1821550801
-> Resolved locally    : 1452515451
Either revert the changes to the migration, or run repair to update the schema history.
Need more flexibility with validation rules? Learn more: https://rd.gt/3AbJUZE
2026-02-02 21:01:42.035 [main] INFO  com.zaxxer.hikari.HikariDataSource [] - HikariPool-1 - Shutdown initiated...
2026-02-02 21:01:42.039 [main] INFO  com.zaxxer.hikari.HikariDataSource [] - HikariPool-1 - Shutdown completed.
2026-02-02 21:01:42.046 [main] INFO  o.a.catalina.core.StandardService [] - Stopping service [Tomcat]
2026-02-02 21:01:42.106 [main] INFO  o.s.b.a.l.ConditionEvaluationReportLogger [] - 

Error starting ApplicationContext. To display the condition evaluation report re-run your application with 'debug' enabled.
2026-02-02 21:01:42.169 [main] ERROR o.s.boot.SpringApplication [] - Application run failed
org.springframework.beans.factory.UnsatisfiedDependencyException: Error creating bean with name 'documentController' defined in file [C:\Workspace_IP\document-managment\bin\main\com\banking\creditjourney\document\controller\DocumentController.class]: Unsatisfied dependency expressed through constructor parameter 0: Error creating bean with name 'documentServiceImpl' defined in file [C:\Workspace_IP\document-managment\bin\main\com\banking\creditjourney\document\service\DocumentServiceImpl.class]: Unsatisfied dependency expressed through constructor parameter 0: Error creating bean with name 'documentRepository' defined in file [C:\Workspace_IP\document-managment\bin\main\com\banking\creditjourney\document\repository\DocumentRepository.class]: Unsatisfied dependency expressed through constructor parameter 0: Error creating bean with name 'flywayInitializer' defined in class path resource [org/springframework/boot/autoconfigure/flyway/FlywayAutoConfiguration$FlywayConfiguration.class]: Validate failed: Migrations have failed validation
Migration checksum mismatch for migration version 1
-> Applied to database : 1821550801
-> Resolved locally    : 1452515451
Either revert the changes to the migration, or run repair to update the schema history.
Need more flexibility with validation rules? Learn more: https://rd.gt/3AbJUZE
	at org.springframework.beans.factory.support.ConstructorResolver.createArgumentArray(ConstructorResolver.java:795)
	at org.springframework.beans.factory.support.ConstructorResolver.autowireConstructor(ConstructorResolver.java:237)
	at org.springframework.beans.factory.support.AbstractAutowireCapableBeanFactory.autowireConstructor(AbstractAutowireCapableBeanFactory.java:1357)
	at org.springframework.beans.factory.support.AbstractAutowireCapableBeanFactory.createBeanInstance(AbstractAutowireCapableBeanFactory.java:1194)
	at org.springframework.beans.factory.support.AbstractAutowireCapableBeanFactory.doCreateBean(AbstractAutowireCapableBeanFactory.java:562)
	at org.springframework.beans.factory.support.AbstractAutowireCapableBeanFactory.createBean(AbstractAutowireCapableBeanFactory.java:522)
	at org.springframework.beans.factory.support.AbstractBeanFactory.lambda$doGetBean$0(AbstractBeanFactory.java:337)
	at org.springframework.beans.factory.support.DefaultSingletonBeanRegistry.getSingleton(DefaultSingletonBeanRegistry.java:234)
	at org.springframework.beans.factory.support.AbstractBeanFactory.doGetBean(AbstractBeanFactory.java:335)
	at org.springframework.beans.factory.support.AbstractBeanFactory.getBean(AbstractBeanFactory.java:200)
	at org.springframework.beans.factory.support.DefaultListableBeanFactory.preInstantiateSingletons(DefaultListableBeanFactory.java:975)
	at org.springframework.context.support.AbstractApplicationContext.finishBeanFactoryInitialization(AbstractApplicationContext.java:962)
	at org.springframework.context.support.AbstractApplicationContext.refresh(AbstractApplicationContext.java:624)
	at org.springframework.boot.web.servlet.context.ServletWebServerApplicationContext.refresh(ServletWebServerApplicationContext.java:146)
	at org.springframework.boot.SpringApplication.refresh(SpringApplication.java:754)
	at org.springframework.boot.SpringApplication.refreshContext(SpringApplication.java:456)
	at org.springframework.boot.SpringApplication.run(SpringApplication.java:335)
	at org.springframework.boot.SpringApplication.run(SpringApplication.java:1363)
	at org.springframework.boot.SpringApplication.run(SpringApplication.java:1352)
	at com.banking.creditjourney.document.DocumentManagementApplication.main(DocumentManagementApplication.java:11)
Caused by: org.springframework.beans.factory.UnsatisfiedDependencyException: Error creating bean with name 'documentServiceImpl' defined in file [C:\Workspace_IP\document-managment\bin\main\com\banking\creditjourney\document\service\DocumentServiceImpl.class]: Unsatisfied dependency expressed through constructor parameter 0: Error creating bean with name 'documentRepository' defined in file [C:\Workspace_IP\document-managment\bin\main\com\banking\creditjourney\document\repository\DocumentRepository.class]: Unsatisfied dependency expressed through constructor parameter 0: Error creating bean with name 'flywayInitializer' defined in class path resource [org/springframework/boot/autoconfigure/flyway/FlywayAutoConfiguration$FlywayConfiguration.class]: Validate failed: Migrations have failed validation
Migration checksum mismatch for migration version 1
-> Applied to database : 1821550801
-> Resolved locally    : 1452515451
Either revert the changes to the migration, or run repair to update the schema history.
Need more flexibility with validation rules? Learn more: https://rd.gt/3AbJUZE
	at org.springframework.beans.factory.support.ConstructorResolver.createArgumentArray(ConstructorResolver.java:795)
	at org.springframework.beans.factory.support.ConstructorResolver.autowireConstructor(ConstructorResolver.java:237)
	at org.springframework.beans.factory.support.AbstractAutowireCapableBeanFactory.autowireConstructor(AbstractAutowireCapableBeanFactory.java:1357)
	at org.springframework.beans.factory.support.AbstractAutowireCapableBeanFactory.createBeanInstance(AbstractAutowireCapableBeanFactory.java:1194)
	at org.springframework.beans.factory.support.AbstractAutowireCapableBeanFactory.doCreateBean(AbstractAutowireCapableBeanFactory.java:562)
	at org.springframework.beans.factory.support.AbstractAutowireCapableBeanFactory.createBean(AbstractAutowireCapableBeanFactory.java:522)
	at org.springframework.beans.factory.support.AbstractBeanFactory.lambda$doGetBean$0(AbstractBeanFactory.java:337)
	at org.springframework.beans.factory.support.DefaultSingletonBeanRegistry.getSingleton(DefaultSingletonBeanRegistry.java:234)
	at org.springframework.beans.factory.support.AbstractBeanFactory.doGetBean(AbstractBeanFactory.java:335)
	at org.springframework.beans.factory.support.AbstractBeanFactory.getBean(AbstractBeanFactory.java:200)
	at org.springframework.beans.factory.config.DependencyDescriptor.resolveCandidate(DependencyDescriptor.java:254)
	at org.springframework.beans.factory.support.DefaultListableBeanFactory.doResolveDependency(DefaultListableBeanFactory.java:1443)
	at org.springframework.beans.factory.support.DefaultListableBeanFactory.resolveDependency(DefaultListableBeanFactory.java:1353)
	at org.springframework.beans.factory.support.ConstructorResolver.resolveAutowiredArgument(ConstructorResolver.java:904)
	at org.springframework.beans.factory.support.ConstructorResolver.createArgumentArray(ConstructorResolver.java:782)
	... 19 common frames omitted
Caused by: org.springframework.beans.factory.UnsatisfiedDependencyException: Error creating bean with name 'documentRepository' defined in file [C:\Workspace_IP\document-managment\bin\main\com\banking\creditjourney\document\repository\DocumentRepository.class]: Unsatisfied dependency expressed through constructor parameter 0: Error creating bean with name 'flywayInitializer' defined in class path resource [org/springframework/boot/autoconfigure/flyway/FlywayAutoConfiguration$FlywayConfiguration.class]: Validate failed: Migrations have failed validation
Migration checksum mismatch for migration version 1
-> Applied to database : 1821550801
-> Resolved locally    : 1452515451
Either revert the changes to the migration, or run repair to update the schema history.
Need more flexibility with validation rules? Learn more: https://rd.gt/3AbJUZE
	at org.springframework.beans.factory.support.ConstructorResolver.createArgumentArray(ConstructorResolver.java:795)
	at org.springframework.beans.factory.support.ConstructorResolver.autowireConstructor(ConstructorResolver.java:237)
	at org.springframework.beans.factory.support.AbstractAutowireCapableBeanFactory.autowireConstructor(AbstractAutowireCapableBeanFactory.java:1357)
	at org.springframework.beans.factory.support.AbstractAutowireCapableBeanFactory.createBeanInstance(AbstractAutowireCapableBeanFactory.java:1194)
	at org.springframework.beans.factory.support.AbstractAutowireCapableBeanFactory.doCreateBean(AbstractAutowireCapableBeanFactory.java:562)
	at org.springframework.beans.factory.support.AbstractAutowireCapableBeanFactory.createBean(AbstractAutowireCapableBeanFactory.java:522)
	at org.springframework.beans.factory.support.AbstractBeanFactory.lambda$doGetBean$0(AbstractBeanFactory.java:337)
	at org.springframework.beans.factory.support.DefaultSingletonBeanRegistry.getSingleton(DefaultSingletonBeanRegistry.java:234)
	at org.springframework.beans.factory.support.AbstractBeanFactory.doGetBean(AbstractBeanFactory.java:335)
	at org.springframework.beans.factory.support.AbstractBeanFactory.getBean(AbstractBeanFactory.java:200)
	at org.springframework.beans.factory.config.DependencyDescriptor.resolveCandidate(DependencyDescriptor.java:254)
	at org.springframework.beans.factory.support.DefaultListableBeanFactory.doResolveDependency(DefaultListableBeanFactory.java:1443)
	at org.springframework.beans.factory.support.DefaultListableBeanFactory.resolveDependency(DefaultListableBeanFactory.java:1353)
	at org.springframework.beans.factory.support.ConstructorResolver.resolveAutowiredArgument(ConstructorResolver.java:904)
	at org.springframework.beans.factory.support.ConstructorResolver.createArgumentArray(ConstructorResolver.java:782)
	... 33 common frames omitted
Caused by: org.springframework.beans.factory.BeanCreationException: Error creating bean with name 'flywayInitializer' defined in class path resource [org/springframework/boot/autoconfigure/flyway/FlywayAutoConfiguration$FlywayConfiguration.class]: Validate failed: Migrations have failed validation
Migration checksum mismatch for migration version 1
-> Applied to database : 1821550801
-> Resolved locally    : 1452515451
Either revert the changes to the migration, or run repair to update the schema history.
Need more flexibility with validation rules? Learn more: https://rd.gt/3AbJUZE
	at org.springframework.beans.factory.support.AbstractAutowireCapableBeanFactory.initializeBean(AbstractAutowireCapableBeanFactory.java:1788)
	at org.springframework.beans.factory.support.AbstractAutowireCapableBeanFactory.doCreateBean(AbstractAutowireCapableBeanFactory.java:600)
	at org.springframework.beans.factory.support.AbstractAutowireCapableBeanFactory.createBean(AbstractAutowireCapableBeanFactory.java:522)
	at org.springframework.beans.factory.support.AbstractBeanFactory.lambda$doGetBean$0(AbstractBeanFactory.java:337)
	at org.springframework.beans.factory.support.DefaultSingletonBeanRegistry.getSingleton(DefaultSingletonBeanRegistry.java:234)
	at org.springframework.beans.factory.support.AbstractBeanFactory.doGetBean(AbstractBeanFactory.java:335)
	at org.springframework.beans.factory.support.AbstractBeanFactory.getBean(AbstractBeanFactory.java:200)
	at org.springframework.beans.factory.support.AbstractBeanFactory.doGetBean(AbstractBeanFactory.java:313)
	at org.springframework.beans.factory.support.AbstractBeanFactory.getBean(AbstractBeanFactory.java:200)
	at org.springframework.beans.factory.config.DependencyDescriptor.resolveCandidate(DependencyDescriptor.java:254)
	at org.springframework.beans.factory.support.DefaultListableBeanFactory.doResolveDependency(DefaultListableBeanFactory.java:1443)
	at org.springframework.beans.factory.support.DefaultListableBeanFactory.resolveDependency(DefaultListableBeanFactory.java:1353)
	at org.springframework.beans.factory.support.ConstructorResolver.resolveAutowiredArgument(ConstructorResolver.java:904)
	at org.springframework.beans.factory.support.ConstructorResolver.createArgumentArray(ConstructorResolver.java:782)
	... 47 common frames omitted
Caused by: org.flywaydb.core.api.exception.FlywayValidateException: Validate failed: Migrations have failed validation
Migration checksum mismatch for migration version 1
-> Applied to database : 1821550801
-> Resolved locally    : 1452515451
Either revert the changes to the migration, or run repair to update the schema history.
Need more flexibility with validation rules? Learn more: https://rd.gt/3AbJUZE
	at org.flywaydb.core.Flyway.lambda$migrate$0(Flyway.java:160)
	at org.flywaydb.core.FlywayExecutor.execute(FlywayExecutor.java:205)
	at org.flywaydb.core.Flyway.migrate(Flyway.java:147)
	at org.springframework.boot.autoconfigure.flyway.FlywayMigrationInitializer.afterPropertiesSet(FlywayMigrationInitializer.java:66)
	at org.springframework.beans.factory.support.AbstractAutowireCapableBeanFactory.invokeInitMethods(AbstractAutowireCapableBeanFactory.java:1835)
	at org.springframework.beans.factory.support.AbstractAutowireCapableBeanFactory.initializeBean(AbstractAutowireCapableBeanFactory.java:1784)
	... 60 common frames omitted
2026-02-02 21:07:59.024 [background-preinit] INFO  o.h.validator.internal.util.Version [] - HV000001: Hibernate Validator 8.0.1.Final
2026-02-02 21:07:59.175 [main] INFO  c.b.c.d.DocumentManagementApplication [] - Starting DocumentManagementApplication using Java 21.0.10 with PID 22300 (C:\Workspace_IP\document-managment\bin\main started by suyogita.shivare in C:\Workspace_IP\document-managment)
2026-02-02 21:07:59.177 [main] INFO  c.b.c.d.DocumentManagementApplication [] - No active profile set, falling back to 1 default profile: "default"
2026-02-02 21:08:02.097 [main] INFO  o.s.d.r.c.RepositoryConfigurationDelegate [] - Bootstrapping Spring Data JDBC repositories in DEFAULT mode.
2026-02-02 21:08:02.167 [main] INFO  o.s.d.r.c.RepositoryConfigurationDelegate [] - Finished Spring Data repository scanning in 56 ms. Found 0 JDBC repository interfaces.
2026-02-02 21:08:03.293 [main] INFO  o.s.b.w.e.tomcat.TomcatWebServer [] - Tomcat initialized with port 8080 (http)
2026-02-02 21:08:03.352 [main] INFO  o.a.coyote.http11.Http11NioProtocol [] - Initializing ProtocolHandler ["http-nio-8080"]
2026-02-02 21:08:03.359 [main] INFO  o.a.catalina.core.StandardService [] - Starting service [Tomcat]
2026-02-02 21:08:03.360 [main] INFO  o.a.catalina.core.StandardEngine [] - Starting Servlet engine: [Apache Tomcat/10.1.25]
2026-02-02 21:08:03.547 [main] INFO  o.a.c.c.C.[Tomcat].[localhost].[/] [] - Initializing Spring embedded WebApplicationContext
2026-02-02 21:08:03.548 [main] INFO  o.s.b.w.s.c.ServletWebServerApplicationContext [] - Root WebApplicationContext: initialization completed in 4178 ms
2026-02-02 21:08:03.788 [main] INFO  com.zaxxer.hikari.HikariDataSource [] - HikariPool-1 - Starting...
2026-02-02 21:08:04.347 [main] INFO  com.zaxxer.hikari.pool.HikariPool [] - HikariPool-1 - Added connection conn0: url=jdbc:h2:file:C:/Document_Management/h2/documentdb user=SA
2026-02-02 21:08:04.354 [main] INFO  com.zaxxer.hikari.HikariDataSource [] - HikariPool-1 - Start completed.
2026-02-02 21:08:04.406 [main] INFO  o.s.b.a.h.H2ConsoleAutoConfiguration [] - H2 console available at '/h2-console'. Database available at 'jdbc:h2:file:C:/Document_Management/h2/documentdb'
2026-02-02 21:08:05.074 [main] INFO  org.flywaydb.core.FlywayExecutor [] - Database: jdbc:h2:file:C:/Document_Management/h2/documentdb (H2 2.2)
2026-02-02 21:08:05.095 [main] WARN  o.f.c.i.database.base.Database [] - Flyway upgrade recommended: H2 2.2.224 is newer than this version of Flyway and support has not been tested. The latest supported version of H2 is 2.2.220.
2026-02-02 21:08:05.198 [main] INFO  o.f.c.i.s.JdbcTableSchemaHistory [] - Schema history table "PUBLIC"."flyway_schema_history" does not exist yet
2026-02-02 21:08:05.206 [main] INFO  o.f.core.internal.command.DbValidate [] - Successfully validated 2 migrations (execution time 00:00.063s)
2026-02-02 21:08:05.240 [main] INFO  o.f.c.i.s.JdbcTableSchemaHistory [] - Creating Schema History table "PUBLIC"."flyway_schema_history" ...
2026-02-02 21:08:05.350 [main] INFO  o.f.core.internal.command.DbMigrate [] - Current version of schema "PUBLIC": << Empty Schema >>
2026-02-02 21:08:05.375 [main] INFO  o.f.core.internal.command.DbMigrate [] - Migrating schema "PUBLIC" to version "1 - init"
2026-02-02 21:08:05.470 [main] INFO  o.f.core.internal.command.DbMigrate [] - Migrating schema "PUBLIC" to version "2 - fix deleted at"
2026-02-02 21:08:05.491 [main] INFO  o.f.core.internal.command.DbMigrate [] - Successfully applied 2 migrations to schema "PUBLIC", now at version v2 (execution time 00:00.071s)
2026-02-02 21:08:05.898 [main] WARN  o.s.b.a.s.s.UserDetailsServiceAutoConfiguration [] - 

Using generated security password: ad0c7824-ac81-4b83-9ca5-2184524d31b0

This generated password is for development use only. Your security configuration must be updated before running your application in production.

2026-02-02 21:08:06.003 [main] INFO  o.s.s.c.a.a.c.InitializeUserDetailsBeanManagerConfigurer$InitializeUserDetailsManagerConfigurer [] - Global AuthenticationManager configured with UserDetailsService bean with name inMemoryUserDetailsManager
2026-02-02 21:08:06.757 [main] INFO  o.s.b.a.e.web.EndpointLinksResolver [] - Exposing 1 endpoint beneath base path '/actuator'
2026-02-02 21:08:07.948 [main] INFO  o.a.coyote.http11.Http11NioProtocol [] - Starting ProtocolHandler ["http-nio-8080"]
2026-02-02 21:08:08.010 [main] INFO  o.s.b.w.e.tomcat.TomcatWebServer [] - Tomcat started on port 8080 (http) with context path '/'
2026-02-02 21:08:08.059 [main] INFO  c.b.c.d.DocumentManagementApplication [] - Started DocumentManagementApplication in 9.997 seconds (process running for 13.225)
2026-02-02 21:08:08.866 [RMI TCP Connection(4)-127.0.0.1] INFO  o.a.c.c.C.[Tomcat].[localhost].[/] [] - Initializing Spring DispatcherServlet 'dispatcherServlet'
2026-02-02 21:08:08.866 [RMI TCP Connection(4)-127.0.0.1] INFO  o.s.web.servlet.DispatcherServlet [] - Initializing Servlet 'dispatcherServlet'
2026-02-02 21:08:08.870 [RMI TCP Connection(4)-127.0.0.1] INFO  o.s.web.servlet.DispatcherServlet [] - Completed initialization in 4 ms
2026-02-02 21:09:01.249 [http-nio-8080-exec-6] INFO  c.b.c.d.c.DocumentController [26771747-85e3-404b-8822-68640704c37d] - Document upload API starts:  /documentUpload | userId=suyogita.shivare@accenture.com | filecount=3
2026-02-02 21:09:01.301 [http-nio-8080-exec-6] INFO  c.b.c.d.service.DocumentServiceImpl [26771747-85e3-404b-8822-68640704c37d] - Inside uploadFiles() 
2026-02-02 21:09:01.301 [http-nio-8080-exec-6] INFO  c.b.c.d.service.DocumentServiceImpl [26771747-85e3-404b-8822-68640704c37d] - Starting document upload 
2026-02-02 21:09:01.378 [http-nio-8080-exec-6] DEBUG o.s.jdbc.core.JdbcTemplate [26771747-85e3-404b-8822-68640704c37d] - Executing prepared SQL query
2026-02-02 21:09:01.386 [http-nio-8080-exec-6] DEBUG o.s.jdbc.core.JdbcTemplate [26771747-85e3-404b-8822-68640704c37d] - Executing prepared SQL statement [SELECT * FROM documents WHERE checksum= ?
]
2026-02-02 21:09:01.418 [http-nio-8080-exec-6] DEBUG o.s.jdbc.core.JdbcTemplate [26771747-85e3-404b-8822-68640704c37d] - Executing SQL update and returning generated keys
2026-02-02 21:09:01.418 [http-nio-8080-exec-6] DEBUG o.s.jdbc.core.JdbcTemplate [26771747-85e3-404b-8822-68640704c37d] - Executing prepared SQL statement [INSERT INTO documents(user_id,file_name,file_type,file_size,checksum,storage_path)
VALUES (?, ?, ?, ?, ?, ?)
]
2026-02-02 21:09:01.471 [http-nio-8080-exec-6] DEBUG o.s.jdbc.core.JdbcTemplate [26771747-85e3-404b-8822-68640704c37d] - Executing prepared SQL query
2026-02-02 21:09:01.471 [http-nio-8080-exec-6] DEBUG o.s.jdbc.core.JdbcTemplate [26771747-85e3-404b-8822-68640704c37d] - Executing prepared SQL statement [SELECT * FROM documents WHERE checksum= ?
]
2026-02-02 21:09:01.482 [http-nio-8080-exec-6] DEBUG o.s.jdbc.core.JdbcTemplate [26771747-85e3-404b-8822-68640704c37d] - Executing SQL update and returning generated keys
2026-02-02 21:09:01.482 [http-nio-8080-exec-6] DEBUG o.s.jdbc.core.JdbcTemplate [26771747-85e3-404b-8822-68640704c37d] - Executing prepared SQL statement [INSERT INTO documents(user_id,file_name,file_type,file_size,checksum,storage_path)
VALUES (?, ?, ?, ?, ?, ?)
]
2026-02-02 21:09:01.498 [http-nio-8080-exec-6] DEBUG o.s.jdbc.core.JdbcTemplate [26771747-85e3-404b-8822-68640704c37d] - Executing prepared SQL query
2026-02-02 21:09:01.498 [http-nio-8080-exec-6] DEBUG o.s.jdbc.core.JdbcTemplate [26771747-85e3-404b-8822-68640704c37d] - Executing prepared SQL statement [SELECT * FROM documents WHERE checksum= ?
]
2026-02-02 21:09:01.506 [http-nio-8080-exec-6] DEBUG o.s.jdbc.core.JdbcTemplate [26771747-85e3-404b-8822-68640704c37d] - Executing SQL update and returning generated keys
2026-02-02 21:09:01.506 [http-nio-8080-exec-6] DEBUG o.s.jdbc.core.JdbcTemplate [26771747-85e3-404b-8822-68640704c37d] - Executing prepared SQL statement [INSERT INTO documents(user_id,file_name,file_type,file_size,checksum,storage_path)
VALUES (?, ?, ?, ?, ?, ?)
]
2026-02-02 21:09:01.516 [http-nio-8080-exec-6] INFO  c.b.c.d.c.DocumentController [26771747-85e3-404b-8822-68640704c37d] - Upload API completed | userId=suyogita.shivare@accenture.com
2026-02-02 21:10:32.757 [RMI TCP Connection(9)-127.0.0.1] INFO  o.s.b.a.SpringApplicationAdminMXBeanRegistrar$SpringApplicationAdmin [] - Application shutdown requested.
2026-02-02 21:10:32.768 [RMI TCP Connection(9)-127.0.0.1] INFO  o.a.coyote.http11.Http11NioProtocol [] - Stopping ProtocolHandler ["http-nio-8080"]
2026-02-02 21:10:32.814 [RMI TCP Connection(9)-127.0.0.1] INFO  com.zaxxer.hikari.HikariDataSource [] - HikariPool-1 - Shutdown initiated...
2026-02-02 21:10:32.824 [RMI TCP Connection(9)-127.0.0.1] INFO  com.zaxxer.hikari.HikariDataSource [] - HikariPool-1 - Shutdown completed.
2026-02-02 21:11:28.831 [background-preinit] INFO  o.h.validator.internal.util.Version [] - HV000001: Hibernate Validator 8.0.1.Final
2026-02-02 21:11:28.985 [main] INFO  c.b.c.d.DocumentManagementApplication [] - Starting DocumentManagementApplication using Java 21.0.10 with PID 28344 (C:\Workspace_IP\document-managment\bin\main started by suyogita.shivare in C:\Workspace_IP\document-managment)
2026-02-02 21:11:28.985 [main] INFO  c.b.c.d.DocumentManagementApplication [] - No active profile set, falling back to 1 default profile: "default"
2026-02-02 21:11:34.019 [main] INFO  o.s.d.r.c.RepositoryConfigurationDelegate [] - Bootstrapping Spring Data JDBC repositories in DEFAULT mode.
2026-02-02 21:11:34.096 [main] INFO  o.s.d.r.c.RepositoryConfigurationDelegate [] - Finished Spring Data repository scanning in 59 ms. Found 0 JDBC repository interfaces.
2026-02-02 21:11:35.274 [main] INFO  o.s.b.w.e.tomcat.TomcatWebServer [] - Tomcat initialized with port 8080 (http)
2026-02-02 21:11:35.309 [main] INFO  o.a.coyote.http11.Http11NioProtocol [] - Initializing ProtocolHandler ["http-nio-8080"]
2026-02-02 21:11:35.314 [main] INFO  o.a.catalina.core.StandardService [] - Starting service [Tomcat]
2026-02-02 21:11:35.314 [main] INFO  o.a.catalina.core.StandardEngine [] - Starting Servlet engine: [Apache Tomcat/10.1.25]
2026-02-02 21:11:35.490 [main] INFO  o.a.c.c.C.[Tomcat].[localhost].[/] [] - Initializing Spring embedded WebApplicationContext
2026-02-02 21:11:35.491 [main] INFO  o.s.b.w.s.c.ServletWebServerApplicationContext [] - Root WebApplicationContext: initialization completed in 6306 ms
2026-02-02 21:11:35.713 [main] INFO  com.zaxxer.hikari.HikariDataSource [] - HikariPool-1 - Starting...
2026-02-02 21:11:36.226 [main] INFO  com.zaxxer.hikari.pool.HikariPool [] - HikariPool-1 - Added connection conn0: url=jdbc:h2:file:C:/Document_Management/h2/documentdb user=SA
2026-02-02 21:11:36.229 [main] INFO  com.zaxxer.hikari.HikariDataSource [] - HikariPool-1 - Start completed.
2026-02-02 21:11:36.267 [main] INFO  o.s.b.a.h.H2ConsoleAutoConfiguration [] - H2 console available at '/h2-console'. Database available at 'jdbc:h2:file:C:/Document_Management/h2/documentdb'
2026-02-02 21:11:36.896 [main] INFO  org.flywaydb.core.FlywayExecutor [] - Database: jdbc:h2:file:C:/Document_Management/h2/documentdb (H2 2.2)
2026-02-02 21:11:36.917 [main] WARN  o.f.c.i.database.base.Database [] - Flyway upgrade recommended: H2 2.2.224 is newer than this version of Flyway and support has not been tested. The latest supported version of H2 is 2.2.220.
2026-02-02 21:11:36.983 [main] INFO  o.f.c.i.s.JdbcTableSchemaHistory [] - Schema history table "PUBLIC"."flyway_schema_history" does not exist yet
2026-02-02 21:11:36.990 [main] INFO  o.f.core.internal.command.DbValidate [] - Successfully validated 2 migrations (execution time 00:00.042s)
2026-02-02 21:11:37.017 [main] INFO  o.f.c.i.s.JdbcTableSchemaHistory [] - Creating Schema History table "PUBLIC"."flyway_schema_history" ...
2026-02-02 21:11:37.106 [main] INFO  o.f.core.internal.command.DbMigrate [] - Current version of schema "PUBLIC": << Empty Schema >>
2026-02-02 21:11:37.142 [main] INFO  o.f.core.internal.command.DbMigrate [] - Migrating schema "PUBLIC" to version "1 - init"
2026-02-02 21:11:37.209 [main] INFO  o.f.core.internal.command.DbMigrate [] - Migrating schema "PUBLIC" to version "2 - fix deleted at"
2026-02-02 21:11:37.229 [main] INFO  o.f.core.internal.command.DbMigrate [] - Successfully applied 2 migrations to schema "PUBLIC", now at version v2 (execution time 00:00.053s)
2026-02-02 21:11:37.671 [main] WARN  o.s.b.a.s.s.UserDetailsServiceAutoConfiguration [] - 

Using generated security password: d7c56d7d-a243-43be-becd-d91551b3e54c

This generated password is for development use only. Your security configuration must be updated before running your application in production.

2026-02-02 21:11:37.742 [main] INFO  o.s.s.c.a.a.c.InitializeUserDetailsBeanManagerConfigurer$InitializeUserDetailsManagerConfigurer [] - Global AuthenticationManager configured with UserDetailsService bean with name inMemoryUserDetailsManager
2026-02-02 21:11:38.483 [main] INFO  o.s.b.a.e.web.EndpointLinksResolver [] - Exposing 1 endpoint beneath base path '/actuator'
2026-02-02 21:11:39.683 [main] INFO  o.a.coyote.http11.Http11NioProtocol [] - Starting ProtocolHandler ["http-nio-8080"]
2026-02-02 21:11:39.737 [main] INFO  o.s.b.w.e.tomcat.TomcatWebServer [] - Tomcat started on port 8080 (http) with context path '/'
2026-02-02 21:11:39.774 [main] INFO  c.b.c.d.DocumentManagementApplication [] - Started DocumentManagementApplication in 12.325 seconds (process running for 17.232)
2026-02-02 21:11:40.377 [RMI TCP Connection(4)-127.0.0.1] INFO  o.a.c.c.C.[Tomcat].[localhost].[/] [] - Initializing Spring DispatcherServlet 'dispatcherServlet'
2026-02-02 21:11:40.378 [RMI TCP Connection(4)-127.0.0.1] INFO  o.s.web.servlet.DispatcherServlet [] - Initializing Servlet 'dispatcherServlet'
2026-02-02 21:11:40.380 [RMI TCP Connection(4)-127.0.0.1] INFO  o.s.web.servlet.DispatcherServlet [] - Completed initialization in 2 ms
2026-02-02 21:12:08.086 [http-nio-8080-exec-1] INFO  c.b.c.d.c.DocumentController [e9ab50f5-3228-4f2b-a5d2-19743dc16c0d] - Document upload API starts:  /documentUpload | userId=suyogita.shivare@accenture.com | filecount=3
2026-02-02 21:12:08.129 [http-nio-8080-exec-1] INFO  c.b.c.d.service.DocumentServiceImpl [e9ab50f5-3228-4f2b-a5d2-19743dc16c0d] - Inside uploadFiles() 
2026-02-02 21:12:08.131 [http-nio-8080-exec-1] INFO  c.b.c.d.service.DocumentServiceImpl [e9ab50f5-3228-4f2b-a5d2-19743dc16c0d] - Starting document upload 
2026-02-02 21:12:08.214 [http-nio-8080-exec-1] DEBUG o.s.jdbc.core.JdbcTemplate [e9ab50f5-3228-4f2b-a5d2-19743dc16c0d] - Executing prepared SQL query
2026-02-02 21:12:08.216 [http-nio-8080-exec-1] DEBUG o.s.jdbc.core.JdbcTemplate [e9ab50f5-3228-4f2b-a5d2-19743dc16c0d] - Executing prepared SQL statement [SELECT * FROM documents WHERE checksum= ?
]
2026-02-02 21:12:08.240 [http-nio-8080-exec-1] DEBUG o.s.jdbc.core.JdbcTemplate [e9ab50f5-3228-4f2b-a5d2-19743dc16c0d] - Executing SQL update and returning generated keys
2026-02-02 21:12:08.242 [http-nio-8080-exec-1] DEBUG o.s.jdbc.core.JdbcTemplate [e9ab50f5-3228-4f2b-a5d2-19743dc16c0d] - Executing prepared SQL statement [INSERT INTO documents(user_id,file_name,file_type,file_size,checksum,storage_path)
VALUES (?, ?, ?, ?, ?, ?)
]
2026-02-02 21:12:08.297 [http-nio-8080-exec-1] DEBUG o.s.jdbc.core.JdbcTemplate [e9ab50f5-3228-4f2b-a5d2-19743dc16c0d] - Executing prepared SQL query
2026-02-02 21:12:08.299 [http-nio-8080-exec-1] DEBUG o.s.jdbc.core.JdbcTemplate [e9ab50f5-3228-4f2b-a5d2-19743dc16c0d] - Executing prepared SQL statement [SELECT * FROM documents WHERE checksum= ?
]
2026-02-02 21:12:08.307 [http-nio-8080-exec-1] DEBUG o.s.jdbc.core.JdbcTemplate [e9ab50f5-3228-4f2b-a5d2-19743dc16c0d] - Executing SQL update and returning generated keys
2026-02-02 21:12:08.307 [http-nio-8080-exec-1] DEBUG o.s.jdbc.core.JdbcTemplate [e9ab50f5-3228-4f2b-a5d2-19743dc16c0d] - Executing prepared SQL statement [INSERT INTO documents(user_id,file_name,file_type,file_size,checksum,storage_path)
VALUES (?, ?, ?, ?, ?, ?)
]
2026-02-02 21:12:08.320 [http-nio-8080-exec-1] DEBUG o.s.jdbc.core.JdbcTemplate [e9ab50f5-3228-4f2b-a5d2-19743dc16c0d] - Executing prepared SQL query
2026-02-02 21:12:08.320 [http-nio-8080-exec-1] DEBUG o.s.jdbc.core.JdbcTemplate [e9ab50f5-3228-4f2b-a5d2-19743dc16c0d] - Executing prepared SQL statement [SELECT * FROM documents WHERE checksum= ?
]
2026-02-02 21:12:08.331 [http-nio-8080-exec-1] DEBUG o.s.jdbc.core.JdbcTemplate [e9ab50f5-3228-4f2b-a5d2-19743dc16c0d] - Executing SQL update and returning generated keys
2026-02-02 21:12:08.333 [http-nio-8080-exec-1] DEBUG o.s.jdbc.core.JdbcTemplate [e9ab50f5-3228-4f2b-a5d2-19743dc16c0d] - Executing prepared SQL statement [INSERT INTO documents(user_id,file_name,file_type,file_size,checksum,storage_path)
VALUES (?, ?, ?, ?, ?, ?)
]
2026-02-02 21:12:08.339 [http-nio-8080-exec-1] INFO  c.b.c.d.c.DocumentController [e9ab50f5-3228-4f2b-a5d2-19743dc16c0d] - Upload API completed | userId=suyogita.shivare@accenture.com
2026-02-02 21:13:00.347 [http-nio-8080-exec-3] INFO  o.s.api.AbstractOpenApiResource [4d4f0fbc-7a31-4304-9a4d-31afc639b866] - Init duration for springdoc-openapi is: 1548 ms
2026-02-02 21:14:52.279 [http-nio-8080-exec-8] INFO  c.b.c.d.c.DocumentController [32327e92-d78f-4b91-a732-e627a04c8d11] - Document listing API starts:  /documentsListing |userId=suyogita.shivare@accenture.com | page=0 | size=10
2026-02-02 21:14:52.282 [http-nio-8080-exec-8] INFO  c.b.c.d.service.DocumentServiceImpl [32327e92-d78f-4b91-a732-e627a04c8d11] - Listing documents | userIdsuyogita.shivare@accenture.com | page0 | size10
2026-02-02 21:14:52.293 [http-nio-8080-exec-8] DEBUG o.s.jdbc.core.JdbcTemplate [32327e92-d78f-4b91-a732-e627a04c8d11] - Executing prepared SQL query
2026-02-02 21:14:52.296 [http-nio-8080-exec-8] DEBUG o.s.jdbc.core.JdbcTemplate [32327e92-d78f-4b91-a732-e627a04c8d11] - Executing prepared SQL statement [SELECT documentid AS documentId,
       file_name AS fileName,
       file_type AS fileType,
       file_size AS fileSize,
       created_at AS createdAt,
       updated_at AS updatedAt
FROM documents
WHERE user_id = ?
  AND is_deleted = FALSE
  AND (? IS NULL OR created_at >= ?)
  AND (? IS NULL OR created_at <= ?)
  AND (? IS NULL OR file_size >= ?)
  AND (? IS NULL OR file_size <= ?)
ORDER BY created_at DESC
LIMIT ? OFFSET ?
]
2026-02-02 21:14:52.329 [http-nio-8080-exec-8] ERROR c.b.c.d.e.GlobalExceptionHandler [32327e92-d78f-4b91-a732-e627a04c8d11] - Unhandled exception
org.springframework.beans.BeanInstantiationException: Failed to instantiate [com.banking.creditjourney.document.dto.response.DocumentListResponse]: No default constructor found
	at org.springframework.beans.BeanUtils.instantiateClass(BeanUtils.java:144)
	at org.springframework.jdbc.core.BeanPropertyRowMapper.constructMappedInstance(BeanPropertyRowMapper.java:396)
	at org.springframework.jdbc.core.BeanPropertyRowMapper.mapRow(BeanPropertyRowMapper.java:332)
	at org.springframework.jdbc.core.RowMapperResultSetExtractor.extractData(RowMapperResultSetExtractor.java:94)
	at org.springframework.jdbc.core.RowMapperResultSetExtractor.extractData(RowMapperResultSetExtractor.java:61)
	at org.springframework.jdbc.core.JdbcTemplate$1.doInPreparedStatement(JdbcTemplate.java:733)
	at org.springframework.jdbc.core.JdbcTemplate.execute(JdbcTemplate.java:658)
	at org.springframework.jdbc.core.JdbcTemplate.query(JdbcTemplate.java:723)
	at org.springframework.jdbc.core.JdbcTemplate.query(JdbcTemplate.java:748)
	at org.springframework.jdbc.core.JdbcTemplate.query(JdbcTemplate.java:804)
	at org.springframework.jdbc.core.namedparam.NamedParameterJdbcTemplate.query(NamedParameterJdbcTemplate.java:218)
	at com.banking.creditjourney.document.repository.DocumentRepository.listDocuments(DocumentRepository.java:99)
	at java.base/jdk.internal.reflect.DirectMethodHandleAccessor.invoke(DirectMethodHandleAccessor.java:103)
	at java.base/java.lang.reflect.Method.invoke(Method.java:580)
	at org.springframework.aop.support.AopUtils.invokeJoinpointUsingReflection(AopUtils.java:354)
	at org.springframework.aop.framework.ReflectiveMethodInvocation.invokeJoinpoint(ReflectiveMethodInvocation.java:196)
	at org.springframework.aop.framework.ReflectiveMethodInvocation.proceed(ReflectiveMethodInvocation.java:163)
	at org.springframework.aop.framework.CglibAopProxy$CglibMethodInvocation.proceed(CglibAopProxy.java:768)
	at org.springframework.dao.support.PersistenceExceptionTranslationInterceptor.invoke(PersistenceExceptionTranslationInterceptor.java:138)
	at org.springframework.aop.framework.ReflectiveMethodInvocation.proceed(ReflectiveMethodInvocation.java:184)
	at org.springframework.aop.framework.CglibAopProxy$CglibMethodInvocation.proceed(CglibAopProxy.java:768)
	at org.springframework.aop.framework.CglibAopProxy$DynamicAdvisedInterceptor.intercept(CglibAopProxy.java:720)
	at com.banking.creditjourney.document.repository.DocumentRepository$$SpringCGLIB$$0.listDocuments(<generated>)
	at com.banking.creditjourney.document.service.DocumentServiceImpl.listDocuments(DocumentServiceImpl.java:190)
	at java.base/jdk.internal.reflect.DirectMethodHandleAccessor.invoke(DirectMethodHandleAccessor.java:103)
	at java.base/java.lang.reflect.Method.invoke(Method.java:580)
	at org.springframework.aop.support.AopUtils.invokeJoinpointUsingReflection(AopUtils.java:354)
	at org.springframework.aop.framework.ReflectiveMethodInvocation.invokeJoinpoint(ReflectiveMethodInvocation.java:196)
	at org.springframework.aop.framework.ReflectiveMethodInvocation.proceed(ReflectiveMethodInvocation.java:163)
	at org.springframework.aop.framework.CglibAopProxy$CglibMethodInvocation.proceed(CglibAopProxy.java:768)
	at org.springframework.transaction.interceptor.TransactionInterceptor$1.proceedWithInvocation(TransactionInterceptor.java:123)
	at org.springframework.transaction.interceptor.TransactionAspectSupport.invokeWithinTransaction(TransactionAspectSupport.java:392)
	at org.springframework.transaction.interceptor.TransactionInterceptor.invoke(TransactionInterceptor.java:119)
	at org.springframework.aop.framework.ReflectiveMethodInvocation.proceed(ReflectiveMethodInvocation.java:184)
	at org.springframework.aop.framework.CglibAopProxy$CglibMethodInvocation.proceed(CglibAopProxy.java:768)
	at org.springframework.aop.framework.CglibAopProxy$DynamicAdvisedInterceptor.intercept(CglibAopProxy.java:720)
	at com.banking.creditjourney.document.service.DocumentServiceImpl$$SpringCGLIB$$0.listDocuments(<generated>)
	at com.banking.creditjourney.document.controller.DocumentController.listDocuments(DocumentController.java:118)
	at java.base/jdk.internal.reflect.DirectMethodHandleAccessor.invoke(DirectMethodHandleAccessor.java:103)
	at java.base/java.lang.reflect.Method.invoke(Method.java:580)
	at org.springframework.web.method.support.InvocableHandlerMethod.doInvoke(InvocableHandlerMethod.java:255)
	at org.springframework.web.method.support.InvocableHandlerMethod.invokeForRequest(InvocableHandlerMethod.java:188)
	at org.springframework.web.servlet.mvc.method.annotation.ServletInvocableHandlerMethod.invokeAndHandle(ServletInvocableHandlerMethod.java:118)
	at org.springframework.web.servlet.mvc.method.annotation.RequestMappingHandlerAdapter.invokeHandlerMethod(RequestMappingHandlerAdapter.java:926)
	at org.springframework.web.servlet.mvc.method.annotation.RequestMappingHandlerAdapter.handleInternal(RequestMappingHandlerAdapter.java:831)
	at org.springframework.web.servlet.mvc.method.AbstractHandlerMethodAdapter.handle(AbstractHandlerMethodAdapter.java:87)
	at org.springframework.web.servlet.DispatcherServlet.doDispatch(DispatcherServlet.java:1089)
	at org.springframework.web.servlet.DispatcherServlet.doService(DispatcherServlet.java:979)
	at org.springframework.web.servlet.FrameworkServlet.processRequest(FrameworkServlet.java:1014)
	at org.springframework.web.servlet.FrameworkServlet.doGet(FrameworkServlet.java:903)
	at jakarta.servlet.http.HttpServlet.service(HttpServlet.java:564)
	at org.springframework.web.servlet.FrameworkServlet.service(FrameworkServlet.java:885)
	at jakarta.servlet.http.HttpServlet.service(HttpServlet.java:658)
	at org.apache.catalina.core.ApplicationFilterChain.internalDoFilter(ApplicationFilterChain.java:195)
	at org.apache.catalina.core.ApplicationFilterChain.doFilter(ApplicationFilterChain.java:140)
	at org.apache.tomcat.websocket.server.WsFilter.doFilter(WsFilter.java:51)
	at org.apache.catalina.core.ApplicationFilterChain.internalDoFilter(ApplicationFilterChain.java:164)
	at org.apache.catalina.core.ApplicationFilterChain.doFilter(ApplicationFilterChain.java:140)
	at org.springframework.web.filter.OncePerRequestFilter.doFilter(OncePerRequestFilter.java:110)
	at org.apache.catalina.core.ApplicationFilterChain.internalDoFilter(ApplicationFilterChain.java:164)
	at org.apache.catalina.core.ApplicationFilterChain.doFilter(ApplicationFilterChain.java:140)
	at com.banking.creditjourney.document.security.CorrelationIdFilter.doFilterInternal(CorrelationIdFilter.java:31)
	at org.springframework.web.filter.OncePerRequestFilter.doFilter(OncePerRequestFilter.java:116)
	at org.apache.catalina.core.ApplicationFilterChain.internalDoFilter(ApplicationFilterChain.java:164)
	at org.apache.catalina.core.ApplicationFilterChain.doFilter(ApplicationFilterChain.java:140)
	at org.springframework.web.filter.CompositeFilter$VirtualFilterChain.doFilter(CompositeFilter.java:108)
	at org.springframework.security.web.FilterChainProxy.lambda$doFilterInternal$3(FilterChainProxy.java:231)
	at org.springframework.security.web.ObservationFilterChainDecorator$FilterObservation$SimpleFilterObservation.lambda$wrap$1(ObservationFilterChainDecorator.java:479)
	at org.springframework.security.web.ObservationFilterChainDecorator$AroundFilterObservation$SimpleAroundFilterObservation.lambda$wrap$1(ObservationFilterChainDecorator.java:340)
	at org.springframework.security.web.ObservationFilterChainDecorator.lambda$wrapSecured$0(ObservationFilterChainDecorator.java:82)
	at org.springframework.security.web.ObservationFilterChainDecorator$VirtualFilterChain.doFilter(ObservationFilterChainDecorator.java:128)
	at org.springframework.security.web.access.intercept.AuthorizationFilter.doFilter(AuthorizationFilter.java:100)
	at org.springframework.security.web.ObservationFilterChainDecorator$ObservationFilter.wrapFilter(ObservationFilterChainDecorator.java:240)
	at org.springframework.security.web.ObservationFilterChainDecorator$ObservationFilter.doFilter(ObservationFilterChainDecorator.java:227)
	at org.springframework.security.web.ObservationFilterChainDecorator$VirtualFilterChain.doFilter(ObservationFilterChainDecorator.java:137)
	at org.springframework.security.web.access.ExceptionTranslationFilter.doFilter(ExceptionTranslationFilter.java:126)
	at org.springframework.security.web.access.ExceptionTranslationFilter.doFilter(ExceptionTranslationFilter.java:120)
	at org.springframework.security.web.ObservationFilterChainDecorator$ObservationFilter.wrapFilter(ObservationFilterChainDecorator.java:240)
	at org.springframework.security.web.ObservationFilterChainDecorator$ObservationFilter.doFilter(ObservationFilterChainDecorator.java:227)
	at org.springframework.security.web.ObservationFilterChainDecorator$VirtualFilterChain.doFilter(ObservationFilterChainDecorator.java:137)
	at org.springframework.security.web.authentication.AnonymousAuthenticationFilter.doFilter(AnonymousAuthenticationFilter.java:100)
	at org.springframework.security.web.ObservationFilterChainDecorator$ObservationFilter.wrapFilter(ObservationFilterChainDecorator.java:240)
	at org.springframework.security.web.ObservationFilterChainDecorator$ObservationFilter.doFilter(ObservationFilterChainDecorator.java:227)
	at org.springframework.security.web.ObservationFilterChainDecorator$VirtualFilterChain.doFilter(ObservationFilterChainDecorator.java:137)
	at org.springframework.security.web.servletapi.SecurityContextHolderAwareRequestFilter.doFilter(SecurityContextHolderAwareRequestFilter.java:179)
	at org.springframework.security.web.ObservationFilterChainDecorator$ObservationFilter.wrapFilter(ObservationFilterChainDecorator.java:240)
	at org.springframework.security.web.ObservationFilterChainDecorator$ObservationFilter.doFilter(ObservationFilterChainDecorator.java:227)
	at org.springframework.security.web.ObservationFilterChainDecorator$VirtualFilterChain.doFilter(ObservationFilterChainDecorator.java:137)
	at org.springframework.security.web.savedrequest.RequestCacheAwareFilter.doFilter(RequestCacheAwareFilter.java:63)
	at org.springframework.security.web.ObservationFilterChainDecorator$ObservationFilter.wrapFilter(ObservationFilterChainDecorator.java:240)
	at org.springframework.security.web.ObservationFilterChainDecorator$ObservationFilter.doFilter(ObservationFilterChainDecorator.java:227)
	at org.springframework.security.web.ObservationFilterChainDecorator$VirtualFilterChain.doFilter(ObservationFilterChainDecorator.java:137)
	at org.springframework.security.web.authentication.www.BasicAuthenticationFilter.doFilterInternal(BasicAuthenticationFilter.java:181)
	at org.springframework.web.filter.OncePerRequestFilter.doFilter(OncePerRequestFilter.java:116)
	at org.springframework.security.web.ObservationFilterChainDecorator$ObservationFilter.wrapFilter(ObservationFilterChainDecorator.java:240)
	at org.springframework.security.web.ObservationFilterChainDecorator$ObservationFilter.doFilter(ObservationFilterChainDecorator.java:227)
	at org.springframework.security.web.ObservationFilterChainDecorator$VirtualFilterChain.doFilter(ObservationFilterChainDecorator.java:137)
	at com.banking.creditjourney.document.security.JwtAuthenticationFilter.doFilterInternal(JwtAuthenticationFilter.java:34)
	at org.springframework.web.filter.OncePerRequestFilter.doFilter(OncePerRequestFilter.java:116)
	at org.springframework.security.web.ObservationFilterChainDecorator$ObservationFilter.wrapFilter(ObservationFilterChainDecorator.java:240)
	at org.springframework.security.web.ObservationFilterChainDecorator$ObservationFilter.doFilter(ObservationFilterChainDecorator.java:227)
	at org.springframework.security.web.ObservationFilterChainDecorator$VirtualFilterChain.doFilter(ObservationFilterChainDecorator.java:137)
	at org.springframework.security.web.authentication.logout.LogoutFilter.doFilter(LogoutFilter.java:107)
	at org.springframework.security.web.authentication.logout.LogoutFilter.doFilter(LogoutFilter.java:93)
	at org.springframework.security.web.ObservationFilterChainDecorator$ObservationFilter.wrapFilter(ObservationFilterChainDecorator.java:240)
	at org.springframework.security.web.ObservationFilterChainDecorator$ObservationFilter.doFilter(ObservationFilterChainDecorator.java:227)
	at org.springframework.security.web.ObservationFilterChainDecorator$VirtualFilterChain.doFilter(ObservationFilterChainDecorator.java:137)
	at org.springframework.web.filter.CorsFilter.doFilterInternal(CorsFilter.java:91)
	at org.springframework.web.filter.OncePerRequestFilter.doFilter(OncePerRequestFilter.java:116)
	at org.springframework.security.web.ObservationFilterChainDecorator$ObservationFilter.wrapFilter(ObservationFilterChainDecorator.java:240)
	at org.springframework.security.web.ObservationFilterChainDecorator$ObservationFilter.doFilter(ObservationFilterChainDecorator.java:227)
	at org.springframework.security.web.ObservationFilterChainDecorator$VirtualFilterChain.doFilter(ObservationFilterChainDecorator.java:137)
	at org.springframework.security.web.header.HeaderWriterFilter.doHeadersAfter(HeaderWriterFilter.java:90)
	at org.springframework.security.web.header.HeaderWriterFilter.doFilterInternal(HeaderWriterFilter.java:75)
	at org.springframework.web.filter.OncePerRequestFilter.doFilter(OncePerRequestFilter.java:116)
	at org.springframework.security.web.ObservationFilterChainDecorator$ObservationFilter.wrapFilter(ObservationFilterChainDecorator.java:240)
	at org.springframework.security.web.ObservationFilterChainDecorator$ObservationFilter.doFilter(ObservationFilterChainDecorator.java:227)
	at org.springframework.security.web.ObservationFilterChainDecorator$VirtualFilterChain.doFilter(ObservationFilterChainDecorator.java:137)
	at org.springframework.security.web.context.SecurityContextHolderFilter.doFilter(SecurityContextHolderFilter.java:82)
	at org.springframework.security.web.context.SecurityContextHolderFilter.doFilter(SecurityContextHolderFilter.java:69)
	at org.springframework.security.web.ObservationFilterChainDecorator$ObservationFilter.wrapFilter(ObservationFilterChainDecorator.java:240)
	at org.springframework.security.web.ObservationFilterChainDecorator$ObservationFilter.doFilter(ObservationFilterChainDecorator.java:227)
	at org.springframework.security.web.ObservationFilterChainDecorator$VirtualFilterChain.doFilter(ObservationFilterChainDecorator.java:137)
	at org.springframework.security.web.context.request.async.WebAsyncManagerIntegrationFilter.doFilterInternal(WebAsyncManagerIntegrationFilter.java:62)
	at org.springframework.web.filter.OncePerRequestFilter.doFilter(OncePerRequestFilter.java:116)
	at org.springframework.security.web.ObservationFilterChainDecorator$ObservationFilter.wrapFilter(ObservationFilterChainDecorator.java:240)
	at org.springframework.security.web.ObservationFilterChainDecorator$ObservationFilter.doFilter(ObservationFilterChainDecorator.java:227)
	at org.springframework.security.web.ObservationFilterChainDecorator$VirtualFilterChain.doFilter(ObservationFilterChainDecorator.java:137)
	at org.springframework.security.web.session.DisableEncodeUrlFilter.doFilterInternal(DisableEncodeUrlFilter.java:42)
	at org.springframework.web.filter.OncePerRequestFilter.doFilter(OncePerRequestFilter.java:116)
	at org.springframework.security.web.ObservationFilterChainDecorator$ObservationFilter.wrapFilter(ObservationFilterChainDecorator.java:240)
	at org.springframework.security.web.ObservationFilterChainDecorator$AroundFilterObservation$SimpleAroundFilterObservation.lambda$wrap$0(ObservationFilterChainDecorator.java:323)
	at org.springframework.security.web.ObservationFilterChainDecorator$ObservationFilter.doFilter(ObservationFilterChainDecorator.java:224)
	at org.springframework.security.web.ObservationFilterChainDecorator$VirtualFilterChain.doFilter(ObservationFilterChainDecorator.java:137)
	at org.springframework.security.web.FilterChainProxy.doFilterInternal(FilterChainProxy.java:233)
	at org.springframework.security.web.FilterChainProxy.doFilter(FilterChainProxy.java:191)
	at org.springframework.web.filter.CompositeFilter$VirtualFilterChain.doFilter(CompositeFilter.java:113)
	at org.springframework.web.servlet.handler.HandlerMappingIntrospector.lambda$createCacheFilter$3(HandlerMappingIntrospector.java:195)
	at org.springframework.web.filter.CompositeFilter$VirtualFilterChain.doFilter(CompositeFilter.java:113)
	at org.springframework.web.filter.CompositeFilter.doFilter(CompositeFilter.java:74)
	at org.springframework.security.config.annotation.web.configuration.WebMvcSecurityConfiguration$CompositeFilterChainProxy.doFilter(WebMvcSecurityConfiguration.java:230)
	at org.springframework.web.filter.DelegatingFilterProxy.invokeDelegate(DelegatingFilterProxy.java:352)
	at org.springframework.web.filter.DelegatingFilterProxy.doFilter(DelegatingFilterProxy.java:268)
	at org.apache.catalina.core.ApplicationFilterChain.internalDoFilter(ApplicationFilterChain.java:164)
	at org.apache.catalina.core.ApplicationFilterChain.doFilter(ApplicationFilterChain.java:140)
	at org.springframework.web.filter.RequestContextFilter.doFilterInternal(RequestContextFilter.java:100)
	at org.springframework.web.filter.OncePerRequestFilter.doFilter(OncePerRequestFilter.java:116)
	at org.apache.catalina.core.ApplicationFilterChain.internalDoFilter(ApplicationFilterChain.java:164)
	at org.apache.catalina.core.ApplicationFilterChain.doFilter(ApplicationFilterChain.java:140)
	at org.springframework.web.filter.FormContentFilter.doFilterInternal(FormContentFilter.java:93)
	at org.springframework.web.filter.OncePerRequestFilter.doFilter(OncePerRequestFilter.java:116)
	at org.apache.catalina.core.ApplicationFilterChain.internalDoFilter(ApplicationFilterChain.java:164)
	at org.apache.catalina.core.ApplicationFilterChain.doFilter(ApplicationFilterChain.java:140)
	at org.springframework.web.filter.ServerHttpObservationFilter.doFilterInternal(ServerHttpObservationFilter.java:107)
	at org.springframework.web.filter.OncePerRequestFilter.doFilter(OncePerRequestFilter.java:116)
	at org.apache.catalina.core.ApplicationFilterChain.internalDoFilter(ApplicationFilterChain.java:164)
	at org.apache.catalina.core.ApplicationFilterChain.doFilter(ApplicationFilterChain.java:140)
	at org.springframework.web.filter.CharacterEncodingFilter.doFilterInternal(CharacterEncodingFilter.java:201)
	at org.springframework.web.filter.OncePerRequestFilter.doFilter(OncePerRequestFilter.java:116)
	at org.apache.catalina.core.ApplicationFilterChain.internalDoFilter(ApplicationFilterChain.java:164)
	at org.apache.catalina.core.ApplicationFilterChain.doFilter(ApplicationFilterChain.java:140)
	at org.apache.catalina.core.StandardWrapperValve.invoke(StandardWrapperValve.java:167)
	at org.apache.catalina.core.StandardContextValve.invoke(StandardContextValve.java:90)
	at org.apache.catalina.authenticator.AuthenticatorBase.invoke(AuthenticatorBase.java:482)
	at org.apache.catalina.core.StandardHostValve.invoke(StandardHostValve.java:115)
	at org.apache.catalina.valves.ErrorReportValve.invoke(ErrorReportValve.java:93)
	at org.apache.catalina.core.StandardEngineValve.invoke(StandardEngineValve.java:74)
	at org.apache.catalina.connector.CoyoteAdapter.service(CoyoteAdapter.java:344)
	at org.apache.coyote.http11.Http11Processor.service(Http11Processor.java:389)
	at org.apache.coyote.AbstractProcessorLight.process(AbstractProcessorLight.java:63)
	at org.apache.coyote.AbstractProtocol$ConnectionHandler.process(AbstractProtocol.java:904)
	at org.apache.tomcat.util.net.NioEndpoint$SocketProcessor.doRun(NioEndpoint.java:1741)
	at org.apache.tomcat.util.net.SocketProcessorBase.run(SocketProcessorBase.java:52)
	at org.apache.tomcat.util.threads.ThreadPoolExecutor.runWorker(ThreadPoolExecutor.java:1190)
	at org.apache.tomcat.util.threads.ThreadPoolExecutor$Worker.run(ThreadPoolExecutor.java:659)
	at org.apache.tomcat.util.threads.TaskThread$WrappingRunnable.run(TaskThread.java:63)
	at java.base/java.lang.Thread.run(Thread.java:1583)
Caused by: java.lang.NoSuchMethodException: com.banking.creditjourney.document.dto.response.DocumentListResponse.<init>()
	at java.base/java.lang.Class.getConstructor0(Class.java:3763)
	at java.base/java.lang.Class.getDeclaredConstructor(Class.java:2932)
	at org.springframework.beans.BeanUtils.instantiateClass(BeanUtils.java:139)
	... 176 common frames omitted
2026-02-02 21:16:53.637 [RMI TCP Connection(10)-127.0.0.1] INFO  o.s.b.a.SpringApplicationAdminMXBeanRegistrar$SpringApplicationAdmin [] - Application shutdown requested.
2026-02-02 21:16:53.648 [RMI TCP Connection(10)-127.0.0.1] INFO  o.a.coyote.http11.Http11NioProtocol [] - Stopping ProtocolHandler ["http-nio-8080"]
2026-02-02 21:16:53.708 [RMI TCP Connection(10)-127.0.0.1] INFO  com.zaxxer.hikari.HikariDataSource [] - HikariPool-1 - Shutdown initiated...
2026-02-02 21:16:53.744 [RMI TCP Connection(10)-127.0.0.1] INFO  com.zaxxer.hikari.HikariDataSource [] - HikariPool-1 - Shutdown completed.
2026-02-02 21:17:43.232 [background-preinit] INFO  o.h.validator.internal.util.Version [] - HV000001: Hibernate Validator 8.0.1.Final
2026-02-02 21:17:43.384 [main] INFO  c.b.c.d.DocumentManagementApplication [] - Starting DocumentManagementApplication using Java 21.0.10 with PID 12500 (C:\Workspace_IP\document-managment\bin\main started by suyogita.shivare in C:\Workspace_IP\document-managment)
2026-02-02 21:17:43.384 [main] INFO  c.b.c.d.DocumentManagementApplication [] - No active profile set, falling back to 1 default profile: "default"
2026-02-02 21:17:48.038 [main] INFO  o.s.d.r.c.RepositoryConfigurationDelegate [] - Bootstrapping Spring Data JDBC repositories in DEFAULT mode.
2026-02-02 21:17:48.168 [main] INFO  o.s.d.r.c.RepositoryConfigurationDelegate [] - Finished Spring Data repository scanning in 106 ms. Found 0 JDBC repository interfaces.
2026-02-02 21:17:50.194 [main] INFO  o.s.b.w.e.tomcat.TomcatWebServer [] - Tomcat initialized with port 8080 (http)
2026-02-02 21:17:50.242 [main] INFO  o.a.coyote.http11.Http11NioProtocol [] - Initializing ProtocolHandler ["http-nio-8080"]
2026-02-02 21:17:50.250 [main] INFO  o.a.catalina.core.StandardService [] - Starting service [Tomcat]
2026-02-02 21:17:50.251 [main] INFO  o.a.catalina.core.StandardEngine [] - Starting Servlet engine: [Apache Tomcat/10.1.25]
2026-02-02 21:17:50.558 [main] INFO  o.a.c.c.C.[Tomcat].[localhost].[/] [] - Initializing Spring embedded WebApplicationContext
2026-02-02 21:17:50.558 [main] INFO  o.s.b.w.s.c.ServletWebServerApplicationContext [] - Root WebApplicationContext: initialization completed in 7000 ms
2026-02-02 21:17:50.908 [main] INFO  com.zaxxer.hikari.HikariDataSource [] - HikariPool-1 - Starting...
2026-02-02 21:17:52.023 [main] INFO  com.zaxxer.hikari.pool.HikariPool [] - HikariPool-1 - Added connection conn0: url=jdbc:h2:file:C:/Document_Management/h2/documentdb user=SA
2026-02-02 21:17:52.030 [main] INFO  com.zaxxer.hikari.HikariDataSource [] - HikariPool-1 - Start completed.
2026-02-02 21:17:52.080 [main] INFO  o.s.b.a.h.H2ConsoleAutoConfiguration [] - H2 console available at '/h2-console'. Database available at 'jdbc:h2:file:C:/Document_Management/h2/documentdb'
2026-02-02 21:17:53.270 [main] INFO  org.flywaydb.core.FlywayExecutor [] - Database: jdbc:h2:file:C:/Document_Management/h2/documentdb (H2 2.2)
2026-02-02 21:17:53.293 [main] WARN  o.f.c.i.database.base.Database [] - Flyway upgrade recommended: H2 2.2.224 is newer than this version of Flyway and support has not been tested. The latest supported version of H2 is 2.2.220.
2026-02-02 21:17:53.441 [main] INFO  o.f.core.internal.command.DbValidate [] - Successfully validated 2 migrations (execution time 00:00.108s)
2026-02-02 21:17:53.466 [main] INFO  o.f.core.internal.command.DbMigrate [] - Current version of schema "PUBLIC": 2
2026-02-02 21:17:53.482 [main] INFO  o.f.core.internal.command.DbMigrate [] - Schema "PUBLIC" is up to date. No migration necessary.
2026-02-02 21:17:54.247 [main] WARN  o.s.b.a.s.s.UserDetailsServiceAutoConfiguration [] - 

Using generated security password: f3d9fed6-00dc-423a-a2ad-bcc7e002f586

This generated password is for development use only. Your security configuration must be updated before running your application in production.

2026-02-02 21:17:54.337 [main] INFO  o.s.s.c.a.a.c.InitializeUserDetailsBeanManagerConfigurer$InitializeUserDetailsManagerConfigurer [] - Global AuthenticationManager configured with UserDetailsService bean with name inMemoryUserDetailsManager
2026-02-02 21:17:55.635 [main] INFO  o.s.b.a.e.web.EndpointLinksResolver [] - Exposing 1 endpoint beneath base path '/actuator'
2026-02-02 21:17:58.088 [main] INFO  o.a.coyote.http11.Http11NioProtocol [] - Starting ProtocolHandler ["http-nio-8080"]
2026-02-02 21:17:58.197 [main] INFO  o.s.b.w.e.tomcat.TomcatWebServer [] - Tomcat started on port 8080 (http) with context path '/'
2026-02-02 21:17:58.246 [main] INFO  c.b.c.d.DocumentManagementApplication [] - Started DocumentManagementApplication in 16.436 seconds (process running for 21.837)
2026-02-02 21:17:59.065 [RMI TCP Connection(4)-127.0.0.1] INFO  o.a.c.c.C.[Tomcat].[localhost].[/] [] - Initializing Spring DispatcherServlet 'dispatcherServlet'
2026-02-02 21:17:59.065 [RMI TCP Connection(4)-127.0.0.1] INFO  o.s.web.servlet.DispatcherServlet [] - Initializing Servlet 'dispatcherServlet'
2026-02-02 21:17:59.065 [RMI TCP Connection(4)-127.0.0.1] INFO  o.s.web.servlet.DispatcherServlet [] - Completed initialization in 0 ms
2026-02-02 21:18:25.391 [http-nio-8080-exec-9] INFO  o.s.api.AbstractOpenApiResource [e62cf337-6057-4be7-b2a7-79815937a26f] - Init duration for springdoc-openapi is: 3553 ms
2026-02-02 21:18:58.236 [http-nio-8080-exec-10] INFO  c.b.c.d.c.DocumentController [bbfc82d1-2a6c-4014-a024-022660317959] - Document listing API starts:  /documentsListing |userId=suyogita.shivare@accenture.com | page=0 | size=1
2026-02-02 21:18:58.277 [http-nio-8080-exec-10] INFO  c.b.c.d.service.DocumentServiceImpl [bbfc82d1-2a6c-4014-a024-022660317959] - Listing documents | userIdsuyogita.shivare@accenture.com | page0 | size1
2026-02-02 21:18:58.313 [http-nio-8080-exec-10] DEBUG o.s.jdbc.core.JdbcTemplate [bbfc82d1-2a6c-4014-a024-022660317959] - Executing prepared SQL query
2026-02-02 21:18:58.318 [http-nio-8080-exec-10] DEBUG o.s.jdbc.core.JdbcTemplate [bbfc82d1-2a6c-4014-a024-022660317959] - Executing prepared SQL statement [SELECT documentid AS documentId,
       file_name AS fileName,
       file_type AS fileType,
       file_size AS fileSize,
       created_at AS createdAt,
       updated_at AS updatedAt
FROM documents
WHERE user_id = ?
  AND is_deleted = FALSE
  AND (? IS NULL OR created_at >= ?)
  AND (? IS NULL OR created_at <= ?)
  AND (? IS NULL OR file_size >= ?)
  AND (? IS NULL OR file_size <= ?)
ORDER BY created_at DESC
LIMIT ? OFFSET ?
]
2026-02-02 21:18:58.361 [http-nio-8080-exec-10] DEBUG o.s.jdbc.core.BeanPropertyRowMapper [bbfc82d1-2a6c-4014-a024-022660317959] - Mapping column 'DOCUMENTID' to property 'documentId' of type 'java.lang.Long'
2026-02-02 21:18:58.363 [http-nio-8080-exec-10] DEBUG o.s.jdbc.core.BeanPropertyRowMapper [bbfc82d1-2a6c-4014-a024-022660317959] - Mapping column 'FILENAME' to property 'fileName' of type 'java.lang.String'
2026-02-02 21:18:58.363 [http-nio-8080-exec-10] DEBUG o.s.jdbc.core.BeanPropertyRowMapper [bbfc82d1-2a6c-4014-a024-022660317959] - Mapping column 'FILETYPE' to property 'fileType' of type 'java.lang.String'
2026-02-02 21:18:58.365 [http-nio-8080-exec-10] DEBUG o.s.jdbc.core.BeanPropertyRowMapper [bbfc82d1-2a6c-4014-a024-022660317959] - Mapping column 'FILESIZE' to property 'fileSize' of type 'java.lang.Long'
2026-02-02 21:18:58.370 [http-nio-8080-exec-10] DEBUG o.s.jdbc.core.BeanPropertyRowMapper [bbfc82d1-2a6c-4014-a024-022660317959] - Mapping column 'CREATEDAT' to property 'createdAt' of type 'java.time.LocalDateTime'
2026-02-02 21:18:58.375 [http-nio-8080-exec-10] DEBUG o.s.jdbc.core.BeanPropertyRowMapper [bbfc82d1-2a6c-4014-a024-022660317959] - Mapping column 'UPDATEDAT' to property 'updatedAt' of type 'java.time.LocalDateTime'
2026-02-02 21:18:58.391 [http-nio-8080-exec-10] DEBUG o.s.jdbc.core.JdbcTemplate [bbfc82d1-2a6c-4014-a024-022660317959] - Executing prepared SQL query
2026-02-02 21:18:58.392 [http-nio-8080-exec-10] DEBUG o.s.jdbc.core.JdbcTemplate [bbfc82d1-2a6c-4014-a024-022660317959] - Executing prepared SQL statement [SELECT COUNT(1)
FROM documents
WHERE user_id = ?
  AND is_deleted = FALSE
  AND (? IS NULL OR created_at >= ?)
  AND (? IS NULL OR created_at <= ?)
  AND (? IS NULL OR file_size >= ?)
  AND (? IS NULL OR file_size <= ?)
]
2026-02-02 21:19:22.367 [http-nio-8080-exec-6] INFO  c.b.c.d.c.DocumentController [dc9efb8d-16a8-4e57-ba8f-b07f56fba121] - Document listing API starts:  /documentsListing |userId=suyogita.shivare@accenture.com | page=0 | size=10
2026-02-02 21:19:22.369 [http-nio-8080-exec-6] INFO  c.b.c.d.service.DocumentServiceImpl [dc9efb8d-16a8-4e57-ba8f-b07f56fba121] - Listing documents | userIdsuyogita.shivare@accenture.com | page0 | size10
2026-02-02 21:19:22.372 [http-nio-8080-exec-6] DEBUG o.s.jdbc.core.JdbcTemplate [dc9efb8d-16a8-4e57-ba8f-b07f56fba121] - Executing prepared SQL query
2026-02-02 21:19:22.372 [http-nio-8080-exec-6] DEBUG o.s.jdbc.core.JdbcTemplate [dc9efb8d-16a8-4e57-ba8f-b07f56fba121] - Executing prepared SQL statement [SELECT documentid AS documentId,
       file_name AS fileName,
       file_type AS fileType,
       file_size AS fileSize,
       created_at AS createdAt,
       updated_at AS updatedAt
FROM documents
WHERE user_id = ?
  AND is_deleted = FALSE
  AND (? IS NULL OR created_at >= ?)
  AND (? IS NULL OR created_at <= ?)
  AND (? IS NULL OR file_size >= ?)
  AND (? IS NULL OR file_size <= ?)
ORDER BY created_at DESC
LIMIT ? OFFSET ?
]
2026-02-02 21:19:22.375 [http-nio-8080-exec-6] DEBUG o.s.jdbc.core.BeanPropertyRowMapper [dc9efb8d-16a8-4e57-ba8f-b07f56fba121] - Mapping column 'DOCUMENTID' to property 'documentId' of type 'java.lang.Long'
2026-02-02 21:19:22.376 [http-nio-8080-exec-6] DEBUG o.s.jdbc.core.BeanPropertyRowMapper [dc9efb8d-16a8-4e57-ba8f-b07f56fba121] - Mapping column 'FILENAME' to property 'fileName' of type 'java.lang.String'
2026-02-02 21:19:22.377 [http-nio-8080-exec-6] DEBUG o.s.jdbc.core.BeanPropertyRowMapper [dc9efb8d-16a8-4e57-ba8f-b07f56fba121] - Mapping column 'FILETYPE' to property 'fileType' of type 'java.lang.String'
2026-02-02 21:19:22.379 [http-nio-8080-exec-6] DEBUG o.s.jdbc.core.BeanPropertyRowMapper [dc9efb8d-16a8-4e57-ba8f-b07f56fba121] - Mapping column 'FILESIZE' to property 'fileSize' of type 'java.lang.Long'
2026-02-02 21:19:22.381 [http-nio-8080-exec-6] DEBUG o.s.jdbc.core.BeanPropertyRowMapper [dc9efb8d-16a8-4e57-ba8f-b07f56fba121] - Mapping column 'CREATEDAT' to property 'createdAt' of type 'java.time.LocalDateTime'
2026-02-02 21:19:22.381 [http-nio-8080-exec-6] DEBUG o.s.jdbc.core.BeanPropertyRowMapper [dc9efb8d-16a8-4e57-ba8f-b07f56fba121] - Mapping column 'UPDATEDAT' to property 'updatedAt' of type 'java.time.LocalDateTime'
2026-02-02 21:19:22.384 [http-nio-8080-exec-6] DEBUG o.s.jdbc.core.JdbcTemplate [dc9efb8d-16a8-4e57-ba8f-b07f56fba121] - Executing prepared SQL query
2026-02-02 21:19:22.386 [http-nio-8080-exec-6] DEBUG o.s.jdbc.core.JdbcTemplate [dc9efb8d-16a8-4e57-ba8f-b07f56fba121] - Executing prepared SQL statement [SELECT COUNT(1)
FROM documents
WHERE user_id = ?
  AND is_deleted = FALSE
  AND (? IS NULL OR created_at >= ?)
  AND (? IS NULL OR created_at <= ?)
  AND (? IS NULL OR file_size >= ?)
  AND (? IS NULL OR file_size <= ?)
]
2026-02-02 21:19:37.656 [http-nio-8080-exec-4] INFO  c.b.c.d.c.DocumentController [70cc7057-c4dc-4221-a556-f7081d643aae] - Document listing API starts:  /documentsListing |userId=suyogita.shivare@accenture.com | page=0 | size=3
2026-02-02 21:19:37.658 [http-nio-8080-exec-4] INFO  c.b.c.d.service.DocumentServiceImpl [70cc7057-c4dc-4221-a556-f7081d643aae] - Listing documents | userIdsuyogita.shivare@accenture.com | page0 | size3
2026-02-02 21:19:37.661 [http-nio-8080-exec-4] DEBUG o.s.jdbc.core.JdbcTemplate [70cc7057-c4dc-4221-a556-f7081d643aae] - Executing prepared SQL query
2026-02-02 21:19:37.666 [http-nio-8080-exec-4] DEBUG o.s.jdbc.core.JdbcTemplate [70cc7057-c4dc-4221-a556-f7081d643aae] - Executing prepared SQL statement [SELECT documentid AS documentId,
       file_name AS fileName,
       file_type AS fileType,
       file_size AS fileSize,
       created_at AS createdAt,
       updated_at AS updatedAt
FROM documents
WHERE user_id = ?
  AND is_deleted = FALSE
  AND (? IS NULL OR created_at >= ?)
  AND (? IS NULL OR created_at <= ?)
  AND (? IS NULL OR file_size >= ?)
  AND (? IS NULL OR file_size <= ?)
ORDER BY created_at DESC
LIMIT ? OFFSET ?
]
2026-02-02 21:19:37.668 [http-nio-8080-exec-4] DEBUG o.s.jdbc.core.BeanPropertyRowMapper [70cc7057-c4dc-4221-a556-f7081d643aae] - Mapping column 'DOCUMENTID' to property 'documentId' of type 'java.lang.Long'
2026-02-02 21:19:37.668 [http-nio-8080-exec-4] DEBUG o.s.jdbc.core.BeanPropertyRowMapper [70cc7057-c4dc-4221-a556-f7081d643aae] - Mapping column 'FILENAME' to property 'fileName' of type 'java.lang.String'
2026-02-02 21:19:37.668 [http-nio-8080-exec-4] DEBUG o.s.jdbc.core.BeanPropertyRowMapper [70cc7057-c4dc-4221-a556-f7081d643aae] - Mapping column 'FILETYPE' to property 'fileType' of type 'java.lang.String'
2026-02-02 21:19:37.668 [http-nio-8080-exec-4] DEBUG o.s.jdbc.core.BeanPropertyRowMapper [70cc7057-c4dc-4221-a556-f7081d643aae] - Mapping column 'FILESIZE' to property 'fileSize' of type 'java.lang.Long'
2026-02-02 21:19:37.668 [http-nio-8080-exec-4] DEBUG o.s.jdbc.core.BeanPropertyRowMapper [70cc7057-c4dc-4221-a556-f7081d643aae] - Mapping column 'CREATEDAT' to property 'createdAt' of type 'java.time.LocalDateTime'
2026-02-02 21:19:37.668 [http-nio-8080-exec-4] DEBUG o.s.jdbc.core.BeanPropertyRowMapper [70cc7057-c4dc-4221-a556-f7081d643aae] - Mapping column 'UPDATEDAT' to property 'updatedAt' of type 'java.time.LocalDateTime'
2026-02-02 21:19:37.668 [http-nio-8080-exec-4] DEBUG o.s.jdbc.core.JdbcTemplate [70cc7057-c4dc-4221-a556-f7081d643aae] - Executing prepared SQL query
2026-02-02 21:19:37.668 [http-nio-8080-exec-4] DEBUG o.s.jdbc.core.JdbcTemplate [70cc7057-c4dc-4221-a556-f7081d643aae] - Executing prepared SQL statement [SELECT COUNT(1)
FROM documents
WHERE user_id = ?
  AND is_deleted = FALSE
  AND (? IS NULL OR created_at >= ?)
  AND (? IS NULL OR created_at <= ?)
  AND (? IS NULL OR file_size >= ?)
  AND (? IS NULL OR file_size <= ?)
]
2026-02-02 21:20:03.333 [http-nio-8080-exec-8] INFO  c.b.c.d.c.DocumentController [b657be6c-f6a1-4301-bfa5-0c0a9707837f] - Document listing API starts:  /documentsListing |userId=suyogita.shivare@accenture.com | page=0 | size=3
2026-02-02 21:20:03.341 [http-nio-8080-exec-8] INFO  c.b.c.d.service.DocumentServiceImpl [b657be6c-f6a1-4301-bfa5-0c0a9707837f] - Listing documents | userIdsuyogita.shivare@accenture.com | page0 | size3
2026-02-02 21:20:03.349 [http-nio-8080-exec-8] DEBUG o.s.jdbc.core.JdbcTemplate [b657be6c-f6a1-4301-bfa5-0c0a9707837f] - Executing prepared SQL query
2026-02-02 21:20:03.349 [http-nio-8080-exec-8] DEBUG o.s.jdbc.core.JdbcTemplate [b657be6c-f6a1-4301-bfa5-0c0a9707837f] - Executing prepared SQL statement [SELECT documentid AS documentId,
       file_name AS fileName,
       file_type AS fileType,
       file_size AS fileSize,
       created_at AS createdAt,
       updated_at AS updatedAt
FROM documents
WHERE user_id = ?
  AND is_deleted = FALSE
  AND (? IS NULL OR created_at >= ?)
  AND (? IS NULL OR created_at <= ?)
  AND (? IS NULL OR file_size >= ?)
  AND (? IS NULL OR file_size <= ?)
ORDER BY created_at ASC
LIMIT ? OFFSET ?
]
2026-02-02 21:20:03.357 [http-nio-8080-exec-8] DEBUG o.s.jdbc.core.BeanPropertyRowMapper [b657be6c-f6a1-4301-bfa5-0c0a9707837f] - Mapping column 'DOCUMENTID' to property 'documentId' of type 'java.lang.Long'
2026-02-02 21:20:03.359 [http-nio-8080-exec-8] DEBUG o.s.jdbc.core.BeanPropertyRowMapper [b657be6c-f6a1-4301-bfa5-0c0a9707837f] - Mapping column 'FILENAME' to property 'fileName' of type 'java.lang.String'
2026-02-02 21:20:03.359 [http-nio-8080-exec-8] DEBUG o.s.jdbc.core.BeanPropertyRowMapper [b657be6c-f6a1-4301-bfa5-0c0a9707837f] - Mapping column 'FILETYPE' to property 'fileType' of type 'java.lang.String'
2026-02-02 21:20:03.359 [http-nio-8080-exec-8] DEBUG o.s.jdbc.core.BeanPropertyRowMapper [b657be6c-f6a1-4301-bfa5-0c0a9707837f] - Mapping column 'FILESIZE' to property 'fileSize' of type 'java.lang.Long'
2026-02-02 21:20:03.359 [http-nio-8080-exec-8] DEBUG o.s.jdbc.core.BeanPropertyRowMapper [b657be6c-f6a1-4301-bfa5-0c0a9707837f] - Mapping column 'CREATEDAT' to property 'createdAt' of type 'java.time.LocalDateTime'
2026-02-02 21:20:03.359 [http-nio-8080-exec-8] DEBUG o.s.jdbc.core.BeanPropertyRowMapper [b657be6c-f6a1-4301-bfa5-0c0a9707837f] - Mapping column 'UPDATEDAT' to property 'updatedAt' of type 'java.time.LocalDateTime'
2026-02-02 21:20:03.359 [http-nio-8080-exec-8] DEBUG o.s.jdbc.core.JdbcTemplate [b657be6c-f6a1-4301-bfa5-0c0a9707837f] - Executing prepared SQL query
2026-02-02 21:20:03.364 [http-nio-8080-exec-8] DEBUG o.s.jdbc.core.JdbcTemplate [b657be6c-f6a1-4301-bfa5-0c0a9707837f] - Executing prepared SQL statement [SELECT COUNT(1)
FROM documents
WHERE user_id = ?
  AND is_deleted = FALSE
  AND (? IS NULL OR created_at >= ?)
  AND (? IS NULL OR created_at <= ?)
  AND (? IS NULL OR file_size >= ?)
  AND (? IS NULL OR file_size <= ?)
]
2026-02-02 21:20:15.267 [http-nio-8080-exec-7] INFO  c.b.c.d.c.DocumentController [38a67ceb-d0cf-47fd-a9e0-8977e8080998] - Document listing API starts:  /documentsListing |userId=suyogita.shivare@accenture.com | page=0 | size=3
2026-02-02 21:20:15.267 [http-nio-8080-exec-7] INFO  c.b.c.d.service.DocumentServiceImpl [38a67ceb-d0cf-47fd-a9e0-8977e8080998] - Listing documents | userIdsuyogita.shivare@accenture.com | page0 | size3
2026-02-02 21:20:15.267 [http-nio-8080-exec-7] DEBUG o.s.jdbc.core.JdbcTemplate [38a67ceb-d0cf-47fd-a9e0-8977e8080998] - Executing prepared SQL query
2026-02-02 21:20:15.267 [http-nio-8080-exec-7] DEBUG o.s.jdbc.core.JdbcTemplate [38a67ceb-d0cf-47fd-a9e0-8977e8080998] - Executing prepared SQL statement [SELECT documentid AS documentId,
       file_name AS fileName,
       file_type AS fileType,
       file_size AS fileSize,
       created_at AS createdAt,
       updated_at AS updatedAt
FROM documents
WHERE user_id = ?
  AND is_deleted = FALSE
  AND (? IS NULL OR created_at >= ?)
  AND (? IS NULL OR created_at <= ?)
  AND (? IS NULL OR file_size >= ?)
  AND (? IS NULL OR file_size <= ?)
ORDER BY created_at ASC
LIMIT ? OFFSET ?
]
2026-02-02 21:20:15.267 [http-nio-8080-exec-7] DEBUG o.s.jdbc.core.BeanPropertyRowMapper [38a67ceb-d0cf-47fd-a9e0-8977e8080998] - Mapping column 'DOCUMENTID' to property 'documentId' of type 'java.lang.Long'
2026-02-02 21:20:15.267 [http-nio-8080-exec-7] DEBUG o.s.jdbc.core.BeanPropertyRowMapper [38a67ceb-d0cf-47fd-a9e0-8977e8080998] - Mapping column 'FILENAME' to property 'fileName' of type 'java.lang.String'
2026-02-02 21:20:15.267 [http-nio-8080-exec-7] DEBUG o.s.jdbc.core.BeanPropertyRowMapper [38a67ceb-d0cf-47fd-a9e0-8977e8080998] - Mapping column 'FILETYPE' to property 'fileType' of type 'java.lang.String'
2026-02-02 21:20:15.267 [http-nio-8080-exec-7] DEBUG o.s.jdbc.core.BeanPropertyRowMapper [38a67ceb-d0cf-47fd-a9e0-8977e8080998] - Mapping column 'FILESIZE' to property 'fileSize' of type 'java.lang.Long'
2026-02-02 21:20:15.273 [http-nio-8080-exec-7] DEBUG o.s.jdbc.core.BeanPropertyRowMapper [38a67ceb-d0cf-47fd-a9e0-8977e8080998] - Mapping column 'CREATEDAT' to property 'createdAt' of type 'java.time.LocalDateTime'
2026-02-02 21:20:15.273 [http-nio-8080-exec-7] DEBUG o.s.jdbc.core.BeanPropertyRowMapper [38a67ceb-d0cf-47fd-a9e0-8977e8080998] - Mapping column 'UPDATEDAT' to property 'updatedAt' of type 'java.time.LocalDateTime'
2026-02-02 21:20:15.275 [http-nio-8080-exec-7] DEBUG o.s.jdbc.core.JdbcTemplate [38a67ceb-d0cf-47fd-a9e0-8977e8080998] - Executing prepared SQL query
2026-02-02 21:20:15.277 [http-nio-8080-exec-7] DEBUG o.s.jdbc.core.JdbcTemplate [38a67ceb-d0cf-47fd-a9e0-8977e8080998] - Executing prepared SQL statement [SELECT COUNT(1)
FROM documents
WHERE user_id = ?
  AND is_deleted = FALSE
  AND (? IS NULL OR created_at >= ?)
  AND (? IS NULL OR created_at <= ?)
  AND (? IS NULL OR file_size >= ?)
  AND (? IS NULL OR file_size <= ?)
]
2026-02-02 21:20:49.944 [RMI TCP Connection(7)-127.0.0.1] INFO  o.s.b.a.SpringApplicationAdminMXBeanRegistrar$SpringApplicationAdmin [] - Application shutdown requested.
2026-02-02 21:20:49.954 [RMI TCP Connection(7)-127.0.0.1] INFO  o.a.coyote.http11.Http11NioProtocol [] - Stopping ProtocolHandler ["http-nio-8080"]
2026-02-02 21:20:49.995 [RMI TCP Connection(7)-127.0.0.1] INFO  com.zaxxer.hikari.HikariDataSource [] - HikariPool-1 - Shutdown initiated...
2026-02-02 21:20:50.005 [RMI TCP Connection(7)-127.0.0.1] INFO  com.zaxxer.hikari.HikariDataSource [] - HikariPool-1 - Shutdown completed.
2026-02-02 21:24:15.518 [background-preinit] INFO  o.h.validator.internal.util.Version [] - HV000001: Hibernate Validator 8.0.1.Final
2026-02-02 21:24:15.669 [main] INFO  c.b.c.d.DocumentManagementApplication [] - Starting DocumentManagementApplication using Java 21.0.10 with PID 28048 (C:\Workspace_IP\document-managment\bin\main started by suyogita.shivare in C:\Workspace_IP\document-managment)
2026-02-02 21:24:15.672 [main] INFO  c.b.c.d.DocumentManagementApplication [] - No active profile set, falling back to 1 default profile: "default"
2026-02-02 21:24:19.466 [main] INFO  o.s.d.r.c.RepositoryConfigurationDelegate [] - Bootstrapping Spring Data JDBC repositories in DEFAULT mode.
2026-02-02 21:24:19.668 [main] INFO  o.s.d.r.c.RepositoryConfigurationDelegate [] - Finished Spring Data repository scanning in 183 ms. Found 0 JDBC repository interfaces.
2026-02-02 21:24:22.878 [main] INFO  o.s.b.w.e.tomcat.TomcatWebServer [] - Tomcat initialized with port 8080 (http)
2026-02-02 21:24:22.933 [main] INFO  o.a.coyote.http11.Http11NioProtocol [] - Initializing ProtocolHandler ["http-nio-8080"]
2026-02-02 21:24:22.941 [main] INFO  o.a.catalina.core.StandardService [] - Starting service [Tomcat]
2026-02-02 21:24:22.942 [main] INFO  o.a.catalina.core.StandardEngine [] - Starting Servlet engine: [Apache Tomcat/10.1.25]
2026-02-02 21:24:23.251 [main] INFO  o.a.c.c.C.[Tomcat].[localhost].[/] [] - Initializing Spring embedded WebApplicationContext
2026-02-02 21:24:23.254 [main] INFO  o.s.b.w.s.c.ServletWebServerApplicationContext [] - Root WebApplicationContext: initialization completed in 7403 ms
2026-02-02 21:24:23.653 [main] INFO  com.zaxxer.hikari.HikariDataSource [] - HikariPool-1 - Starting...
2026-02-02 21:24:24.546 [main] INFO  com.zaxxer.hikari.pool.HikariPool [] - HikariPool-1 - Added connection conn0: url=jdbc:h2:file:C:/Document_Management/h2/documentdb user=SA
2026-02-02 21:24:24.551 [main] INFO  com.zaxxer.hikari.HikariDataSource [] - HikariPool-1 - Start completed.
2026-02-02 21:24:24.611 [main] INFO  o.s.b.a.h.H2ConsoleAutoConfiguration [] - H2 console available at '/h2-console'. Database available at 'jdbc:h2:file:C:/Document_Management/h2/documentdb'
2026-02-02 21:24:25.431 [main] INFO  org.flywaydb.core.FlywayExecutor [] - Database: jdbc:h2:file:C:/Document_Management/h2/documentdb (H2 2.2)
2026-02-02 21:24:25.451 [main] WARN  o.f.c.i.database.base.Database [] - Flyway upgrade recommended: H2 2.2.224 is newer than this version of Flyway and support has not been tested. The latest supported version of H2 is 2.2.220.
2026-02-02 21:24:25.586 [main] INFO  o.f.core.internal.command.DbValidate [] - Successfully validated 2 migrations (execution time 00:00.098s)
2026-02-02 21:24:25.626 [main] INFO  o.f.core.internal.command.DbMigrate [] - Current version of schema "PUBLIC": 2
2026-02-02 21:24:25.633 [main] INFO  o.f.core.internal.command.DbMigrate [] - Schema "PUBLIC" is up to date. No migration necessary.
2026-02-02 21:24:26.264 [main] WARN  o.s.b.a.s.s.UserDetailsServiceAutoConfiguration [] - 

Using generated security password: a3408485-2713-46d2-980d-f2d628914af0

This generated password is for development use only. Your security configuration must be updated before running your application in production.

2026-02-02 21:24:26.360 [main] INFO  o.s.s.c.a.a.c.InitializeUserDetailsBeanManagerConfigurer$InitializeUserDetailsManagerConfigurer [] - Global AuthenticationManager configured with UserDetailsService bean with name inMemoryUserDetailsManager
2026-02-02 21:24:27.400 [main] INFO  o.s.b.a.e.web.EndpointLinksResolver [] - Exposing 1 endpoint beneath base path '/actuator'
2026-02-02 21:24:28.882 [main] INFO  o.a.coyote.http11.Http11NioProtocol [] - Starting ProtocolHandler ["http-nio-8080"]
2026-02-02 21:24:28.940 [main] INFO  o.s.b.w.e.tomcat.TomcatWebServer [] - Tomcat started on port 8080 (http) with context path '/'
2026-02-02 21:24:28.989 [main] INFO  c.b.c.d.DocumentManagementApplication [] - Started DocumentManagementApplication in 14.743 seconds (process running for 19.506)
2026-02-02 21:24:29.426 [RMI TCP Connection(4)-127.0.0.1] INFO  o.a.c.c.C.[Tomcat].[localhost].[/] [] - Initializing Spring DispatcherServlet 'dispatcherServlet'
2026-02-02 21:24:29.427 [RMI TCP Connection(4)-127.0.0.1] INFO  o.s.web.servlet.DispatcherServlet [] - Initializing Servlet 'dispatcherServlet'
2026-02-02 21:24:29.430 [RMI TCP Connection(4)-127.0.0.1] INFO  o.s.web.servlet.DispatcherServlet [] - Completed initialization in 3 ms
2026-02-02 21:24:38.360 [http-nio-8080-exec-9] INFO  o.s.api.AbstractOpenApiResource [ce996e76-29c2-4ea3-9bc9-2cacb8c81206] - Init duration for springdoc-openapi is: 1394 ms
2026-02-02 21:27:55.744 [RMI TCP Connection(9)-127.0.0.1] INFO  o.s.b.a.SpringApplicationAdminMXBeanRegistrar$SpringApplicationAdmin [] - Application shutdown requested.
2026-02-02 21:27:55.754 [RMI TCP Connection(9)-127.0.0.1] INFO  o.a.coyote.http11.Http11NioProtocol [] - Stopping ProtocolHandler ["http-nio-8080"]
2026-02-02 21:27:55.848 [RMI TCP Connection(9)-127.0.0.1] INFO  com.zaxxer.hikari.HikariDataSource [] - HikariPool-1 - Shutdown initiated...
2026-02-02 21:27:55.865 [RMI TCP Connection(9)-127.0.0.1] INFO  com.zaxxer.hikari.HikariDataSource [] - HikariPool-1 - Shutdown completed.
2026-02-02 21:28:09.758 [background-preinit] INFO  o.h.validator.internal.util.Version [] - HV000001: Hibernate Validator 8.0.1.Final
2026-02-02 21:28:09.908 [main] INFO  c.b.c.d.DocumentManagementApplication [] - Starting DocumentManagementApplication using Java 21.0.10 with PID 13752 (C:\Workspace_IP\document-managment\bin\main started by suyogita.shivare in C:\Workspace_IP\document-managment)
2026-02-02 21:28:09.911 [main] INFO  c.b.c.d.DocumentManagementApplication [] - No active profile set, falling back to 1 default profile: "default"
2026-02-02 21:28:13.056 [main] INFO  o.s.d.r.c.RepositoryConfigurationDelegate [] - Bootstrapping Spring Data JDBC repositories in DEFAULT mode.
2026-02-02 21:28:13.111 [main] INFO  o.s.d.r.c.RepositoryConfigurationDelegate [] - Finished Spring Data repository scanning in 46 ms. Found 0 JDBC repository interfaces.
2026-02-02 21:28:14.286 [main] INFO  o.s.b.w.e.tomcat.TomcatWebServer [] - Tomcat initialized with port 8080 (http)
2026-02-02 21:28:14.315 [main] INFO  o.a.coyote.http11.Http11NioProtocol [] - Initializing ProtocolHandler ["http-nio-8080"]
2026-02-02 21:28:14.322 [main] INFO  o.a.catalina.core.StandardService [] - Starting service [Tomcat]
2026-02-02 21:28:14.323 [main] INFO  o.a.catalina.core.StandardEngine [] - Starting Servlet engine: [Apache Tomcat/10.1.25]
2026-02-02 21:28:14.501 [main] INFO  o.a.c.c.C.[Tomcat].[localhost].[/] [] - Initializing Spring embedded WebApplicationContext
2026-02-02 21:28:14.502 [main] INFO  o.s.b.w.s.c.ServletWebServerApplicationContext [] - Root WebApplicationContext: initialization completed in 4457 ms
2026-02-02 21:28:14.710 [main] INFO  com.zaxxer.hikari.HikariDataSource [] - HikariPool-1 - Starting...
2026-02-02 21:28:15.340 [main] INFO  com.zaxxer.hikari.pool.HikariPool [] - HikariPool-1 - Added connection conn0: url=jdbc:h2:file:C:/Document_Management/h2/documentdb user=SA
2026-02-02 21:28:15.347 [main] INFO  com.zaxxer.hikari.HikariDataSource [] - HikariPool-1 - Start completed.
2026-02-02 21:28:15.389 [main] INFO  o.s.b.a.h.H2ConsoleAutoConfiguration [] - H2 console available at '/h2-console'. Database available at 'jdbc:h2:file:C:/Document_Management/h2/documentdb'
2026-02-02 21:28:16.156 [main] INFO  org.flywaydb.core.FlywayExecutor [] - Database: jdbc:h2:file:C:/Document_Management/h2/documentdb (H2 2.2)
2026-02-02 21:28:16.182 [main] WARN  o.f.c.i.database.base.Database [] - Flyway upgrade recommended: H2 2.2.224 is newer than this version of Flyway and support has not been tested. The latest supported version of H2 is 2.2.220.
2026-02-02 21:28:16.279 [main] INFO  o.f.core.internal.command.DbValidate [] - Successfully validated 2 migrations (execution time 00:00.063s)
2026-02-02 21:28:16.307 [main] INFO  o.f.core.internal.command.DbMigrate [] - Current version of schema "PUBLIC": 2
2026-02-02 21:28:16.314 [main] INFO  o.f.core.internal.command.DbMigrate [] - Schema "PUBLIC" is up to date. No migration necessary.
2026-02-02 21:28:16.814 [main] WARN  o.s.b.a.s.s.UserDetailsServiceAutoConfiguration [] - 

Using generated security password: a514d23b-8484-4e4b-83de-e84a1f358d99

This generated password is for development use only. Your security configuration must be updated before running your application in production.

2026-02-02 21:28:16.875 [main] INFO  o.s.s.c.a.a.c.InitializeUserDetailsBeanManagerConfigurer$InitializeUserDetailsManagerConfigurer [] - Global AuthenticationManager configured with UserDetailsService bean with name inMemoryUserDetailsManager
2026-02-02 21:28:17.661 [main] INFO  o.s.b.a.e.web.EndpointLinksResolver [] - Exposing 1 endpoint beneath base path '/actuator'
2026-02-02 21:28:18.931 [main] INFO  o.a.coyote.http11.Http11NioProtocol [] - Starting ProtocolHandler ["http-nio-8080"]
2026-02-02 21:28:18.985 [main] INFO  o.s.b.w.e.tomcat.TomcatWebServer [] - Tomcat started on port 8080 (http) with context path '/'
2026-02-02 21:28:19.026 [main] INFO  c.b.c.d.DocumentManagementApplication [] - Started DocumentManagementApplication in 10.499 seconds (process running for 12.776)
2026-02-02 21:28:19.623 [RMI TCP Connection(4)-127.0.0.1] INFO  o.a.c.c.C.[Tomcat].[localhost].[/] [] - Initializing Spring DispatcherServlet 'dispatcherServlet'
2026-02-02 21:28:19.624 [RMI TCP Connection(4)-127.0.0.1] INFO  o.s.web.servlet.DispatcherServlet [] - Initializing Servlet 'dispatcherServlet'
2026-02-02 21:28:19.627 [RMI TCP Connection(4)-127.0.0.1] INFO  o.s.web.servlet.DispatcherServlet [] - Completed initialization in 3 ms
2026-02-02 21:28:31.072 [http-nio-8080-exec-9] INFO  o.s.api.AbstractOpenApiResource [6995a5c4-79e4-4216-bb59-a3eeddb0b92b] - Init duration for springdoc-openapi is: 1343 ms
2026-02-02 21:29:25.713 [http-nio-8080-exec-9] INFO  c.b.c.d.c.DocumentController [732b410e-2e37-466e-88cb-5cbe34d12aba] - Get Document API /documents/{documentId} starts for userIdanonymousUser
2026-02-02 21:29:25.774 [http-nio-8080-exec-9] DEBUG o.s.jdbc.core.JdbcTemplate [732b410e-2e37-466e-88cb-5cbe34d12aba] - Executing prepared SQL query
2026-02-02 21:29:25.780 [http-nio-8080-exec-9] DEBUG o.s.jdbc.core.JdbcTemplate [732b410e-2e37-466e-88cb-5cbe34d12aba] - Executing prepared SQL statement [SELECT *
FROM documents
WHERE documentid = ?
  AND user_id = ?
  AND is_deleted = FALSE
]
2026-02-02 21:29:25.826 [http-nio-8080-exec-9] ERROR c.b.c.d.e.GlobalExceptionHandler [732b410e-2e37-466e-88cb-5cbe34d12aba] - Unhandled exception
org.springframework.dao.EmptyResultDataAccessException: Incorrect result size: expected 1, actual 0
	at org.springframework.dao.support.DataAccessUtils.nullableSingleResult(DataAccessUtils.java:190)
	at org.springframework.jdbc.core.namedparam.NamedParameterJdbcTemplate.queryForObject(NamedParameterJdbcTemplate.java:253)
	at com.banking.creditjourney.document.repository.DocumentRepository.findDocumentById(DocumentRepository.java:124)
	at java.base/jdk.internal.reflect.DirectMethodHandleAccessor.invoke(DirectMethodHandleAccessor.java:103)
	at java.base/java.lang.reflect.Method.invoke(Method.java:580)
	at org.springframework.aop.support.AopUtils.invokeJoinpointUsingReflection(AopUtils.java:354)
	at org.springframework.aop.framework.ReflectiveMethodInvocation.invokeJoinpoint(ReflectiveMethodInvocation.java:196)
	at org.springframework.aop.framework.ReflectiveMethodInvocation.proceed(ReflectiveMethodInvocation.java:163)
	at org.springframework.aop.framework.CglibAopProxy$CglibMethodInvocation.proceed(CglibAopProxy.java:768)
	at org.springframework.dao.support.PersistenceExceptionTranslationInterceptor.invoke(PersistenceExceptionTranslationInterceptor.java:138)
	at org.springframework.aop.framework.ReflectiveMethodInvocation.proceed(ReflectiveMethodInvocation.java:184)
	at org.springframework.aop.framework.CglibAopProxy$CglibMethodInvocation.proceed(CglibAopProxy.java:768)
	at org.springframework.aop.framework.CglibAopProxy$DynamicAdvisedInterceptor.intercept(CglibAopProxy.java:720)
	at com.banking.creditjourney.document.repository.DocumentRepository$$SpringCGLIB$$0.findDocumentById(<generated>)
	at com.banking.creditjourney.document.service.DocumentServiceImpl.downloadDocument(DocumentServiceImpl.java:204)
	at java.base/jdk.internal.reflect.DirectMethodHandleAccessor.invoke(DirectMethodHandleAccessor.java:103)
	at java.base/java.lang.reflect.Method.invoke(Method.java:580)
	at org.springframework.aop.support.AopUtils.invokeJoinpointUsingReflection(AopUtils.java:354)
	at org.springframework.aop.framework.ReflectiveMethodInvocation.invokeJoinpoint(ReflectiveMethodInvocation.java:196)
	at org.springframework.aop.framework.ReflectiveMethodInvocation.proceed(ReflectiveMethodInvocation.java:163)
	at org.springframework.aop.framework.CglibAopProxy$CglibMethodInvocation.proceed(CglibAopProxy.java:768)
	at org.springframework.transaction.interceptor.TransactionInterceptor$1.proceedWithInvocation(TransactionInterceptor.java:123)
	at org.springframework.transaction.interceptor.TransactionAspectSupport.invokeWithinTransaction(TransactionAspectSupport.java:392)
	at org.springframework.transaction.interceptor.TransactionInterceptor.invoke(TransactionInterceptor.java:119)
	at org.springframework.aop.framework.ReflectiveMethodInvocation.proceed(ReflectiveMethodInvocation.java:184)
	at org.springframework.aop.framework.CglibAopProxy$CglibMethodInvocation.proceed(CglibAopProxy.java:768)
	at org.springframework.aop.framework.CglibAopProxy$DynamicAdvisedInterceptor.intercept(CglibAopProxy.java:720)
	at com.banking.creditjourney.document.service.DocumentServiceImpl$$SpringCGLIB$$0.downloadDocument(<generated>)
	at com.banking.creditjourney.document.controller.DocumentController.downloadDocument(DocumentController.java:136)
	at java.base/jdk.internal.reflect.DirectMethodHandleAccessor.invoke(DirectMethodHandleAccessor.java:103)
	at java.base/java.lang.reflect.Method.invoke(Method.java:580)
	at org.springframework.web.method.support.InvocableHandlerMethod.doInvoke(InvocableHandlerMethod.java:255)
	at org.springframework.web.method.support.InvocableHandlerMethod.invokeForRequest(InvocableHandlerMethod.java:188)
	at org.springframework.web.servlet.mvc.method.annotation.ServletInvocableHandlerMethod.invokeAndHandle(ServletInvocableHandlerMethod.java:118)
	at org.springframework.web.servlet.mvc.method.annotation.RequestMappingHandlerAdapter.invokeHandlerMethod(RequestMappingHandlerAdapter.java:926)
	at org.springframework.web.servlet.mvc.method.annotation.RequestMappingHandlerAdapter.handleInternal(RequestMappingHandlerAdapter.java:831)
	at org.springframework.web.servlet.mvc.method.AbstractHandlerMethodAdapter.handle(AbstractHandlerMethodAdapter.java:87)
	at org.springframework.web.servlet.DispatcherServlet.doDispatch(DispatcherServlet.java:1089)
	at org.springframework.web.servlet.DispatcherServlet.doService(DispatcherServlet.java:979)
	at org.springframework.web.servlet.FrameworkServlet.processRequest(FrameworkServlet.java:1014)
	at org.springframework.web.servlet.FrameworkServlet.doGet(FrameworkServlet.java:903)
	at jakarta.servlet.http.HttpServlet.service(HttpServlet.java:564)
	at org.springframework.web.servlet.FrameworkServlet.service(FrameworkServlet.java:885)
	at jakarta.servlet.http.HttpServlet.service(HttpServlet.java:658)
	at org.apache.catalina.core.ApplicationFilterChain.internalDoFilter(ApplicationFilterChain.java:195)
	at org.apache.catalina.core.ApplicationFilterChain.doFilter(ApplicationFilterChain.java:140)
	at org.apache.tomcat.websocket.server.WsFilter.doFilter(WsFilter.java:51)
	at org.apache.catalina.core.ApplicationFilterChain.internalDoFilter(ApplicationFilterChain.java:164)
	at org.apache.catalina.core.ApplicationFilterChain.doFilter(ApplicationFilterChain.java:140)
	at org.springframework.web.filter.OncePerRequestFilter.doFilter(OncePerRequestFilter.java:110)
	at org.apache.catalina.core.ApplicationFilterChain.internalDoFilter(ApplicationFilterChain.java:164)
	at org.apache.catalina.core.ApplicationFilterChain.doFilter(ApplicationFilterChain.java:140)
	at com.banking.creditjourney.document.security.CorrelationIdFilter.doFilterInternal(CorrelationIdFilter.java:31)
	at org.springframework.web.filter.OncePerRequestFilter.doFilter(OncePerRequestFilter.java:116)
	at org.apache.catalina.core.ApplicationFilterChain.internalDoFilter(ApplicationFilterChain.java:164)
	at org.apache.catalina.core.ApplicationFilterChain.doFilter(ApplicationFilterChain.java:140)
	at org.springframework.web.filter.CompositeFilter$VirtualFilterChain.doFilter(CompositeFilter.java:108)
	at org.springframework.security.web.FilterChainProxy.lambda$doFilterInternal$3(FilterChainProxy.java:231)
	at org.springframework.security.web.ObservationFilterChainDecorator$FilterObservation$SimpleFilterObservation.lambda$wrap$1(ObservationFilterChainDecorator.java:479)
	at org.springframework.security.web.ObservationFilterChainDecorator$AroundFilterObservation$SimpleAroundFilterObservation.lambda$wrap$1(ObservationFilterChainDecorator.java:340)
	at org.springframework.security.web.ObservationFilterChainDecorator.lambda$wrapSecured$0(ObservationFilterChainDecorator.java:82)
	at org.springframework.security.web.ObservationFilterChainDecorator$VirtualFilterChain.doFilter(ObservationFilterChainDecorator.java:128)
	at org.springframework.security.web.access.intercept.AuthorizationFilter.doFilter(AuthorizationFilter.java:100)
	at org.springframework.security.web.ObservationFilterChainDecorator$ObservationFilter.wrapFilter(ObservationFilterChainDecorator.java:240)
	at org.springframework.security.web.ObservationFilterChainDecorator$ObservationFilter.doFilter(ObservationFilterChainDecorator.java:227)
	at org.springframework.security.web.ObservationFilterChainDecorator$VirtualFilterChain.doFilter(ObservationFilterChainDecorator.java:137)
	at org.springframework.security.web.access.ExceptionTranslationFilter.doFilter(ExceptionTranslationFilter.java:126)
	at org.springframework.security.web.access.ExceptionTranslationFilter.doFilter(ExceptionTranslationFilter.java:120)
	at org.springframework.security.web.ObservationFilterChainDecorator$ObservationFilter.wrapFilter(ObservationFilterChainDecorator.java:240)
	at org.springframework.security.web.ObservationFilterChainDecorator$ObservationFilter.doFilter(ObservationFilterChainDecorator.java:227)
	at org.springframework.security.web.ObservationFilterChainDecorator$VirtualFilterChain.doFilter(ObservationFilterChainDecorator.java:137)
	at org.springframework.security.web.authentication.AnonymousAuthenticationFilter.doFilter(AnonymousAuthenticationFilter.java:100)
	at org.springframework.security.web.ObservationFilterChainDecorator$ObservationFilter.wrapFilter(ObservationFilterChainDecorator.java:240)
	at org.springframework.security.web.ObservationFilterChainDecorator$ObservationFilter.doFilter(ObservationFilterChainDecorator.java:227)
	at org.springframework.security.web.ObservationFilterChainDecorator$VirtualFilterChain.doFilter(ObservationFilterChainDecorator.java:137)
	at org.springframework.security.web.servletapi.SecurityContextHolderAwareRequestFilter.doFilter(SecurityContextHolderAwareRequestFilter.java:179)
	at org.springframework.security.web.ObservationFilterChainDecorator$ObservationFilter.wrapFilter(ObservationFilterChainDecorator.java:240)
	at org.springframework.security.web.ObservationFilterChainDecorator$ObservationFilter.doFilter(ObservationFilterChainDecorator.java:227)
	at org.springframework.security.web.ObservationFilterChainDecorator$VirtualFilterChain.doFilter(ObservationFilterChainDecorator.java:137)
	at org.springframework.security.web.savedrequest.RequestCacheAwareFilter.doFilter(RequestCacheAwareFilter.java:63)
	at org.springframework.security.web.ObservationFilterChainDecorator$ObservationFilter.wrapFilter(ObservationFilterChainDecorator.java:240)
	at org.springframework.security.web.ObservationFilterChainDecorator$ObservationFilter.doFilter(ObservationFilterChainDecorator.java:227)
	at org.springframework.security.web.ObservationFilterChainDecorator$VirtualFilterChain.doFilter(ObservationFilterChainDecorator.java:137)
	at org.springframework.security.web.authentication.www.BasicAuthenticationFilter.doFilterInternal(BasicAuthenticationFilter.java:181)
	at org.springframework.web.filter.OncePerRequestFilter.doFilter(OncePerRequestFilter.java:116)
	at org.springframework.security.web.ObservationFilterChainDecorator$ObservationFilter.wrapFilter(ObservationFilterChainDecorator.java:240)
	at org.springframework.security.web.ObservationFilterChainDecorator$ObservationFilter.doFilter(ObservationFilterChainDecorator.java:227)
	at org.springframework.security.web.ObservationFilterChainDecorator$VirtualFilterChain.doFilter(ObservationFilterChainDecorator.java:137)
	at com.banking.creditjourney.document.security.JwtAuthenticationFilter.doFilterInternal(JwtAuthenticationFilter.java:34)
	at org.springframework.web.filter.OncePerRequestFilter.doFilter(OncePerRequestFilter.java:116)
	at org.springframework.security.web.ObservationFilterChainDecorator$ObservationFilter.wrapFilter(ObservationFilterChainDecorator.java:240)
	at org.springframework.security.web.ObservationFilterChainDecorator$ObservationFilter.doFilter(ObservationFilterChainDecorator.java:227)
	at org.springframework.security.web.ObservationFilterChainDecorator$VirtualFilterChain.doFilter(ObservationFilterChainDecorator.java:137)
	at org.springframework.security.web.authentication.logout.LogoutFilter.doFilter(LogoutFilter.java:107)
	at org.springframework.security.web.authentication.logout.LogoutFilter.doFilter(LogoutFilter.java:93)
	at org.springframework.security.web.ObservationFilterChainDecorator$ObservationFilter.wrapFilter(ObservationFilterChainDecorator.java:240)
	at org.springframework.security.web.ObservationFilterChainDecorator$ObservationFilter.doFilter(ObservationFilterChainDecorator.java:227)
	at org.springframework.security.web.ObservationFilterChainDecorator$VirtualFilterChain.doFilter(ObservationFilterChainDecorator.java:137)
	at org.springframework.web.filter.CorsFilter.doFilterInternal(CorsFilter.java:91)
	at org.springframework.web.filter.OncePerRequestFilter.doFilter(OncePerRequestFilter.java:116)
	at org.springframework.security.web.ObservationFilterChainDecorator$ObservationFilter.wrapFilter(ObservationFilterChainDecorator.java:240)
	at org.springframework.security.web.ObservationFilterChainDecorator$ObservationFilter.doFilter(ObservationFilterChainDecorator.java:227)
	at org.springframework.security.web.ObservationFilterChainDecorator$VirtualFilterChain.doFilter(ObservationFilterChainDecorator.java:137)
	at org.springframework.security.web.header.HeaderWriterFilter.doHeadersAfter(HeaderWriterFilter.java:90)
	at org.springframework.security.web.header.HeaderWriterFilter.doFilterInternal(HeaderWriterFilter.java:75)
	at org.springframework.web.filter.OncePerRequestFilter.doFilter(OncePerRequestFilter.java:116)
	at org.springframework.security.web.ObservationFilterChainDecorator$ObservationFilter.wrapFilter(ObservationFilterChainDecorator.java:240)
	at org.springframework.security.web.ObservationFilterChainDecorator$ObservationFilter.doFilter(ObservationFilterChainDecorator.java:227)
	at org.springframework.security.web.ObservationFilterChainDecorator$VirtualFilterChain.doFilter(ObservationFilterChainDecorator.java:137)
	at org.springframework.security.web.context.SecurityContextHolderFilter.doFilter(SecurityContextHolderFilter.java:82)
	at org.springframework.security.web.context.SecurityContextHolderFilter.doFilter(SecurityContextHolderFilter.java:69)
	at org.springframework.security.web.ObservationFilterChainDecorator$ObservationFilter.wrapFilter(ObservationFilterChainDecorator.java:240)
	at org.springframework.security.web.ObservationFilterChainDecorator$ObservationFilter.doFilter(ObservationFilterChainDecorator.java:227)
	at org.springframework.security.web.ObservationFilterChainDecorator$VirtualFilterChain.doFilter(ObservationFilterChainDecorator.java:137)
	at org.springframework.security.web.context.request.async.WebAsyncManagerIntegrationFilter.doFilterInternal(WebAsyncManagerIntegrationFilter.java:62)
	at org.springframework.web.filter.OncePerRequestFilter.doFilter(OncePerRequestFilter.java:116)
	at org.springframework.security.web.ObservationFilterChainDecorator$ObservationFilter.wrapFilter(ObservationFilterChainDecorator.java:240)
	at org.springframework.security.web.ObservationFilterChainDecorator$ObservationFilter.doFilter(ObservationFilterChainDecorator.java:227)
	at org.springframework.security.web.ObservationFilterChainDecorator$VirtualFilterChain.doFilter(ObservationFilterChainDecorator.java:137)
	at org.springframework.security.web.session.DisableEncodeUrlFilter.doFilterInternal(DisableEncodeUrlFilter.java:42)
	at org.springframework.web.filter.OncePerRequestFilter.doFilter(OncePerRequestFilter.java:116)
	at org.springframework.security.web.ObservationFilterChainDecorator$ObservationFilter.wrapFilter(ObservationFilterChainDecorator.java:240)
	at org.springframework.security.web.ObservationFilterChainDecorator$AroundFilterObservation$SimpleAroundFilterObservation.lambda$wrap$0(ObservationFilterChainDecorator.java:323)
	at org.springframework.security.web.ObservationFilterChainDecorator$ObservationFilter.doFilter(ObservationFilterChainDecorator.java:224)
	at org.springframework.security.web.ObservationFilterChainDecorator$VirtualFilterChain.doFilter(ObservationFilterChainDecorator.java:137)
	at org.springframework.security.web.FilterChainProxy.doFilterInternal(FilterChainProxy.java:233)
	at org.springframework.security.web.FilterChainProxy.doFilter(FilterChainProxy.java:191)
	at org.springframework.web.filter.CompositeFilter$VirtualFilterChain.doFilter(CompositeFilter.java:113)
	at org.springframework.web.servlet.handler.HandlerMappingIntrospector.lambda$createCacheFilter$3(HandlerMappingIntrospector.java:195)
	at org.springframework.web.filter.CompositeFilter$VirtualFilterChain.doFilter(CompositeFilter.java:113)
	at org.springframework.web.filter.CompositeFilter.doFilter(CompositeFilter.java:74)
	at org.springframework.security.config.annotation.web.configuration.WebMvcSecurityConfiguration$CompositeFilterChainProxy.doFilter(WebMvcSecurityConfiguration.java:230)
	at org.springframework.web.filter.DelegatingFilterProxy.invokeDelegate(DelegatingFilterProxy.java:352)
	at org.springframework.web.filter.DelegatingFilterProxy.doFilter(DelegatingFilterProxy.java:268)
	at org.apache.catalina.core.ApplicationFilterChain.internalDoFilter(ApplicationFilterChain.java:164)
	at org.apache.catalina.core.ApplicationFilterChain.doFilter(ApplicationFilterChain.java:140)
	at org.springframework.web.filter.RequestContextFilter.doFilterInternal(RequestContextFilter.java:100)
	at org.springframework.web.filter.OncePerRequestFilter.doFilter(OncePerRequestFilter.java:116)
	at org.apache.catalina.core.ApplicationFilterChain.internalDoFilter(ApplicationFilterChain.java:164)
	at org.apache.catalina.core.ApplicationFilterChain.doFilter(ApplicationFilterChain.java:140)
	at org.springframework.web.filter.FormContentFilter.doFilterInternal(FormContentFilter.java:93)
	at org.springframework.web.filter.OncePerRequestFilter.doFilter(OncePerRequestFilter.java:116)
	at org.apache.catalina.core.ApplicationFilterChain.internalDoFilter(ApplicationFilterChain.java:164)
	at org.apache.catalina.core.ApplicationFilterChain.doFilter(ApplicationFilterChain.java:140)
	at org.springframework.web.filter.ServerHttpObservationFilter.doFilterInternal(ServerHttpObservationFilter.java:107)
	at org.springframework.web.filter.OncePerRequestFilter.doFilter(OncePerRequestFilter.java:116)
	at org.apache.catalina.core.ApplicationFilterChain.internalDoFilter(ApplicationFilterChain.java:164)
	at org.apache.catalina.core.ApplicationFilterChain.doFilter(ApplicationFilterChain.java:140)
	at org.springframework.web.filter.CharacterEncodingFilter.doFilterInternal(CharacterEncodingFilter.java:201)
	at org.springframework.web.filter.OncePerRequestFilter.doFilter(OncePerRequestFilter.java:116)
	at org.apache.catalina.core.ApplicationFilterChain.internalDoFilter(ApplicationFilterChain.java:164)
	at org.apache.catalina.core.ApplicationFilterChain.doFilter(ApplicationFilterChain.java:140)
	at org.apache.catalina.core.StandardWrapperValve.invoke(StandardWrapperValve.java:167)
	at org.apache.catalina.core.StandardContextValve.invoke(StandardContextValve.java:90)
	at org.apache.catalina.authenticator.AuthenticatorBase.invoke(AuthenticatorBase.java:482)
	at org.apache.catalina.core.StandardHostValve.invoke(StandardHostValve.java:115)
	at org.apache.catalina.valves.ErrorReportValve.invoke(ErrorReportValve.java:93)
	at org.apache.catalina.core.StandardEngineValve.invoke(StandardEngineValve.java:74)
	at org.apache.catalina.connector.CoyoteAdapter.service(CoyoteAdapter.java:344)
	at org.apache.coyote.http11.Http11Processor.service(Http11Processor.java:389)
	at org.apache.coyote.AbstractProcessorLight.process(AbstractProcessorLight.java:63)
	at org.apache.coyote.AbstractProtocol$ConnectionHandler.process(AbstractProtocol.java:904)
	at org.apache.tomcat.util.net.NioEndpoint$SocketProcessor.doRun(NioEndpoint.java:1741)
	at org.apache.tomcat.util.net.SocketProcessorBase.run(SocketProcessorBase.java:52)
	at org.apache.tomcat.util.threads.ThreadPoolExecutor.runWorker(ThreadPoolExecutor.java:1190)
	at org.apache.tomcat.util.threads.ThreadPoolExecutor$Worker.run(ThreadPoolExecutor.java:659)
	at org.apache.tomcat.util.threads.TaskThread$WrappingRunnable.run(TaskThread.java:63)
	at java.base/java.lang.Thread.run(Thread.java:1583)
2026-02-02 21:33:05.351 [RMI TCP Connection(11)-127.0.0.1] INFO  o.s.b.a.SpringApplicationAdminMXBeanRegistrar$SpringApplicationAdmin [] - Application shutdown requested.
2026-02-02 21:33:05.361 [RMI TCP Connection(11)-127.0.0.1] INFO  o.a.coyote.http11.Http11NioProtocol [] - Stopping ProtocolHandler ["http-nio-8080"]
2026-02-02 21:33:05.583 [RMI TCP Connection(11)-127.0.0.1] INFO  com.zaxxer.hikari.HikariDataSource [] - HikariPool-1 - Shutdown initiated...
2026-02-02 21:33:05.658 [RMI TCP Connection(11)-127.0.0.1] INFO  com.zaxxer.hikari.HikariDataSource [] - HikariPool-1 - Shutdown completed.
